<step title="BackgroundTrace" date="2025-12-18T10:37:28.042" instance="a6e48b" url="/api/zipdeploy" method="POST" >
  <step title="Cleanup Xml Logs" date="2025-12-18T10:37:28.042" /><!-- duration: 0ms -->
  <step title="Updating shutdown sentinel last write time" date="2025-12-18T10:37:28.058" SemaphoreCount="7" /><!-- duration: 16ms -->
  <step title="LockFile &apos;C:\home\site\locks\deployments.lock&apos; acquired" date="2025-12-18T10:37:28.073" /><!-- duration: 0ms -->
  <step title="Creating temporary deployment" date="2025-12-18T10:37:28.089" /><!-- duration: 31ms -->
  <step title="Performing fetch based deployment" date="2025-12-18T10:37:28.136" >
    <step title="Fetching changes." date="2025-12-18T10:37:28.198" /><!-- duration: 0ms -->
    <step title="Starting LocalZipHandler" date="2025-12-18T10:37:28.214" /><!-- duration: 0ms -->
    <step title="Cleaning up temp folders from previous zip deployments and extracting pushed zip file C:\local\Temp\zipdeploy\3jwfeish.zip (11.91 MB) to C:\local\Temp\zipdeploy\extracted" date="2025-12-18T10:37:28.245" /><!-- duration: 0ms -->
    <step title="Cleaning up temp folders from previous zip deployments and extracting pushed zip file C:\local\Temp\zipdeploy\3jwfeish.zip (11.91 MB) to C:\local\Temp\zipdeploy\extracted" date="2025-12-18T10:37:28.261" >
      <step title="Renaming extractTargetDirectory(C:\local\Temp\zipdeploy\extracted) to tempDirectory(C:\local\Temp\zipdeploy\n34uvwgh.qic)" date="2025-12-18T10:37:28.261" /><!-- duration: 0ms -->
      <step title="Extracting 107 entries to C:\local\Temp\zipdeploy\extracted directory" date="2025-12-18T10:37:28.277" >
        <step title="Extracting to C:\local\Temp\zipdeploy\extracted\runtimes\unix\lib\net6.0\Microsoft.Data.SqlClient.dll ..." date="2025-12-18T10:37:28.292" /><!-- duration: 31ms -->
        <step title="Extracting to C:\local\Temp\zipdeploy\extracted\runtimes\unix\lib\net6.0\System.Drawing.Common.dll ..." date="2025-12-18T10:37:28.323" /><!-- duration: 16ms -->
        <step title="Extracting to C:\local\Temp\zipdeploy\extracted\runtimes\win\lib\net6.0\Microsoft.Data.SqlClient.dll ..." date="2025-12-18T10:37:28.355" /><!-- duration: 16ms -->
        <step title="Extracting to C:\local\Temp\zipdeploy\extracted\runtimes\win\lib\net6.0\Microsoft.Win32.SystemEvents.dll ..." date="2025-12-18T10:37:28.386" /><!-- duration: 0ms -->
        <step title="Extracting to C:\local\Temp\zipdeploy\extracted\runtimes\win\lib\net6.0\System.Drawing.Common.dll ..." date="2025-12-18T10:37:28.386" /><!-- duration: 16ms -->
        <step title="Omitting extracting file traces ..." date="2025-12-18T10:37:28.402" /><!-- duration: 0ms -->
      </step><!-- duration: 531ms -->
    </step><!-- duration: 563ms -->
    <step title="Before sending BuildRequestReceived status to /api/updatedeploystatus" date="2025-12-18T10:37:28.823" /><!-- duration: 0ms -->
    <step title="DeploymentManager.Deploy(id:6954cc4db7e740399419d891623cfb1b)" date="2025-12-18T10:37:28.839" >
      <step title="Collecting changeset information" date="2025-12-18T10:37:28.855" /><!-- duration: 31ms -->
      <step title="Updating submodules" date="2025-12-18T10:37:28.886" >
        <step title="Updating submodules." date="2025-12-18T10:37:28.933" /><!-- duration: 0ms -->
      </step><!-- duration: 47ms -->
      <step title="Preparing deployment for commit id &apos;6954cc4db7&apos;." date="2025-12-18T10:37:28.980" /><!-- duration: 0ms -->
      <step title="Determining deployment builder" date="2025-12-18T10:37:29.011" >
        <step title="Builder is BasicBuilder" date="2025-12-18T10:37:29.011" /><!-- duration: 16ms -->
      </step><!-- duration: 16ms -->
      <step title="Copying SSH keys" date="2025-12-18T10:37:29.042" /><!-- duration: 16ms -->
      <step title="Building" date="2025-12-18T10:37:29.058" >
        <step title="Generating deployment script." date="2025-12-18T10:37:29.089" /><!-- duration: 0ms -->
        <step title="Generating deployment script" date="2025-12-18T10:37:29.105" >
          <step title="Using cached version of the deployment script for command: -y --no-dot-deployment -r &quot;C:\local\Temp\zipdeploy\extracted&quot; -o &quot;C:\home\site\deployments\tools&quot; --basic --sitePath &quot;C:\local\Temp\zipdeploy\extracted&quot;" date="2025-12-18T10:37:29.120" /><!-- duration: 0ms -->
          <step title="Using cached version of deployment script (command: &apos;azure -y --no-dot-deployment -r &quot;C:\local\Temp\zipdeploy\extracted&quot; -o &quot;C:\home\site\deployments\tools&quot; --basic --sitePath &quot;C:\local\Temp\zipdeploy\extracted&quot;&apos;)." date="2025-12-18T10:37:29.136" /><!-- duration: 0ms -->
        </step><!-- duration: 31ms -->
        <step title="Running deployment command..." date="2025-12-18T10:37:29.167" /><!-- duration: 16ms -->
        <step title="Command: &quot;C:\home\site\deployments\tools\deploy.cmd&quot;" date="2025-12-18T10:37:29.198" /><!-- duration: 0ms -->
        <step title="Executing external process" date="2025-12-18T10:37:29.198" type="process" path="starter.cmd" arguments="&quot;C:\home\site\deployments\tools\deploy.cmd&quot;" >
          <step title="Handling Basic Web Site deployment." date="2025-12-18T10:37:29.355" /><!-- duration: 0ms -->
          <step title="Creating app_offline.htm" date="2025-12-18T10:37:31.995" /><!-- duration: 0ms -->
          <step title="KuduSync.NET from: &apos;C:\local\Temp\zipdeploy\extracted&apos; to: &apos;C:\home\site\wwwroot&apos;" date="2025-12-18T10:37:32.011" /><!-- duration: 0ms -->
          <step title="Copying file: &apos;SchoolAiChatbotBackend.dll&apos;" date="2025-12-18T10:37:32.011" /><!-- duration: 16ms -->
          <step title="Copying file: &apos;SchoolAiChatbotBackend.exe&apos;" date="2025-12-18T10:37:32.042" /><!-- duration: 0ms -->
          <step title="Copying file: &apos;SchoolAiChatbotBackend.pdb&apos;" date="2025-12-18T10:37:32.058" /><!-- duration: 0ms -->
          <step title="Deleting app_offline.htm" date="2025-12-18T10:37:32.074" /><!-- duration: 0ms -->
          <step title="Finished successfully." date="2025-12-18T10:37:32.089" /><!-- duration: 0ms -->
        </step><!-- duration: 2891ms -->
        <step title="Running post deployment command(s)..." date="2025-12-18T10:37:32.136" /><!-- duration: 0ms -->
        <step title="Triggering recycle (preview mode disabled)." date="2025-12-18T10:37:32.199" /><!-- duration: 0ms -->
        <step title="Ignoring FS watcher based recycle request as this is a classic Windows app." date="2025-12-18T10:37:32.199" /><!-- duration: 16ms -->
        <step title="Deployment successful. DEPLOYMENTINFO: deploymentPath = ZipDeploy. Extract zip. , deployer = ZipDeploy, os = windows, sku = Free, siteName = smartstudy-api, siteHostName = smartstudy-api-athtbtapcvdjesbe.centralindia-01.azurewebsites.net, deploymentStatus = Success" date="2025-12-18T10:37:32.245" /><!-- duration: 0ms -->
        <step title="Purge deployment items" date="2025-12-18T10:37:32.386" >
          <step title="Remove ba40fc9e0, Success, received at 12/17/2025 9:57:04 PM" date="2025-12-18T10:37:32.464" /><!-- duration: 0ms -->
        </step><!-- duration: 94ms -->
      </step><!-- duration: 3438ms -->
    </step><!-- duration: 3672ms -->
    <step title="Cleaning up temp files" date="2025-12-18T10:37:32.511" /><!-- duration: 0ms -->
    <step title="Skip function trigger and logicapp sync because function is not enabled." date="2025-12-18T10:37:32.527" /><!-- duration: 0ms -->
  </step><!-- duration: 4422ms -->
  <step title="LockFile &apos;C:\home\site\locks\deployments.lock&apos; released" date="2025-12-18T10:37:32.574" /><!-- duration: 0ms -->
  <step title="Deleting shutdown sentinel file" date="2025-12-18T10:37:32.574" SemaphoreCount="8" /><!-- duration: 16ms -->
</step><!-- duration: 4547ms -->
