<step title="BackgroundTrace" date="2025-12-17T22:20:40.675" instance="a6e48b" url="/api/zipdeploy" method="POST" >
  <step title="Cleanup Xml Logs" date="2025-12-17T22:20:40.675" >
    <step title="Cleanup Infos" date="2025-12-17T22:20:40.675" totalFiles="200" totalCleanup="40" /><!-- duration: 313ms -->
  </step><!-- duration: 328ms -->
  <step title="Updating shutdown sentinel last write time" date="2025-12-17T22:20:41.019" SemaphoreCount="7" /><!-- duration: 0ms -->
  <step title="LockFile &apos;C:\home\site\locks\deployments.lock&apos; acquired" date="2025-12-17T22:20:41.035" /><!-- duration: 0ms -->
  <step title="Creating temporary deployment" date="2025-12-17T22:20:41.050" /><!-- duration: 16ms -->
  <step title="Performing fetch based deployment" date="2025-12-17T22:20:41.066" >
    <step title="Fetching changes." date="2025-12-17T22:20:41.113" /><!-- duration: 0ms -->
    <step title="Starting LocalZipHandler" date="2025-12-17T22:20:41.113" /><!-- duration: 0ms -->
    <step title="Cleaning up temp folders from previous zip deployments and extracting pushed zip file C:\local\Temp\zipdeploy\ncq50cfj.zip (11.91 MB) to C:\local\Temp\zipdeploy\extracted" date="2025-12-17T22:20:41.144" /><!-- duration: 0ms -->
    <step title="Cleaning up temp folders from previous zip deployments and extracting pushed zip file C:\local\Temp\zipdeploy\ncq50cfj.zip (11.91 MB) to C:\local\Temp\zipdeploy\extracted" date="2025-12-17T22:20:41.160" >
      <step title="Renaming extractTargetDirectory(C:\local\Temp\zipdeploy\extracted) to tempDirectory(C:\local\Temp\zipdeploy\2ogjcrlt.qwp)" date="2025-12-17T22:20:41.160" /><!-- duration: 0ms -->
      <step title="Extracting 107 entries to C:\local\Temp\zipdeploy\extracted directory" date="2025-12-17T22:20:41.175" >
        <step title="Extracting to C:\local\Temp\zipdeploy\extracted\runtimes\unix\lib\net6.0\Microsoft.Data.SqlClient.dll ..." date="2025-12-17T22:20:41.175" /><!-- duration: 16ms -->
        <step title="Extracting to C:\local\Temp\zipdeploy\extracted\runtimes\unix\lib\net6.0\System.Drawing.Common.dll ..." date="2025-12-17T22:20:41.191" /><!-- duration: 16ms -->
        <step title="Extracting to C:\local\Temp\zipdeploy\extracted\runtimes\win\lib\net6.0\Microsoft.Data.SqlClient.dll ..." date="2025-12-17T22:20:41.207" /><!-- duration: 31ms -->
        <step title="Extracting to C:\local\Temp\zipdeploy\extracted\runtimes\win\lib\net6.0\Microsoft.Win32.SystemEvents.dll ..." date="2025-12-17T22:20:41.238" /><!-- duration: 0ms -->
        <step title="Extracting to C:\local\Temp\zipdeploy\extracted\runtimes\win\lib\net6.0\System.Drawing.Common.dll ..." date="2025-12-17T22:20:41.253" /><!-- duration: 16ms -->
        <step title="Omitting extracting file traces ..." date="2025-12-17T22:20:41.269" /><!-- duration: 0ms -->
      </step><!-- duration: 484ms -->
    </step><!-- duration: 500ms -->
    <step title="Before sending BuildRequestReceived status to /api/updatedeploystatus" date="2025-12-17T22:20:41.660" /><!-- duration: 16ms -->
    <step title="DeploymentManager.Deploy(id:9669139c5d3a44539aa4198a4c21616e)" date="2025-12-17T22:20:41.675" >
      <step title="Collecting changeset information" date="2025-12-17T22:20:41.675" /><!-- duration: 47ms -->
      <step title="Updating submodules" date="2025-12-17T22:20:41.738" >
        <step title="Updating submodules." date="2025-12-17T22:20:41.769" /><!-- duration: 0ms -->
      </step><!-- duration: 47ms -->
      <step title="Preparing deployment for commit id &apos;9669139c5d&apos;." date="2025-12-17T22:20:41.816" /><!-- duration: 0ms -->
      <step title="Determining deployment builder" date="2025-12-17T22:20:41.847" >
        <step title="Builder is BasicBuilder" date="2025-12-17T22:20:41.847" /><!-- duration: 16ms -->
      </step><!-- duration: 16ms -->
      <step title="Copying SSH keys" date="2025-12-17T22:20:41.878" /><!-- duration: 0ms -->
      <step title="Building" date="2025-12-17T22:20:41.894" >
        <step title="Generating deployment script." date="2025-12-17T22:20:41.925" /><!-- duration: 0ms -->
        <step title="Generating deployment script" date="2025-12-17T22:20:41.925" >
          <step title="Using cached version of the deployment script for command: -y --no-dot-deployment -r &quot;C:\local\Temp\zipdeploy\extracted&quot; -o &quot;C:\home\site\deployments\tools&quot; --basic --sitePath &quot;C:\local\Temp\zipdeploy\extracted&quot;" date="2025-12-17T22:20:41.941" /><!-- duration: 0ms -->
          <step title="Using cached version of deployment script (command: &apos;azure -y --no-dot-deployment -r &quot;C:\local\Temp\zipdeploy\extracted&quot; -o &quot;C:\home\site\deployments\tools&quot; --basic --sitePath &quot;C:\local\Temp\zipdeploy\extracted&quot;&apos;)." date="2025-12-17T22:20:41.957" /><!-- duration: 0ms -->
        </step><!-- duration: 31ms -->
        <step title="Running deployment command..." date="2025-12-17T22:20:42.003" /><!-- duration: 0ms -->
        <step title="Command: &quot;C:\home\site\deployments\tools\deploy.cmd&quot;" date="2025-12-17T22:20:42.019" /><!-- duration: 0ms -->
        <step title="Executing external process" date="2025-12-17T22:20:42.035" type="process" path="starter.cmd" arguments="&quot;C:\home\site\deployments\tools\deploy.cmd&quot;" >
          <step title="Handling Basic Web Site deployment." date="2025-12-17T22:20:42.144" /><!-- duration: 16ms -->
          <step title="Creating app_offline.htm" date="2025-12-17T22:20:44.754" /><!-- duration: 16ms -->
          <step title="KuduSync.NET from: &apos;C:\local\Temp\zipdeploy\extracted&apos; to: &apos;C:\home\site\wwwroot&apos;" date="2025-12-17T22:20:44.769" /><!-- duration: 16ms -->
          <step title="Copying file: &apos;SchoolAiChatbotBackend.dll&apos;" date="2025-12-17T22:20:44.785" /><!-- duration: 16ms -->
          <step title="Copying file: &apos;SchoolAiChatbotBackend.exe&apos;" date="2025-12-17T22:20:44.800" /><!-- duration: 0ms -->
          <step title="Copying file: &apos;SchoolAiChatbotBackend.pdb&apos;" date="2025-12-17T22:20:44.816" /><!-- duration: 0ms -->
          <step title="Deleting app_offline.htm" date="2025-12-17T22:20:44.832" /><!-- duration: 0ms -->
          <step title="Finished successfully." date="2025-12-17T22:20:44.832" /><!-- duration: 16ms -->
        </step><!-- duration: 2813ms -->
        <step title="Running post deployment command(s)..." date="2025-12-17T22:20:44.879" /><!-- duration: 16ms -->
        <step title="Triggering recycle (preview mode disabled)." date="2025-12-17T22:20:44.925" /><!-- duration: 0ms -->
        <step title="Ignoring FS watcher based recycle request as this is a classic Windows app." date="2025-12-17T22:20:44.925" /><!-- duration: 16ms -->
        <step title="Deployment successful. DEPLOYMENTINFO: deploymentPath = ZipDeploy. Extract zip. , deployer = ZipDeploy, os = windows, sku = Free, siteName = smartstudy-api, siteHostName = smartstudy-api-athtbtapcvdjesbe.centralindia-01.azurewebsites.net, deploymentStatus = Success" date="2025-12-17T22:20:44.972" /><!-- duration: 0ms -->
        <step title="Purge deployment items" date="2025-12-17T22:20:45.050" >
          <step title="Remove be8ee14b6, Success, received at 12/17/2025 12:38:41 PM" date="2025-12-17T22:20:45.097" /><!-- duration: 0ms -->
        </step><!-- duration: 63ms -->
      </step><!-- duration: 3234ms -->
    </step><!-- duration: 3469ms -->
    <step title="Cleaning up temp files" date="2025-12-17T22:20:45.144" /><!-- duration: 0ms -->
    <step title="Skip function trigger and logicapp sync because function is not enabled." date="2025-12-17T22:20:45.160" /><!-- duration: 0ms -->
  </step><!-- duration: 4125ms -->
  <step title="LockFile &apos;C:\home\site\locks\deployments.lock&apos; released" date="2025-12-17T22:20:45.207" /><!-- duration: 0ms -->
  <step title="Deleting shutdown sentinel file" date="2025-12-17T22:20:45.207" SemaphoreCount="8" /><!-- duration: 16ms -->
</step><!-- duration: 4547ms -->
