<step title="Incoming Request" date="2025-12-18T09:19:00.467" instance="a6e48b" url="/api/zipdeploy?isAsync=true" method="POST" type="request" pid="11084,2,11" Cache-Control="no-cache" Content-Length="12485547" Content-Type="application/octet-stream" Accept="*/*" Accept-Encoding="gzip, deflate" Authorization="Bea..." Host="smartstudy-api-athtbtapcvdjesbe.scm.centralindia-01.azurewebsites.net" User-Agent="AZURECLI/2.80.0 (MSI)" x-ms-client-request-id="91d960bb-dbf2-11f0-8ed5-7404f1536f46" X-ARR-LOG-ID="91d960bb-dbf2-11f0-8ed5-7404f1536f46" CLIENT-IP="38.254.185.42:55789" X-SITE-DEPLOYMENT-ID="smartstudy-api" WAS-DEFAULT-HOSTNAME="smartstudy-api-athtbtapcvdjesbe.scm.centralindia-01.azurewebsites.net" X-Forwarded-Proto="https" X-AppService-Proto="https" X-Forwarded-TlsVersion="1.3" X-WAWS-Unencoded-URL="/api/zipdeploy?isAsync=true" >
  <step title="ZipPushDeploy" date="2025-12-18T09:19:00.717" >
    <step title="ZipDeploy. Extract zip. " date="2025-12-18T09:19:00.733" /><!-- duration: 16ms -->
    <step title="Starting PushDeployAsync" date="2025-12-18T09:19:00.748" /><!-- duration: 0ms -->
    <step title="Updating shutdown sentinel last write time" date="2025-12-18T09:19:00.795" SemaphoreCount="7" /><!-- duration: 0ms -->
    <step title="LockFile &apos;C:\home\site\locks\deployments.lock&apos; acquired" date="2025-12-18T09:19:00.795" /><!-- duration: 0ms -->
    <step title="Saving request content to C:\local\Temp\zipdeploy\rbclrcdk.zip" date="2025-12-18T09:19:00.811" >
      <step title="Total 12,485,547 bytes written to C:\local\Temp\zipdeploy\rbclrcdk.zip" date="2025-12-18T09:19:09.967" /><!-- duration: 0ms -->
    </step><!-- duration: 9157ms -->
    <step title="LockFile &apos;C:\home\site\locks\deployments.lock&apos; released" date="2025-12-18T09:19:09.983" /><!-- duration: 0ms -->
    <step title="Deleting shutdown sentinel file" date="2025-12-18T09:19:09.999" SemaphoreCount="8" /><!-- duration: 0ms -->
    <step title="Starting FetchDeploy" date="2025-12-18T09:19:10.014" /><!-- duration: 0ms -->
    <step title="Start deployment in the background" date="2025-12-18T09:19:10.014" /><!-- duration: 94ms -->
  </step><!-- duration: 9407ms -->
  <step title="Outgoing response" date="2025-12-18T09:19:10.155" type="response" statusCode="202" statusText="Accepted" Server="Microsoft-IIS/10.0" x-ms-request-id="91d960bb-dbf2-11f0-8ed5-7404f1536f46" Retry-After="30" Cache-Control="private" X-AspNet-Version="4.0.30319" Location="https://smartstudy-api-athtbtapcvdjesbe.scm.centralindia-01.azurewebsites.net/api/deployments/latest?deployer=ZipDeploy&amp;time=2025-12-18_09-19-10Z" /><!-- duration: 0ms -->
</step><!-- duration: 9688ms -->
