<step title="Incoming Request" date="2025-12-17T22:29:04.921" instance="a6e48b" url="/api/zipdeploy?isAsync=true" method="POST" type="request" pid="10056,2,39" Cache-Control="no-cache" Content-Length="12484878" Content-Type="application/octet-stream" Accept="*/*" Accept-Encoding="gzip, deflate" Authorization="Bea..." Host="smartstudy-api-athtbtapcvdjesbe.scm.centralindia-01.azurewebsites.net" User-Agent="AZURECLI/2.80.0 (MSI)" x-ms-client-request-id="c84c7763-db97-11f0-b1a4-7404f1536f46" X-ARR-LOG-ID="c84c7763-db97-11f0-b1a4-7404f1536f46" CLIENT-IP="27.63.240.60:58669" X-SITE-DEPLOYMENT-ID="smartstudy-api" WAS-DEFAULT-HOSTNAME="smartstudy-api-athtbtapcvdjesbe.scm.centralindia-01.azurewebsites.net" X-Forwarded-Proto="https" X-AppService-Proto="https" X-Forwarded-TlsVersion="1.3" X-WAWS-Unencoded-URL="/api/zipdeploy?isAsync=true" >
  <step title="Cleanup Xml Logs" date="2025-12-17T22:29:04.921" /><!-- duration: 16ms -->
  <step title="ZipPushDeploy" date="2025-12-17T22:29:05.031" >
    <step title="ZipDeploy. Extract zip. " date="2025-12-17T22:29:05.046" /><!-- duration: 0ms -->
    <step title="Starting PushDeployAsync" date="2025-12-17T22:29:05.046" /><!-- duration: 0ms -->
    <step title="Updating shutdown sentinel last write time" date="2025-12-17T22:29:05.062" SemaphoreCount="7" /><!-- duration: 0ms -->
    <step title="LockFile &apos;C:\home\site\locks\deployments.lock&apos; acquired" date="2025-12-17T22:29:05.077" /><!-- duration: 0ms -->
    <step title="Saving request content to C:\local\Temp\zipdeploy\5dwiidvh.zip" date="2025-12-17T22:29:05.077" >
      <step title="Total 12,484,878 bytes written to C:\local\Temp\zipdeploy\5dwiidvh.zip" date="2025-12-17T22:29:20.187" /><!-- duration: 0ms -->
    </step><!-- duration: 15126ms -->
    <step title="LockFile &apos;C:\home\site\locks\deployments.lock&apos; released" date="2025-12-17T22:29:20.203" /><!-- duration: 0ms -->
    <step title="Deleting shutdown sentinel file" date="2025-12-17T22:29:20.219" SemaphoreCount="8" /><!-- duration: 0ms -->
    <step title="Starting FetchDeploy" date="2025-12-17T22:29:20.219" /><!-- duration: 16ms -->
    <step title="Start deployment in the background" date="2025-12-17T22:29:20.234" /><!-- duration: 63ms -->
  </step><!-- duration: 15282ms -->
  <step title="Outgoing response" date="2025-12-17T22:29:20.312" type="response" statusCode="202" statusText="Accepted" Server="Microsoft-IIS/10.0" x-ms-request-id="c84c7763-db97-11f0-b1a4-7404f1536f46" Retry-After="30" Cache-Control="private" X-AspNet-Version="4.0.30319" Location="https://smartstudy-api-athtbtapcvdjesbe.scm.centralindia-01.azurewebsites.net/api/deployments/latest?deployer=ZipDeploy&amp;time=2025-12-17_22-29-20Z" /><!-- duration: 0ms -->
</step><!-- duration: 15407ms -->
