<step title="Incoming Request" date="2025-12-17T17:40:43.929" instance="a6e48b" url="/api/publish?type=zip" method="POST" type="request" pid="3164,2,14" Cache-Control="no-cache" Content-Length="12471002" Content-Type="application/octet-stream" Accept="*/*" Accept-Encoding="gzip, deflate" Authorization="Bea..." Host="smartstudy-api-athtbtapcvdjesbe.scm.centralindia-01.azurewebsites.net" User-Agent="AZURECLI/2.80.0 (MSI)" x-ms-client-request-id="7ce069da-db6f-11f0-a5ba-7404f1536f46" X-ARR-LOG-ID="7ce069da-db6f-11f0-a5ba-7404f1536f46" CLIENT-IP="38.254.185.243:59608" X-SITE-DEPLOYMENT-ID="smartstudy-api" WAS-DEFAULT-HOSTNAME="smartstudy-api-athtbtapcvdjesbe.scm.centralindia-01.azurewebsites.net" X-Forwarded-Proto="https" X-AppService-Proto="https" X-Forwarded-TlsVersion="1.3" X-WAWS-Unencoded-URL="/api/publish?type=zip" >
  <step title="Cleanup Xml Logs" date="2025-12-17T17:40:43.944" /><!-- duration: 0ms -->
  <step title="OneDeploy" date="2025-12-17T17:40:44.007" >
    <step title="Starting PushDeployAsync" date="2025-12-17T17:40:44.022" /><!-- duration: 0ms -->
    <step title="Updating shutdown sentinel last write time" date="2025-12-17T17:40:44.054" SemaphoreCount="7" /><!-- duration: 0ms -->
    <step title="LockFile &apos;C:\home\site\locks\deployments.lock&apos; acquired" date="2025-12-17T17:40:44.069" /><!-- duration: 16ms -->
    <step title="Saving request content to C:\local\Temp\zipdeploy\fegefq0p.zip" date="2025-12-17T17:40:44.085" >
      <step title="Total 12,471,002 bytes written to C:\local\Temp\zipdeploy\fegefq0p.zip" date="2025-12-17T17:40:44.179" /><!-- duration: 0ms -->
    </step><!-- duration: 109ms -->
    <step title="LockFile &apos;C:\home\site\locks\deployments.lock&apos; released" date="2025-12-17T17:40:44.194" /><!-- duration: 0ms -->
    <step title="Deleting shutdown sentinel file" date="2025-12-17T17:40:44.210" SemaphoreCount="8" /><!-- duration: 0ms -->
    <step title="Starting FetchDeploy" date="2025-12-17T17:40:44.210" /><!-- duration: 16ms -->
    <step title="Attempting to fetch target branch HEAD" date="2025-12-17T17:40:44.225" /><!-- duration: 0ms -->
    <step title="Updating shutdown sentinel last write time" date="2025-12-17T17:40:44.241" SemaphoreCount="7" /><!-- duration: 0ms -->
    <step title="LockFile &apos;C:\home\site\locks\deployments.lock&apos; acquired" date="2025-12-17T17:40:44.257" /><!-- duration: 0ms -->
    <step title="Performing fetch based deployment" date="2025-12-17T17:40:44.257" >
      <step title="Creating temporary deployment" date="2025-12-17T17:40:44.272" /><!-- duration: 31ms -->
      <step title="Fetching changes." date="2025-12-17T17:40:44.366" /><!-- duration: 0ms -->
      <step title="Starting LocalZipHandler" date="2025-12-17T17:40:44.382" /><!-- duration: 0ms -->
      <step title="Starting LocalZipFetch" date="2025-12-17T17:40:44.397" /><!-- duration: 0ms -->
      <step title="Cleaning up temp folders from previous zip deployments and extracting pushed zip file C:\local\Temp\zipdeploy\fegefq0p.zip (11.89 MB) to C:\local\Temp\zipdeploy\extracted" date="2025-12-17T17:40:44.413" /><!-- duration: 0ms -->
      <step title="Cleaning up temp folders from previous zip deployments and extracting pushed zip file C:\local\Temp\zipdeploy\fegefq0p.zip (11.89 MB) to C:\local\Temp\zipdeploy\extracted" date="2025-12-17T17:40:44.413" >
        <step title="Extracting 107 entries to C:\local\Temp\zipdeploy\extracted directory" date="2025-12-17T17:40:44.429" >
          <step title="Extracting to C:\local\Temp\zipdeploy\extracted\runtimes\unix\lib\net6.0\Microsoft.Data.SqlClient.dll ..." date="2025-12-17T17:40:44.444" /><!-- duration: 31ms -->
          <step title="Extracting to C:\local\Temp\zipdeploy\extracted\runtimes\unix\lib\net6.0\System.Drawing.Common.dll ..." date="2025-12-17T17:40:44.475" /><!-- duration: 16ms -->
          <step title="Extracting to C:\local\Temp\zipdeploy\extracted\runtimes\win\lib\net6.0\Microsoft.Data.SqlClient.dll ..." date="2025-12-17T17:40:44.491" /><!-- duration: 16ms -->
          <step title="Extracting to C:\local\Temp\zipdeploy\extracted\runtimes\win\lib\net6.0\Microsoft.Win32.SystemEvents.dll ..." date="2025-12-17T17:40:44.507" /><!-- duration: 16ms -->
          <step title="Extracting to C:\local\Temp\zipdeploy\extracted\runtimes\win\lib\net6.0\System.Drawing.Common.dll ..." date="2025-12-17T17:40:44.522" /><!-- duration: 16ms -->
          <step title="Omitting extracting file traces ..." date="2025-12-17T17:40:44.554" /><!-- duration: 0ms -->
        </step><!-- duration: 515ms -->
      </step><!-- duration: 531ms -->
      <step title="None repository commit" date="2025-12-17T17:40:44.960" >
        <step title="Commit id: 1dbf679db049461f800129e6b35906d6" date="2025-12-17T17:40:44.960" Message="OneDeploy" AuthorName="N/A" AuthorEmail="N/A" /><!-- duration: 0ms -->
      </step><!-- duration: 0ms -->
      <step title="Before sending BuildRequestReceived status to /api/updatedeploystatus" date="2025-12-17T17:40:44.976" /><!-- duration: 0ms -->
      <step title="DeploymentManager.Deploy(id:1dbf679db049461f800129e6b35906d6)" date="2025-12-17T17:40:44.991" >
        <step title="Collecting changeset information" date="2025-12-17T17:40:45.007" /><!-- duration: 31ms -->
        <step title="Updating submodules" date="2025-12-17T17:40:45.038" >
          <step title="Updating submodules." date="2025-12-17T17:40:45.069" /><!-- duration: 16ms -->
        </step><!-- duration: 47ms -->
        <step title="Preparing deployment for commit id &apos;1dbf679db0&apos;." date="2025-12-17T17:40:45.132" /><!-- duration: 0ms -->
        <step title="Determining deployment builder" date="2025-12-17T17:40:45.163" >
          <step title="Builder is OneDeployBuilder" date="2025-12-17T17:40:45.179" /><!-- duration: 0ms -->
        </step><!-- duration: 16ms -->
        <step title="Copying SSH keys" date="2025-12-17T17:40:45.194" /><!-- duration: 16ms -->
        <step title="Building" date="2025-12-17T17:40:45.226" >
          <step title="Running build. Project type: OneDeploy" date="2025-12-17T17:40:45.257" /><!-- duration: 0ms -->
          <step title="Copying the manifest" date="2025-12-17T17:40:45.304" /><!-- duration: 0ms -->
          <step title="Clean deploying to C:\home\site\wwwroot" date="2025-12-17T17:40:45.366" /><!-- duration: 0ms -->
          <step title="Generating deployment script." date="2025-12-17T17:40:45.413" /><!-- duration: 0ms -->
          <step title="Generating deployment script" date="2025-12-17T17:40:45.413" >
            <step title="Using cached version of the deployment script for command: -y --no-dot-deployment -r &quot;C:\local\Temp\zipdeploy\extracted&quot; -o &quot;C:\home\site\deployments\tools&quot; --basic --sitePath &quot;C:\local\Temp\zipdeploy\extracted&quot;" date="2025-12-17T17:40:45.429" /><!-- duration: 16ms -->
            <step title="Using cached version of deployment script (command: &apos;azure -y --no-dot-deployment -r &quot;C:\local\Temp\zipdeploy\extracted&quot; -o &quot;C:\home\site\deployments\tools&quot; --basic --sitePath &quot;C:\local\Temp\zipdeploy\extracted&quot;&apos;)." date="2025-12-17T17:40:45.460" /><!-- duration: 16ms -->
          </step><!-- duration: 78ms -->
          <step title="Running deployment command..." date="2025-12-17T17:40:45.522" /><!-- duration: 0ms -->
          <step title="Command: &quot;C:\home\site\deployments\tools\deploy.cmd&quot;" date="2025-12-17T17:40:45.538" /><!-- duration: 0ms -->
          <step title="Executing external process" date="2025-12-17T17:40:45.554" type="process" path="starter.cmd" arguments="&quot;C:\home\site\deployments\tools\deploy.cmd&quot;" >
            <step title="Handling Basic Web Site deployment." date="2025-12-17T17:40:45.679" /><!-- duration: 16ms -->
            <step title="Creating app_offline.htm" date="2025-12-17T17:40:48.148" /><!-- duration: 0ms -->
            <step title="Error: Failed to change file that is currently being used &quot;C:\home\site\wwwroot\logs\app-20251217.log&quot;" date="2025-12-17T17:40:48.148" /><!-- duration: 16ms -->
            <step title="KuduSync.NET from: &apos;C:\local\Temp\zipdeploy\extracted&apos; to: &apos;C:\home\site\wwwroot&apos;" date="2025-12-17T17:40:48.163" /><!-- duration: 0ms -->
            <step title="Deleting file: &apos;logs\app-20251217.log&apos;" date="2025-12-17T17:40:48.179" /><!-- duration: 0ms -->
            <step title="Failed exitCode=1, command=&quot;kudusync&quot; -v 50 -x -f &quot;C:\local\Temp\zipdeploy\extracted&quot; -t &quot;C:\home\site\wwwroot&quot; -n &quot;C:\local\Temp\tmp48DA.tmp&quot; -p &quot;C:\local\Temp\tmp48DA.tmp&quot; -i &quot;.git;.hg;.deployment;deploy.cmd&quot;" date="2025-12-17T17:40:48.194" /><!-- duration: 16ms -->
            <step title="An error has occurred during web site deployment." date="2025-12-17T17:40:48.210" /><!-- duration: 0ms -->
            <step title="Process dump" date="2025-12-17T17:40:48.226" exitCode="255" type="processOutput" /><!-- duration: 0ms -->
          </step><!-- duration: 2688ms -->
          <step title="Error: Failed to change file that is currently being used &quot;C:\home\site\wwwroot\logs\app-20251217.log&quot;
C:\Program Files (x86)\SiteExtensions\Kudu\2025.11.1.1\bin\Scripts\starter.cmd &quot;C:\home\site\deployments\tools\deploy.cmd&quot; DEPLOYMENTINFO: deploymentPath = OneDeploy, deployer = OneDeploy, os = windows, sku = Free, siteName = smartstudy-api, siteHostName = smartstudy-api-athtbtapcvdjesbe.centralindia-01.azurewebsites.net, deploymentStatus = Error" date="2025-12-17T17:40:48.241" /><!-- duration: 0ms -->
          <step title="Error occurred" date="2025-12-17T17:40:48.257" type="error" text="Error: Failed to change file that is currently being used &quot;C:\home\site\wwwroot\logs\app-20251217.log&quot;
C:\Program Files (x86)\SiteExtensions\Kudu\2025.11.1.1\bin\Scripts\starter.cmd &quot;C:\home\site\deployments\tools\deploy.cmd&quot;" stackTrace="   at Kudu.Core.Infrastructure.Executable.ExecuteInternal(ITracer tracer, Func`2 onWriteOutput, Func`2 onWriteError, Encoding encoding, String arguments, Object[] args)
   at Kudu.Core.Infrastructure.Executable.ExecuteWithProgressWriter(ILogger logger, ITracer tracer, String arguments, Object[] args)
   at Kudu.Core.Deployment.Generator.ExternalCommandBuilder.RunCommand(DeploymentContext context, String command, Boolean ignoreManifest, String message)" /><!-- duration: 0ms -->
          <step title="Build completed succesfully." date="2025-12-17T17:40:48.304" /><!-- duration: 0ms -->
          <step title="Running post deployment command(s)..." date="2025-12-17T17:40:48.351" /><!-- duration: 0ms -->
          <step title="Requesting site restart" date="2025-12-17T17:40:48.397" /><!-- duration: 0ms -->
          <step title="Requesting site restart" date="2025-12-17T17:40:48.413" /><!-- duration: 0ms -->
          <step title="Requesting site restart. Attempt #1" date="2025-12-17T17:40:48.460" /><!-- duration: 0ms -->
          <step title="Requesting site restart. Attempt #1" date="2025-12-17T17:40:48.460" /><!-- duration: 16ms -->
          <step title="Successfully requested a restart. Attempt #1" date="2025-12-17T17:40:48.788" /><!-- duration: 0ms -->
          <step title="Successfully requested a restart. Attempt #1" date="2025-12-17T17:40:48.804" /><!-- duration: 0ms -->
          <step title="Deployment successful. DEPLOYMENTINFO: deploymentPath = OneDeploy, deployer = OneDeploy, os = windows, sku = Free, siteName = smartstudy-api, siteHostName = smartstudy-api-athtbtapcvdjesbe.centralindia-01.azurewebsites.net, deploymentStatus = Success" date="2025-12-17T17:40:48.835" /><!-- duration: 16ms -->
          <step title="Purge deployment items" date="2025-12-17T17:40:48.991" >
            <step title="Remove 58cbc3826, Success, received at 12/14/2025 12:50:27 PM" date="2025-12-17T17:40:49.038" /><!-- duration: 16ms -->
          </step><!-- duration: 63ms -->
        </step><!-- duration: 3844ms -->
      </step><!-- duration: 4094ms -->
      <step title="Cleaning up temp files" date="2025-12-17T17:40:49.085" /><!-- duration: 0ms -->
      <step title="Skip function trigger and logicapp sync because function is not enabled." date="2025-12-17T17:40:49.101" /><!-- duration: 0ms -->
    </step><!-- duration: 4891ms -->
    <step title="LockFile &apos;C:\home\site\locks\deployments.lock&apos; released" date="2025-12-17T17:40:49.148" /><!-- duration: 0ms -->
    <step title="Deleting shutdown sentinel file" date="2025-12-17T17:40:49.163" SemaphoreCount="8" /><!-- duration: 0ms -->
  </step><!-- duration: 5156ms -->
  <step title="Outgoing response" date="2025-12-17T17:40:49.179" type="response" statusCode="200" statusText="OK" Server="Microsoft-IIS/10.0" x-ms-request-id="7ce069da-db6f-11f0-a5ba-7404f1536f46" Cache-Control="private" X-AspNet-Version="4.0.30319" /><!-- duration: 0ms -->
</step><!-- duration: 5250ms -->
