<step title="Incoming Request" date="2025-12-18T08:38:50.542" instance="a6e48b" url="/api/zipdeploy?isAsync=true" method="POST" type="request" pid="19724,2,29" Cache-Control="no-cache" Content-Length="12484364" Content-Type="application/octet-stream" Accept="*/*" Accept-Encoding="gzip, deflate" Authorization="Bea..." Host="smartstudy-api-athtbtapcvdjesbe.scm.centralindia-01.azurewebsites.net" User-Agent="AZURECLI/2.80.0 (MSI)" x-ms-client-request-id="f67cd9c9-dbec-11f0-ac63-7404f1536f46" X-ARR-LOG-ID="f67cd9c9-dbec-11f0-ac63-7404f1536f46" CLIENT-IP="38.254.185.42:51460" X-SITE-DEPLOYMENT-ID="smartstudy-api" WAS-DEFAULT-HOSTNAME="smartstudy-api-athtbtapcvdjesbe.scm.centralindia-01.azurewebsites.net" X-Forwarded-Proto="https" X-AppService-Proto="https" X-Forwarded-TlsVersion="1.3" X-WAWS-Unencoded-URL="/api/zipdeploy?isAsync=true" >
  <step title="Cleanup Xml Logs" date="2025-12-18T08:38:50.557" /><!-- duration: 0ms -->
  <step title="ZipPushDeploy" date="2025-12-18T08:38:50.573" >
    <step title="ZipDeploy. Extract zip. " date="2025-12-18T08:38:50.573" /><!-- duration: 0ms -->
    <step title="Starting PushDeployAsync" date="2025-12-18T08:38:50.588" /><!-- duration: 0ms -->
    <step title="Updating shutdown sentinel last write time" date="2025-12-18T08:38:50.604" SemaphoreCount="7" /><!-- duration: 16ms -->
    <step title="LockFile &apos;C:\home\site\locks\deployments.lock&apos; acquired" date="2025-12-18T08:38:50.620" /><!-- duration: 16ms -->
    <step title="Saving request content to C:\local\Temp\zipdeploy\crwuz3h0.zip" date="2025-12-18T08:38:50.635" >
      <step title="Total 12,484,364 bytes written to C:\local\Temp\zipdeploy\crwuz3h0.zip" date="2025-12-18T08:38:53.526" /><!-- duration: 16ms -->
    </step><!-- duration: 2906ms -->
    <step title="LockFile &apos;C:\home\site\locks\deployments.lock&apos; released" date="2025-12-18T08:38:53.542" /><!-- duration: 16ms -->
    <step title="Deleting shutdown sentinel file" date="2025-12-18T08:38:53.557" SemaphoreCount="8" /><!-- duration: 16ms -->
    <step title="Starting FetchDeploy" date="2025-12-18T08:38:53.589" /><!-- duration: 0ms -->
    <step title="Start deployment in the background" date="2025-12-18T08:38:53.589" /><!-- duration: 47ms -->
  </step><!-- duration: 3078ms -->
  <step title="Outgoing response" date="2025-12-18T08:38:53.651" type="response" statusCode="202" statusText="Accepted" Server="Microsoft-IIS/10.0" x-ms-request-id="f67cd9c9-dbec-11f0-ac63-7404f1536f46" Retry-After="30" Cache-Control="private" X-AspNet-Version="4.0.30319" Location="https://smartstudy-api-athtbtapcvdjesbe.scm.centralindia-01.azurewebsites.net/api/deployments/latest?deployer=ZipDeploy&amp;time=2025-12-18_08-38-53Z" /><!-- duration: 0ms -->
</step><!-- duration: 3125ms -->
