<step title="Incoming Request" date="2025-12-14T12:57:27.341" instance="22a7da" url="/api/publish?async=true&amp;deployer=GITHUB_ONE_DEPLOY&amp;type=zip&amp;message=%7B%22type%22%3A%22deployment%22%2C%22sha%22%3A%2238d175f74794c8781b7301c448560ead27848182%22%2C%22repoName%22%3A%22sadabyakod%2Fschool-ai-chatbot%22%2C%22actor%22%3A%22sadabyakod%22%2C%22slotName%22%3A%22Production%22%2C%22commitMessage%22%3A%22Improve%20Upload%20page%20layout%20-%20proper%20spacing%20and%20section%20dividers%22%7D" method="POST" type="request" pid="10924,2,73" Transfer-Encoding="chunked" Content-Type="application/octet-stream" Authorization="Bea..." Cookie="ARRAffinity=22a7daa836b64a8ce56c907737553d08297ff2e76cd06a1f52c29956b9a85c17;Path=/;HttpOnly;Secure;Domain=smartstudy-api-athtbtapcvdjesbe.scm.centralindia-01.azurewebsites.net; ARRAffinitySameSite=22a7daa836b64a8ce56c907737553d08297ff2e76cd06a1f52c29956b9a85c17;Path=/;HttpOnly;SameSite=None;Secure;Domain=smartstudy-api-athtbtapcvdjesbe.scm.centralindia-01.azurewebsites.net" Host="smartstudy-api-athtbtapcvdjesbe.scm.centralindia-01.azurewebsites.net" User-Agent="GITHUBACTIONS_DeployWebAppToAzure_b38e683445ac2cccfa8cd358babf8f5a5158c9572d0969b43cb3c24e61907cfe" X-ARR-LOG-ID="957b7d5b-06ca-46ad-ba48-2cbe40dd5df7" CLIENT-IP="172.182.212.49:18440" X-SITE-DEPLOYMENT-ID="smartstudy-api" WAS-DEFAULT-HOSTNAME="smartstudy-api-athtbtapcvdjesbe.scm.centralindia-01.azurewebsites.net" X-Forwarded-Proto="https" X-AppService-Proto="https" X-Forwarded-TlsVersion="1.3" X-WAWS-Unencoded-URL="/api/publish?async=true&amp;deployer=GITHUB_ONE_DEPLOY&amp;type=zip&amp;message=%7B%22type%22%3A%22deployment%22%2C%22sha%22%3A%2238d175f74794c8781b7301c448560ead27848182%22%2C%22repoName%22%3A%22sadabyakod%2Fschool-ai-chatbot%22%2C%22actor%22%3A%22sadabyakod%22%2C%22slotName%22%3A%22Production%22%2C%22commitMessage%22%3A%22Improve%20Upload%20page%20layout%20-%20proper%20spacing%20and%20section%20dividers%22%7D" >
  <step title="OneDeploy" date="2025-12-14T12:57:27.810" >
    <step title="Starting PushDeployAsync" date="2025-12-14T12:57:27.825" /><!-- duration: 0ms -->
    <step title="Updating shutdown sentinel last write time" date="2025-12-14T12:57:27.825" SemaphoreCount="7" /><!-- duration: 16ms -->
    <step title="LockFile &apos;C:\home\site\locks\deployments.lock&apos; acquired" date="2025-12-14T12:57:27.841" /><!-- duration: 0ms -->
    <step title="Saving request content to C:\local\Temp\zipdeploy\rkg4u1tj.zip" date="2025-12-14T12:57:27.856" >
      <step title="Total 13,796,190 bytes written to C:\local\Temp\zipdeploy\rkg4u1tj.zip" date="2025-12-14T12:57:30.872" /><!-- duration: 0ms -->
    </step><!-- duration: 3016ms -->
    <step title="LockFile &apos;C:\home\site\locks\deployments.lock&apos; released" date="2025-12-14T12:57:30.888" /><!-- duration: 0ms -->
    <step title="Deleting shutdown sentinel file" date="2025-12-14T12:57:30.888" SemaphoreCount="8" /><!-- duration: 16ms -->
    <step title="Starting FetchDeploy" date="2025-12-14T12:57:30.903" /><!-- duration: 0ms -->
    <step title="Start deployment in the background" date="2025-12-14T12:57:30.919" /><!-- duration: 47ms -->
  </step><!-- duration: 3172ms -->
  <step title="Outgoing response" date="2025-12-14T12:57:30.982" type="response" statusCode="202" statusText="Accepted" Server="Microsoft-IIS/10.0" x-ms-request-id="957b7d5b-06ca-46ad-ba48-2cbe40dd5df7" Retry-After="30" Cache-Control="private" X-AspNet-Version="4.0.30319" Location="https://smartstudy-api-athtbtapcvdjesbe.scm.centralindia-01.azurewebsites.net/api/deployments/latest?deployer=OneDeploy&amp;time=2025-12-14_12-57-30Z" /><!-- duration: 0ms -->
</step><!-- duration: 3641ms -->
