<step title="Incoming Request" date="2025-12-17T22:20:24.534" instance="a6e48b" url="/api/zipdeploy?isAsync=true" method="POST" type="request" pid="10056,2,63" Cache-Control="no-cache" Content-Length="12484434" Content-Type="application/octet-stream" Accept="*/*" Accept-Encoding="gzip, deflate" Authorization="Bea..." Host="smartstudy-api-athtbtapcvdjesbe.scm.centralindia-01.azurewebsites.net" User-Agent="AZURECLI/2.80.0 (MSI)" x-ms-client-request-id="91c8ddc1-db96-11f0-902c-7404f1536f46" X-ARR-LOG-ID="91c8ddc1-db96-11f0-902c-7404f1536f46" CLIENT-IP="27.63.240.60:58313" X-SITE-DEPLOYMENT-ID="smartstudy-api" WAS-DEFAULT-HOSTNAME="smartstudy-api-athtbtapcvdjesbe.scm.centralindia-01.azurewebsites.net" X-Forwarded-Proto="https" X-AppService-Proto="https" X-Forwarded-TlsVersion="1.3" X-WAWS-Unencoded-URL="/api/zipdeploy?isAsync=true" >
  <step title="Cleanup Xml Logs" date="2025-12-17T22:20:24.550" /><!-- duration: 0ms -->
  <step title="ZipPushDeploy" date="2025-12-17T22:20:24.565" >
    <step title="ZipDeploy. Extract zip. " date="2025-12-17T22:20:24.565" /><!-- duration: 16ms -->
    <step title="Starting PushDeployAsync" date="2025-12-17T22:20:24.581" /><!-- duration: 0ms -->
    <step title="Updating shutdown sentinel last write time" date="2025-12-17T22:20:24.597" SemaphoreCount="7" /><!-- duration: 0ms -->
    <step title="LockFile &apos;C:\home\site\locks\deployments.lock&apos; acquired" date="2025-12-17T22:20:24.612" /><!-- duration: 0ms -->
    <step title="Saving request content to C:\local\Temp\zipdeploy\ncq50cfj.zip" date="2025-12-17T22:20:24.612" >
      <step title="Total 12,484,434 bytes written to C:\local\Temp\zipdeploy\ncq50cfj.zip" date="2025-12-17T22:20:40.613" /><!-- duration: 16ms -->
    </step><!-- duration: 16016ms -->
    <step title="LockFile &apos;C:\home\site\locks\deployments.lock&apos; released" date="2025-12-17T22:20:40.628" /><!-- duration: 0ms -->
    <step title="Deleting shutdown sentinel file" date="2025-12-17T22:20:40.644" SemaphoreCount="8" /><!-- duration: 16ms -->
    <step title="Starting FetchDeploy" date="2025-12-17T22:20:40.660" /><!-- duration: 0ms -->
    <step title="Start deployment in the background" date="2025-12-17T22:20:40.660" /><!-- duration: 406ms -->
  </step><!-- duration: 16516ms -->
  <step title="Outgoing response" date="2025-12-17T22:20:41.082" type="response" statusCode="202" statusText="Accepted" Server="Microsoft-IIS/10.0" x-ms-request-id="91c8ddc1-db96-11f0-902c-7404f1536f46" Retry-After="30" Cache-Control="private" X-AspNet-Version="4.0.30319" Location="https://smartstudy-api-athtbtapcvdjesbe.scm.centralindia-01.azurewebsites.net/api/deployments/latest?deployer=ZipDeploy&amp;time=2025-12-17_22-20-41Z" /><!-- duration: 0ms -->
</step><!-- duration: 16547ms -->
