<step title="BackgroundTrace" date="2025-12-14T12:32:55.169" instance="22a7da" url="/api/publish" method="POST" >
  <step title="Updating shutdown sentinel last write time" date="2025-12-14T12:32:55.185" SemaphoreCount="7" /><!-- duration: 0ms -->
  <step title="LockFile &apos;C:\home\site\locks\deployments.lock&apos; acquired" date="2025-12-14T12:32:55.200" /><!-- duration: 0ms -->
  <step title="Creating temporary deployment" date="2025-12-14T12:32:55.200" /><!-- duration: 47ms -->
  <step title="Performing fetch based deployment" date="2025-12-14T12:32:55.247" >
    <step title="Fetching changes." date="2025-12-14T12:32:55.310" /><!-- duration: 16ms -->
    <step title="Starting LocalZipHandler" date="2025-12-14T12:32:55.325" /><!-- duration: 16ms -->
    <step title="Cleaning up temp folders from previous zip deployments and extracting pushed zip file C:\local\Temp\zipdeploy\ifz05tyc.zip (13.16 MB) to C:\local\Temp\zipdeploy\extracted" date="2025-12-14T12:32:55.372" /><!-- duration: 0ms -->
    <step title="Cleaning up temp folders from previous zip deployments and extracting pushed zip file C:\local\Temp\zipdeploy\ifz05tyc.zip (13.16 MB) to C:\local\Temp\zipdeploy\extracted" date="2025-12-14T12:32:55.372" >
      <step title="Renaming extractTargetDirectory(C:\local\Temp\zipdeploy\extracted) to tempDirectory(C:\local\Temp\zipdeploy\mu0eqmbs.pv5)" date="2025-12-14T12:32:55.388" /><!-- duration: 0ms -->
      <step title="Extracting 115 entries to C:\local\Temp\zipdeploy\extracted directory" date="2025-12-14T12:32:55.404" >
        <step title="Extracting to C:\local\Temp\zipdeploy\extracted\appsettings.json ..." date="2025-12-14T12:32:55.404" /><!-- duration: 16ms -->
        <step title="Extracting to C:\local\Temp\zipdeploy\extracted\appsettings.template.json ..." date="2025-12-14T12:32:55.419" /><!-- duration: 16ms -->
        <step title="Extracting to C:\local\Temp\zipdeploy\extracted\Azure.Core.dll ..." date="2025-12-14T12:32:55.435" /><!-- duration: 16ms -->
        <step title="Extracting to C:\local\Temp\zipdeploy\extracted\Azure.Identity.dll ..." date="2025-12-14T12:32:55.450" /><!-- duration: 0ms -->
        <step title="Extracting to C:\local\Temp\zipdeploy\extracted\Azure.Storage.Blobs.dll ..." date="2025-12-14T12:32:55.466" /><!-- duration: 16ms -->
        <step title="Omitting extracting file traces ..." date="2025-12-14T12:32:55.482" /><!-- duration: 16ms -->
      </step><!-- duration: 547ms -->
    </step><!-- duration: 578ms -->
    <step title="Before sending BuildRequestReceived status to /api/updatedeploystatus" date="2025-12-14T12:32:55.966" /><!-- duration: 0ms -->
    <step title="DeploymentManager.Deploy(id:c76ca3b314c74e4babd37402e6a141bb)" date="2025-12-14T12:32:55.982" >
      <step title="Collecting changeset information" date="2025-12-14T12:32:55.982" /><!-- duration: 31ms -->
      <step title="Updating submodules" date="2025-12-14T12:32:56.029" >
        <step title="Updating submodules." date="2025-12-14T12:32:56.060" /><!-- duration: 0ms -->
      </step><!-- duration: 31ms -->
      <step title="Preparing deployment for commit id &apos;c76ca3b314&apos;." date="2025-12-14T12:32:56.107" /><!-- duration: 0ms -->
      <step title="Determining deployment builder" date="2025-12-14T12:32:56.138" >
        <step title="Builder is OneDeployBuilder" date="2025-12-14T12:32:56.154" /><!-- duration: 0ms -->
      </step><!-- duration: 16ms -->
      <step title="Copying SSH keys" date="2025-12-14T12:32:56.169" /><!-- duration: 16ms -->
      <step title="Building" date="2025-12-14T12:32:56.185" >
        <step title="Running build. Project type: OneDeploy" date="2025-12-14T12:32:56.216" /><!-- duration: 16ms -->
        <step title="Copying the manifest" date="2025-12-14T12:32:56.263" /><!-- duration: 0ms -->
        <step title="Clean deploying to C:\home\site\wwwroot" date="2025-12-14T12:32:56.310" /><!-- duration: 0ms -->
        <step title="Generating deployment script." date="2025-12-14T12:32:56.357" /><!-- duration: 16ms -->
        <step title="Generating deployment script" date="2025-12-14T12:32:56.372" >
          <step title="Using cached version of the deployment script for command: -y --no-dot-deployment -r &quot;C:\local\Temp\zipdeploy\extracted&quot; -o &quot;C:\home\site\deployments\tools&quot; --basic --sitePath &quot;C:\local\Temp\zipdeploy\extracted&quot;" date="2025-12-14T12:32:56.388" /><!-- duration: 0ms -->
          <step title="Using cached version of deployment script (command: &apos;azure -y --no-dot-deployment -r &quot;C:\local\Temp\zipdeploy\extracted&quot; -o &quot;C:\home\site\deployments\tools&quot; --basic --sitePath &quot;C:\local\Temp\zipdeploy\extracted&quot;&apos;)." date="2025-12-14T12:32:56.404" /><!-- duration: 16ms -->
        </step><!-- duration: 47ms -->
        <step title="Running deployment command..." date="2025-12-14T12:32:56.450" /><!-- duration: 16ms -->
        <step title="Command: &quot;C:\home\site\deployments\tools\deploy.cmd&quot;" date="2025-12-14T12:32:56.466" /><!-- duration: 0ms -->
        <step title="Executing external process" date="2025-12-14T12:32:56.482" type="process" path="starter.cmd" arguments="&quot;C:\home\site\deployments\tools\deploy.cmd&quot;" >
          <step title="Handling Basic Web Site deployment." date="2025-12-14T12:32:56.607" /><!-- duration: 0ms -->
          <step title="Creating app_offline.htm" date="2025-12-14T12:32:57.154" /><!-- duration: 16ms -->
          <step title="KuduSync.NET from: &apos;C:\local\Temp\zipdeploy\extracted&apos; to: &apos;C:\home\site\wwwroot&apos;" date="2025-12-14T12:32:57.185" /><!-- duration: 0ms -->
          <step title="Deleting file: &apos;logs\app-20251214.log&apos;" date="2025-12-14T12:32:57.201" /><!-- duration: 0ms -->
          <step title="Deleting file: &apos;logs\stdout_20251214121200_6688.log&apos;" date="2025-12-14T12:32:57.201" /><!-- duration: 16ms -->
          <step title="Deleting directory: &apos;logs&apos;" date="2025-12-14T12:32:57.216" /><!-- duration: 0ms -->
          <step title="Copying file: &apos;appsettings.json&apos;" date="2025-12-14T12:32:57.232" /><!-- duration: 16ms -->
          <step title="Copying file: &apos;appsettings.template.json&apos;" date="2025-12-14T12:32:57.247" /><!-- duration: 0ms -->
          <step title="Copying file: &apos;Azure.Core.dll&apos;" date="2025-12-14T12:32:57.263" /><!-- duration: 0ms -->
          <step title="Copying file: &apos;Azure.Identity.dll&apos;" date="2025-12-14T12:32:57.279" /><!-- duration: 0ms -->
          <step title="Copying file: &apos;Azure.Storage.Blobs.dll&apos;" date="2025-12-14T12:32:57.279" /><!-- duration: 16ms -->
          <step title="Copying file: &apos;Azure.Storage.Common.dll&apos;" date="2025-12-14T12:32:57.294" /><!-- duration: 16ms -->
          <step title="Copying file: &apos;Azure.Storage.Queues.dll&apos;" date="2025-12-14T12:32:57.310" /><!-- duration: 16ms -->
          <step title="Copying file: &apos;Google.Api.CommonProtos.dll&apos;" date="2025-12-14T12:32:57.341" /><!-- duration: 0ms -->
          <step title="Copying file: &apos;Google.Api.Gax.dll&apos;" date="2025-12-14T12:32:57.357" /><!-- duration: 0ms -->
          <step title="Copying file: &apos;Google.Api.Gax.Grpc.dll&apos;" date="2025-12-14T12:32:57.357" /><!-- duration: 16ms -->
          <step title="Copying file: &apos;Google.Apis.Auth.dll&apos;" date="2025-12-14T12:32:57.372" /><!-- duration: 0ms -->
          <step title="Copying file: &apos;Google.Apis.Core.dll&apos;" date="2025-12-14T12:32:57.388" /><!-- duration: 0ms -->
          <step title="Copying file: &apos;Google.Apis.dll&apos;" date="2025-12-14T12:32:57.404" /><!-- duration: 0ms -->
          <step title="Copying file: &apos;Google.Cloud.Vision.V1.dll&apos;" date="2025-12-14T12:32:57.404" /><!-- duration: 16ms -->
          <step title="Copying file: &apos;Google.LongRunning.dll&apos;" date="2025-12-14T12:32:57.419" /><!-- duration: 0ms -->
          <step title="Copying file: &apos;Google.Protobuf.dll&apos;" date="2025-12-14T12:32:57.435" /><!-- duration: 0ms -->
          <step title="Copying file: &apos;Grpc.Auth.dll&apos;" date="2025-12-14T12:32:57.451" /><!-- duration: 0ms -->
          <step title="Copying file: &apos;Grpc.Core.Api.dll&apos;" date="2025-12-14T12:32:57.451" /><!-- duration: 16ms -->
          <step title="Copying file: &apos;Grpc.Net.Client.dll&apos;" date="2025-12-14T12:32:57.466" /><!-- duration: 16ms -->
          <step title="Copying file: &apos;Grpc.Net.Common.dll&apos;" date="2025-12-14T12:32:57.482" /><!-- duration: 16ms -->
          <step title="Copying file: &apos;Microsoft.AspNetCore.Authentication.JwtBearer.dll&apos;" date="2025-12-14T12:32:57.497" /><!-- duration: 0ms -->
          <step title="Copying file: &apos;Microsoft.AspNetCore.OpenApi.dll&apos;" date="2025-12-14T12:32:57.513" /><!-- duration: 0ms -->
          <step title="Copying file: &apos;Microsoft.Bcl.AsyncInterfaces.dll&apos;" date="2025-12-14T12:32:57.529" /><!-- duration: 0ms -->
          <step title="Copying file: &apos;Microsoft.Data.SqlClient.dll&apos;" date="2025-12-14T12:32:57.529" /><!-- duration: 16ms -->
          <step title="Copying file: &apos;Microsoft.EntityFrameworkCore.Abstractions.dll&apos;" date="2025-12-14T12:32:57.544" /><!-- duration: 0ms -->
          <step title="Copying file: &apos;Microsoft.EntityFrameworkCore.dll&apos;" date="2025-12-14T12:32:57.560" /><!-- duration: 0ms -->
          <step title="Copying file: &apos;Microsoft.EntityFrameworkCore.InMemory.dll&apos;" date="2025-12-14T12:32:57.576" /><!-- duration: 16ms -->
          <step title="Copying file: &apos;Microsoft.EntityFrameworkCore.Relational.dll&apos;" date="2025-12-14T12:32:57.591" /><!-- duration: 0ms -->
          <step title="Copying file: &apos;Microsoft.EntityFrameworkCore.SqlServer.dll&apos;" date="2025-12-14T12:32:57.607" /><!-- duration: 0ms -->
          <step title="Copying file: &apos;Microsoft.Extensions.Caching.Memory.dll&apos;" date="2025-12-14T12:32:57.622" /><!-- duration: 0ms -->
          <step title="Copying file: &apos;Microsoft.Extensions.DependencyInjection.Abstractions.dll&apos;" date="2025-12-14T12:32:57.622" /><!-- duration: 16ms -->
          <step title="Copying file: &apos;Microsoft.Extensions.DependencyInjection.dll&apos;" date="2025-12-14T12:32:57.638" /><!-- duration: 0ms -->
          <step title="Copying file: &apos;Microsoft.Extensions.DependencyModel.dll&apos;" date="2025-12-14T12:32:57.654" /><!-- duration: 0ms -->
          <step title="Copying file: &apos;Microsoft.Extensions.Logging.Abstractions.dll&apos;" date="2025-12-14T12:32:57.669" /><!-- duration: 0ms -->
          <step title="Copying file: &apos;Microsoft.Extensions.Logging.dll&apos;" date="2025-12-14T12:32:57.685" /><!-- duration: 0ms -->
          <step title="Copying file: &apos;Microsoft.Extensions.Options.dll&apos;" date="2025-12-14T12:32:57.701" /><!-- duration: 0ms -->
          <step title="Copying file: &apos;Microsoft.Identity.Client.dll&apos;" date="2025-12-14T12:32:57.701" /><!-- duration: 16ms -->
          <step title="Copying file: &apos;Microsoft.Identity.Client.Extensions.Msal.dll&apos;" date="2025-12-14T12:32:57.716" /><!-- duration: 0ms -->
          <step title="Copying file: &apos;Microsoft.IdentityModel.Abstractions.dll&apos;" date="2025-12-14T12:32:57.732" /><!-- duration: 0ms -->
          <step title="Copying file: &apos;Microsoft.IdentityModel.JsonWebTokens.dll&apos;" date="2025-12-14T12:32:57.747" /><!-- duration: 0ms -->
          <step title="Copying file: &apos;Microsoft.IdentityModel.Logging.dll&apos;" date="2025-12-14T12:32:57.763" /><!-- duration: 0ms -->
          <step title="Copying file: &apos;Microsoft.IdentityModel.Protocols.dll&apos;" date="2025-12-14T12:32:57.763" /><!-- duration: 16ms -->
          <step title="Copying file: &apos;Microsoft.IdentityModel.Protocols.OpenIdConnect.dll&apos;" date="2025-12-14T12:32:57.779" /><!-- duration: 0ms -->
          <step title="Copying file: &apos;Microsoft.IdentityModel.Tokens.dll&apos;" date="2025-12-14T12:32:57.794" /><!-- duration: 0ms -->
          <step title="Copying file: &apos;Microsoft.OpenApi.dll&apos;" date="2025-12-14T12:32:57.810" /><!-- duration: 0ms -->
          <step title="Omitting next output lines..." date="2025-12-14T12:32:57.826" /><!-- duration: 0ms -->
          <step title="Finished successfully." date="2025-12-14T12:33:00.659" /><!-- duration: 16ms -->
        </step><!-- duration: 4192ms -->
        <step title="Build completed succesfully." date="2025-12-14T12:33:00.705" /><!-- duration: 0ms -->
        <step title="Running post deployment command(s)..." date="2025-12-14T12:33:00.737" /><!-- duration: 16ms -->
        <step title="Requesting site restart" date="2025-12-14T12:33:00.784" /><!-- duration: 16ms -->
        <step title="Requesting site restart" date="2025-12-14T12:33:00.799" /><!-- duration: 0ms -->
        <step title="Requesting site restart. Attempt #1" date="2025-12-14T12:33:00.846" /><!-- duration: 0ms -->
        <step title="Requesting site restart. Attempt #1" date="2025-12-14T12:33:00.846" /><!-- duration: 16ms -->
        <step title="Successfully requested a restart. Attempt #1" date="2025-12-14T12:33:01.174" /><!-- duration: 0ms -->
        <step title="Successfully requested a restart. Attempt #1" date="2025-12-14T12:33:01.174" /><!-- duration: 0ms -->
        <step title="Deployment successful. DEPLOYMENTINFO: deploymentPath = OneDeploy, deployer = OneDeploy, os = windows, sku = Free, siteName = smartstudy-api, siteHostName = smartstudy-api-athtbtapcvdjesbe.centralindia-01.azurewebsites.net, deploymentStatus = Success" date="2025-12-14T12:33:01.221" /><!-- duration: 0ms -->
        <step title="Purge deployment items" date="2025-12-14T12:33:01.299" >
          <step title="Remove 97acb5c03, Success, received at 12/13/2025 5:21:47 PM" date="2025-12-14T12:33:01.346" /><!-- duration: 0ms -->
        </step><!-- duration: 63ms -->
      </step><!-- duration: 5193ms -->
    </step><!-- duration: 5411ms -->
    <step title="Cleaning up temp files" date="2025-12-14T12:33:01.393" /><!-- duration: 16ms -->
    <step title="Skip function trigger and logicapp sync because function is not enabled." date="2025-12-14T12:33:01.409" /><!-- duration: 16ms -->
  </step><!-- duration: 6208ms -->
  <step title="LockFile &apos;C:\home\site\locks\deployments.lock&apos; released" date="2025-12-14T12:33:01.456" /><!-- duration: 0ms -->
  <step title="Deleting shutdown sentinel file" date="2025-12-14T12:33:01.471" SemaphoreCount="8" /><!-- duration: 0ms -->
</step><!-- duration: 6302ms -->
