<step title="BackgroundTrace" date="2025-12-17T22:14:55.914" instance="a6e48b" url="/api/zipdeploy" method="POST" >
  <step title="Cleanup Xml Logs" date="2025-12-17T22:14:55.914" /><!-- duration: 16ms -->
  <step title="Updating shutdown sentinel last write time" date="2025-12-17T22:14:55.945" SemaphoreCount="7" /><!-- duration: 0ms -->
  <step title="LockFile &apos;C:\home\site\locks\deployments.lock&apos; acquired" date="2025-12-17T22:14:55.945" /><!-- duration: 0ms -->
  <step title="Creating temporary deployment" date="2025-12-17T22:14:55.961" /><!-- duration: 16ms -->
  <step title="Performing fetch based deployment" date="2025-12-17T22:14:55.977" >
    <step title="Fetching changes." date="2025-12-17T22:14:56.039" /><!-- duration: 0ms -->
    <step title="Starting LocalZipHandler" date="2025-12-17T22:14:56.039" /><!-- duration: 0ms -->
    <step title="Cleaning up temp folders from previous zip deployments and extracting pushed zip file C:\local\Temp\zipdeploy\41fxw0ns.zip (11.91 MB) to C:\local\Temp\zipdeploy\extracted" date="2025-12-17T22:14:56.070" /><!-- duration: 0ms -->
    <step title="Cleaning up temp folders from previous zip deployments and extracting pushed zip file C:\local\Temp\zipdeploy\41fxw0ns.zip (11.91 MB) to C:\local\Temp\zipdeploy\extracted" date="2025-12-17T22:14:56.070" >
      <step title="Renaming extractTargetDirectory(C:\local\Temp\zipdeploy\extracted) to tempDirectory(C:\local\Temp\zipdeploy\5heglu3l.m35)" date="2025-12-17T22:14:56.086" /><!-- duration: 0ms -->
      <step title="Extracting 107 entries to C:\local\Temp\zipdeploy\extracted directory" date="2025-12-17T22:14:56.149" >
        <step title="Extracting to C:\local\Temp\zipdeploy\extracted\runtimes\unix\lib\net6.0\Microsoft.Data.SqlClient.dll ..." date="2025-12-17T22:14:56.149" /><!-- duration: 16ms -->
        <step title="Extracting to C:\local\Temp\zipdeploy\extracted\runtimes\unix\lib\net6.0\System.Drawing.Common.dll ..." date="2025-12-17T22:14:56.180" /><!-- duration: 16ms -->
        <step title="Extracting to C:\local\Temp\zipdeploy\extracted\runtimes\win\lib\net6.0\Microsoft.Data.SqlClient.dll ..." date="2025-12-17T22:14:56.195" /><!-- duration: 31ms -->
        <step title="Extracting to C:\local\Temp\zipdeploy\extracted\runtimes\win\lib\net6.0\Microsoft.Win32.SystemEvents.dll ..." date="2025-12-17T22:14:56.227" /><!-- duration: 0ms -->
        <step title="Extracting to C:\local\Temp\zipdeploy\extracted\runtimes\win\lib\net6.0\System.Drawing.Common.dll ..." date="2025-12-17T22:14:56.242" /><!-- duration: 0ms -->
        <step title="Omitting extracting file traces ..." date="2025-12-17T22:14:56.258" /><!-- duration: 0ms -->
      </step><!-- duration: 500ms -->
    </step><!-- duration: 578ms -->
    <step title="Before sending BuildRequestReceived status to /api/updatedeploystatus" date="2025-12-17T22:14:56.649" /><!-- duration: 16ms -->
    <step title="DeploymentManager.Deploy(id:e840cb08503b4402952adb67582bb191)" date="2025-12-17T22:14:56.664" >
      <step title="Collecting changeset information" date="2025-12-17T22:14:56.664" /><!-- duration: 47ms -->
      <step title="Updating submodules" date="2025-12-17T22:14:56.711" >
        <step title="Updating submodules." date="2025-12-17T22:14:56.758" /><!-- duration: 0ms -->
      </step><!-- duration: 47ms -->
      <step title="Preparing deployment for commit id &apos;e840cb0850&apos;." date="2025-12-17T22:14:56.789" /><!-- duration: 0ms -->
      <step title="Determining deployment builder" date="2025-12-17T22:14:56.820" >
        <step title="Builder is BasicBuilder" date="2025-12-17T22:14:56.836" /><!-- duration: 0ms -->
      </step><!-- duration: 16ms -->
      <step title="Copying SSH keys" date="2025-12-17T22:14:56.867" /><!-- duration: 0ms -->
      <step title="Building" date="2025-12-17T22:14:56.867" >
        <step title="Generating deployment script." date="2025-12-17T22:14:56.899" /><!-- duration: 0ms -->
        <step title="Generating deployment script" date="2025-12-17T22:14:56.914" >
          <step title="Using cached version of the deployment script for command: -y --no-dot-deployment -r &quot;C:\local\Temp\zipdeploy\extracted&quot; -o &quot;C:\home\site\deployments\tools&quot; --basic --sitePath &quot;C:\local\Temp\zipdeploy\extracted&quot;" date="2025-12-17T22:14:56.930" /><!-- duration: 0ms -->
          <step title="Using cached version of deployment script (command: &apos;azure -y --no-dot-deployment -r &quot;C:\local\Temp\zipdeploy\extracted&quot; -o &quot;C:\home\site\deployments\tools&quot; --basic --sitePath &quot;C:\local\Temp\zipdeploy\extracted&quot;&apos;)." date="2025-12-17T22:14:56.945" /><!-- duration: 0ms -->
        </step><!-- duration: 31ms -->
        <step title="Running deployment command..." date="2025-12-17T22:14:56.977" /><!-- duration: 16ms -->
        <step title="Command: &quot;C:\home\site\deployments\tools\deploy.cmd&quot;" date="2025-12-17T22:14:57.008" /><!-- duration: 0ms -->
        <step title="Executing external process" date="2025-12-17T22:14:57.008" type="process" path="starter.cmd" arguments="&quot;C:\home\site\deployments\tools\deploy.cmd&quot;" >
          <step title="Handling Basic Web Site deployment." date="2025-12-17T22:14:57.133" /><!-- duration: 16ms -->
          <step title="Creating app_offline.htm" date="2025-12-17T22:14:59.758" /><!-- duration: 16ms -->
          <step title="KuduSync.NET from: &apos;C:\local\Temp\zipdeploy\extracted&apos; to: &apos;C:\home\site\wwwroot&apos;" date="2025-12-17T22:14:59.774" /><!-- duration: 0ms -->
          <step title="Copying file: &apos;SchoolAiChatbotBackend.deps.json&apos;" date="2025-12-17T22:14:59.789" /><!-- duration: 0ms -->
          <step title="Copying file: &apos;SchoolAiChatbotBackend.dll&apos;" date="2025-12-17T22:14:59.805" /><!-- duration: 0ms -->
          <step title="Copying file: &apos;SchoolAiChatbotBackend.exe&apos;" date="2025-12-17T22:14:59.821" /><!-- duration: 0ms -->
          <step title="Copying file: &apos;SchoolAiChatbotBackend.pdb&apos;" date="2025-12-17T22:14:59.821" /><!-- duration: 16ms -->
          <step title="Copying file: &apos;SchoolAiChatbotBackend.runtimeconfig.json&apos;" date="2025-12-17T22:14:59.836" /><!-- duration: 0ms -->
          <step title="Deleting app_offline.htm" date="2025-12-17T22:14:59.852" /><!-- duration: 0ms -->
          <step title="Finished successfully." date="2025-12-17T22:14:59.867" /><!-- duration: 0ms -->
        </step><!-- duration: 2859ms -->
        <step title="Running post deployment command(s)..." date="2025-12-17T22:14:59.914" /><!-- duration: 0ms -->
        <step title="Triggering recycle (preview mode disabled)." date="2025-12-17T22:14:59.961" /><!-- duration: 0ms -->
        <step title="Ignoring FS watcher based recycle request as this is a classic Windows app." date="2025-12-17T22:14:59.961" /><!-- duration: 0ms -->
        <step title="Deployment successful. DEPLOYMENTINFO: deploymentPath = ZipDeploy. Extract zip. , deployer = ZipDeploy, os = windows, sku = Free, siteName = smartstudy-api, siteHostName = smartstudy-api-athtbtapcvdjesbe.centralindia-01.azurewebsites.net, deploymentStatus = Success" date="2025-12-17T22:15:00.008" /><!-- duration: 16ms -->
        <step title="Purge deployment items" date="2025-12-17T22:15:00.102" >
          <step title="Remove 352d06460, Success, received at 12/16/2025 1:35:01 PM" date="2025-12-17T22:15:00.149" /><!-- duration: 16ms -->
        </step><!-- duration: 63ms -->
      </step><!-- duration: 3313ms -->
    </step><!-- duration: 3531ms -->
    <step title="Cleaning up temp files" date="2025-12-17T22:15:00.211" /><!-- duration: 0ms -->
    <step title="Skip function trigger and logicapp sync because function is not enabled." date="2025-12-17T22:15:00.211" /><!-- duration: 16ms -->
  </step><!-- duration: 4281ms -->
  <step title="LockFile &apos;C:\home\site\locks\deployments.lock&apos; released" date="2025-12-17T22:15:00.258" /><!-- duration: 0ms -->
  <step title="Deleting shutdown sentinel file" date="2025-12-17T22:15:00.274" SemaphoreCount="8" /><!-- duration: 0ms -->
</step><!-- duration: 4359ms -->
