<step title="Incoming Request" date="2025-12-18T09:52:59.717" instance="a6e48b" url="/api/zipdeploy?isAsync=true" method="POST" type="request" pid="9240,2,8" Cache-Control="no-cache" Content-Length="12486163" Content-Type="application/octet-stream" Accept="*/*" Accept-Encoding="gzip, deflate" Authorization="Bea..." Host="smartstudy-api-athtbtapcvdjesbe.scm.centralindia-01.azurewebsites.net" User-Agent="AZURECLI/2.80.0 (MSI)" x-ms-client-request-id="519069e1-dbf7-11f0-afd2-7404f1536f46" X-ARR-LOG-ID="519069e1-dbf7-11f0-afd2-7404f1536f46" CLIENT-IP="38.254.185.42:53657" X-SITE-DEPLOYMENT-ID="smartstudy-api" WAS-DEFAULT-HOSTNAME="smartstudy-api-athtbtapcvdjesbe.scm.centralindia-01.azurewebsites.net" X-Forwarded-Proto="https" X-AppService-Proto="https" X-Forwarded-TlsVersion="1.3" X-WAWS-Unencoded-URL="/api/zipdeploy?isAsync=true" >
  <step title="ZipPushDeploy" date="2025-12-18T09:52:59.936" >
    <step title="ZipDeploy. Extract zip. " date="2025-12-18T09:52:59.952" /><!-- duration: 0ms -->
    <step title="Starting PushDeployAsync" date="2025-12-18T09:52:59.967" /><!-- duration: 0ms -->
    <step title="Updating shutdown sentinel last write time" date="2025-12-18T09:52:59.983" SemaphoreCount="7" /><!-- duration: 0ms -->
    <step title="LockFile &apos;C:\home\site\locks\deployments.lock&apos; acquired" date="2025-12-18T09:52:59.983" /><!-- duration: 16ms -->
    <step title="Saving request content to C:\local\Temp\zipdeploy\qq2tayuv.zip" date="2025-12-18T09:52:59.998" >
      <step title="Total 12,486,163 bytes written to C:\local\Temp\zipdeploy\qq2tayuv.zip" date="2025-12-18T09:53:16.281" /><!-- duration: 0ms -->
    </step><!-- duration: 16282ms -->
    <step title="LockFile &apos;C:\home\site\locks\deployments.lock&apos; released" date="2025-12-18T09:53:16.296" /><!-- duration: 0ms -->
    <step title="Deleting shutdown sentinel file" date="2025-12-18T09:53:16.312" SemaphoreCount="8" /><!-- duration: 0ms -->
    <step title="Starting FetchDeploy" date="2025-12-18T09:53:16.312" /><!-- duration: 0ms -->
    <step title="Start deployment in the background" date="2025-12-18T09:53:16.328" /><!-- duration: 78ms -->
  </step><!-- duration: 16485ms -->
  <step title="Outgoing response" date="2025-12-18T09:53:16.421" type="response" statusCode="202" statusText="Accepted" Server="Microsoft-IIS/10.0" x-ms-request-id="519069e1-dbf7-11f0-afd2-7404f1536f46" Retry-After="30" Cache-Control="private" X-AspNet-Version="4.0.30319" Location="https://smartstudy-api-athtbtapcvdjesbe.scm.centralindia-01.azurewebsites.net/api/deployments/latest?deployer=ZipDeploy&amp;time=2025-12-18_09-53-16Z" /><!-- duration: 16ms -->
</step><!-- duration: 16720ms -->
