<step title="Incoming Request" date="2025-12-17T18:46:47.609" instance="a6e48b" url="/api/publish?type=zip" method="POST" type="request" pid="3164,2,45" Cache-Control="no-cache" Content-Length="12476240" Content-Type="application/octet-stream" Accept="*/*" Accept-Encoding="gzip, deflate" Authorization="Bea..." Host="smartstudy-api-athtbtapcvdjesbe.scm.centralindia-01.azurewebsites.net" User-Agent="AZURECLI/2.80.0 (MSI)" x-ms-client-request-id="baaa37c6-db78-11f0-ae61-7404f1536f46" X-ARR-LOG-ID="baaa37c6-db78-11f0-ae61-7404f1536f46" CLIENT-IP="38.254.185.243:54428" X-SITE-DEPLOYMENT-ID="smartstudy-api" WAS-DEFAULT-HOSTNAME="smartstudy-api-athtbtapcvdjesbe.scm.centralindia-01.azurewebsites.net" X-Forwarded-Proto="https" X-AppService-Proto="https" X-Forwarded-TlsVersion="1.3" X-WAWS-Unencoded-URL="/api/publish?type=zip" >
  <step title="Cleanup Xml Logs" date="2025-12-17T18:46:47.609" /><!-- duration: 0ms -->
  <step title="OneDeploy" date="2025-12-17T18:46:47.624" >
    <step title="Starting PushDeployAsync" date="2025-12-17T18:46:47.640" /><!-- duration: 0ms -->
    <step title="Updating shutdown sentinel last write time" date="2025-12-17T18:46:47.671" SemaphoreCount="7" /><!-- duration: 16ms -->
    <step title="LockFile &apos;C:\home\site\locks\deployments.lock&apos; acquired" date="2025-12-17T18:46:47.687" /><!-- duration: 16ms -->
    <step title="Saving request content to C:\local\Temp\zipdeploy\tzl0qy2t.zip" date="2025-12-17T18:46:47.703" >
      <step title="Total 12,476,240 bytes written to C:\local\Temp\zipdeploy\tzl0qy2t.zip" date="2025-12-17T18:46:47.781" /><!-- duration: 16ms -->
    </step><!-- duration: 94ms -->
    <step title="LockFile &apos;C:\home\site\locks\deployments.lock&apos; released" date="2025-12-17T18:46:47.812" /><!-- duration: 0ms -->
    <step title="Deleting shutdown sentinel file" date="2025-12-17T18:46:47.828" SemaphoreCount="8" /><!-- duration: 0ms -->
    <step title="Starting FetchDeploy" date="2025-12-17T18:46:47.828" /><!-- duration: 0ms -->
    <step title="Attempting to fetch target branch HEAD" date="2025-12-17T18:46:47.843" /><!-- duration: 0ms -->
    <step title="Updating shutdown sentinel last write time" date="2025-12-17T18:46:47.843" SemaphoreCount="7" /><!-- duration: 0ms -->
    <step title="LockFile &apos;C:\home\site\locks\deployments.lock&apos; acquired" date="2025-12-17T18:46:47.859" /><!-- duration: 0ms -->
    <step title="Performing fetch based deployment" date="2025-12-17T18:46:47.859" >
      <step title="Creating temporary deployment" date="2025-12-17T18:46:47.859" /><!-- duration: 31ms -->
      <step title="Fetching changes." date="2025-12-17T18:46:47.937" /><!-- duration: 0ms -->
      <step title="Starting LocalZipHandler" date="2025-12-17T18:46:47.937" /><!-- duration: 16ms -->
      <step title="Starting LocalZipFetch" date="2025-12-17T18:46:47.953" /><!-- duration: 0ms -->
      <step title="Cleaning up temp folders from previous zip deployments and extracting pushed zip file C:\local\Temp\zipdeploy\tzl0qy2t.zip (11.90 MB) to C:\local\Temp\zipdeploy\extracted" date="2025-12-17T18:46:47.968" /><!-- duration: 0ms -->
      <step title="Cleaning up temp folders from previous zip deployments and extracting pushed zip file C:\local\Temp\zipdeploy\tzl0qy2t.zip (11.90 MB) to C:\local\Temp\zipdeploy\extracted" date="2025-12-17T18:46:47.968" >
        <step title="Renaming extractTargetDirectory(C:\local\Temp\zipdeploy\extracted) to tempDirectory(C:\local\Temp\zipdeploy\gwhwgvrf.3bh)" date="2025-12-17T18:46:47.984" /><!-- duration: 0ms -->
        <step title="Extracting 107 entries to C:\local\Temp\zipdeploy\extracted directory" date="2025-12-17T18:46:47.999" >
          <step title="Extracting to C:\local\Temp\zipdeploy\extracted\runtimes\unix\lib\net6.0\Microsoft.Data.SqlClient.dll ..." date="2025-12-17T18:46:47.999" /><!-- duration: 16ms -->
          <step title="Extracting to C:\local\Temp\zipdeploy\extracted\runtimes\unix\lib\net6.0\System.Drawing.Common.dll ..." date="2025-12-17T18:46:48.031" /><!-- duration: 0ms -->
          <step title="Extracting to C:\local\Temp\zipdeploy\extracted\runtimes\win\lib\net6.0\Microsoft.Data.SqlClient.dll ..." date="2025-12-17T18:46:48.046" /><!-- duration: 16ms -->
          <step title="Extracting to C:\local\Temp\zipdeploy\extracted\runtimes\win\lib\net6.0\Microsoft.Win32.SystemEvents.dll ..." date="2025-12-17T18:46:48.062" /><!-- duration: 16ms -->
          <step title="Extracting to C:\local\Temp\zipdeploy\extracted\runtimes\win\lib\net6.0\System.Drawing.Common.dll ..." date="2025-12-17T18:46:48.078" /><!-- duration: 0ms -->
          <step title="Omitting extracting file traces ..." date="2025-12-17T18:46:48.093" /><!-- duration: 0ms -->
        </step><!-- duration: 484ms -->
      </step><!-- duration: 516ms -->
      <step title="None repository commit" date="2025-12-17T18:46:48.499" >
        <step title="Commit id: 65309fc7ce5a400184cf6fdb274eaa82" date="2025-12-17T18:46:48.499" Message="OneDeploy" AuthorName="N/A" AuthorEmail="N/A" /><!-- duration: 0ms -->
      </step><!-- duration: 0ms -->
      <step title="Before sending BuildRequestReceived status to /api/updatedeploystatus" date="2025-12-17T18:46:48.499" /><!-- duration: 16ms -->
      <step title="DeploymentManager.Deploy(id:65309fc7ce5a400184cf6fdb274eaa82)" date="2025-12-17T18:46:48.515" >
        <step title="Collecting changeset information" date="2025-12-17T18:46:48.531" /><!-- duration: 31ms -->
        <step title="Updating submodules" date="2025-12-17T18:46:48.562" >
          <step title="Updating submodules." date="2025-12-17T18:46:48.609" /><!-- duration: 0ms -->
        </step><!-- duration: 47ms -->
        <step title="Preparing deployment for commit id &apos;65309fc7ce&apos;." date="2025-12-17T18:46:48.656" /><!-- duration: 0ms -->
        <step title="Determining deployment builder" date="2025-12-17T18:46:48.687" >
          <step title="Builder is OneDeployBuilder" date="2025-12-17T18:46:48.687" /><!-- duration: 16ms -->
        </step><!-- duration: 16ms -->
        <step title="Copying SSH keys" date="2025-12-17T18:46:48.718" /><!-- duration: 0ms -->
        <step title="Building" date="2025-12-17T18:46:48.718" >
          <step title="Running build. Project type: OneDeploy" date="2025-12-17T18:46:48.765" /><!-- duration: 0ms -->
          <step title="Copying the manifest" date="2025-12-17T18:46:48.812" /><!-- duration: 0ms -->
          <step title="Clean deploying to C:\home\site\wwwroot" date="2025-12-17T18:46:48.859" /><!-- duration: 0ms -->
          <step title="Generating deployment script." date="2025-12-17T18:46:48.921" /><!-- duration: 0ms -->
          <step title="Generating deployment script" date="2025-12-17T18:46:48.953" >
            <step title="Using cached version of the deployment script for command: -y --no-dot-deployment -r &quot;C:\local\Temp\zipdeploy\extracted&quot; -o &quot;C:\home\site\deployments\tools&quot; --basic --sitePath &quot;C:\local\Temp\zipdeploy\extracted&quot;" date="2025-12-17T18:46:48.968" /><!-- duration: 16ms -->
            <step title="Using cached version of deployment script (command: &apos;azure -y --no-dot-deployment -r &quot;C:\local\Temp\zipdeploy\extracted&quot; -o &quot;C:\home\site\deployments\tools&quot; --basic --sitePath &quot;C:\local\Temp\zipdeploy\extracted&quot;&apos;)." date="2025-12-17T18:46:48.999" /><!-- duration: 0ms -->
          </step><!-- duration: 62ms -->
          <step title="Running deployment command..." date="2025-12-17T18:46:49.046" /><!-- duration: 16ms -->
          <step title="Command: &quot;C:\home\site\deployments\tools\deploy.cmd&quot;" date="2025-12-17T18:46:49.062" /><!-- duration: 0ms -->
          <step title="Executing external process" date="2025-12-17T18:46:49.078" type="process" path="starter.cmd" arguments="&quot;C:\home\site\deployments\tools\deploy.cmd&quot;" >
            <step title="Handling Basic Web Site deployment." date="2025-12-17T18:46:49.203" /><!-- duration: 0ms -->
            <step title="Creating app_offline.htm" date="2025-12-17T18:46:52.046" /><!-- duration: 16ms -->
            <step title="KuduSync.NET from: &apos;C:\local\Temp\zipdeploy\extracted&apos; to: &apos;C:\home\site\wwwroot&apos;" date="2025-12-17T18:46:52.078" /><!-- duration: 0ms -->
            <step title="Deleting file: &apos;logs\app-20251217.log&apos;" date="2025-12-17T18:46:52.093" /><!-- duration: 0ms -->
            <step title="Deleting file: &apos;logs\stdout_20251217184528_12348.log&apos;" date="2025-12-17T18:46:52.109" /><!-- duration: 0ms -->
            <step title="Deleting directory: &apos;logs&apos;" date="2025-12-17T18:46:52.125" /><!-- duration: 0ms -->
            <step title="Copying file: &apos;SchoolAiChatbotBackend.dll&apos;" date="2025-12-17T18:46:52.140" /><!-- duration: 0ms -->
            <step title="Copying file: &apos;SchoolAiChatbotBackend.exe&apos;" date="2025-12-17T18:46:52.156" /><!-- duration: 0ms -->
            <step title="Copying file: &apos;SchoolAiChatbotBackend.pdb&apos;" date="2025-12-17T18:46:52.171" /><!-- duration: 16ms -->
            <step title="Deleting app_offline.htm" date="2025-12-17T18:46:52.187" /><!-- duration: 16ms -->
            <step title="Finished successfully." date="2025-12-17T18:46:52.203" /><!-- duration: 16ms -->
          </step><!-- duration: 3141ms -->
          <step title="Build completed succesfully." date="2025-12-17T18:46:52.265" /><!-- duration: 0ms -->
          <step title="Running post deployment command(s)..." date="2025-12-17T18:46:52.296" /><!-- duration: 16ms -->
          <step title="Requesting site restart" date="2025-12-17T18:46:52.343" /><!-- duration: 16ms -->
          <step title="Requesting site restart" date="2025-12-17T18:46:52.359" /><!-- duration: 0ms -->
          <step title="Requesting site restart. Attempt #1" date="2025-12-17T18:46:52.406" /><!-- duration: 0ms -->
          <step title="Requesting site restart. Attempt #1" date="2025-12-17T18:46:52.406" /><!-- duration: 16ms -->
          <step title="Successfully requested a restart. Attempt #1" date="2025-12-17T18:46:52.546" /><!-- duration: 0ms -->
          <step title="Successfully requested a restart. Attempt #1" date="2025-12-17T18:46:52.546" /><!-- duration: 16ms -->
          <step title="Deployment successful. DEPLOYMENTINFO: deploymentPath = OneDeploy, deployer = OneDeploy, os = windows, sku = Free, siteName = smartstudy-api, siteHostName = smartstudy-api-athtbtapcvdjesbe.centralindia-01.azurewebsites.net, deploymentStatus = Success" date="2025-12-17T18:46:52.593" /><!-- duration: 0ms -->
          <step title="Purge deployment items" date="2025-12-17T18:46:52.687" >
            <step title="Remove 29ae4cd13, Success, received at 12/14/2025 3:07:39 PM" date="2025-12-17T18:46:52.765" /><!-- duration: 0ms -->
          </step><!-- duration: 78ms -->
        </step><!-- duration: 4078ms -->
      </step><!-- duration: 4281ms -->
      <step title="Cleaning up temp files" date="2025-12-17T18:46:52.796" /><!-- duration: 0ms -->
      <step title="Skip function trigger and logicapp sync because function is not enabled." date="2025-12-17T18:46:52.812" /><!-- duration: 0ms -->
    </step><!-- duration: 5016ms -->
    <step title="LockFile &apos;C:\home\site\locks\deployments.lock&apos; released" date="2025-12-17T18:46:52.875" /><!-- duration: 0ms -->
    <step title="Deleting shutdown sentinel file" date="2025-12-17T18:46:52.890" SemaphoreCount="8" /><!-- duration: 0ms -->
  </step><!-- duration: 5266ms -->
  <step title="Outgoing response" date="2025-12-17T18:46:52.906" type="response" statusCode="200" statusText="OK" Server="Microsoft-IIS/10.0" x-ms-request-id="baaa37c6-db78-11f0-ae61-7404f1536f46" Cache-Control="private" X-AspNet-Version="4.0.30319" /><!-- duration: 0ms -->
</step><!-- duration: 5297ms -->
