<step title="BackgroundTrace" date="2025-12-18T08:38:53.589" instance="a6e48b" url="/api/zipdeploy" method="POST" >
  <step title="Updating shutdown sentinel last write time" date="2025-12-18T08:38:53.604" SemaphoreCount="7" /><!-- duration: 0ms -->
  <step title="LockFile &apos;C:\home\site\locks\deployments.lock&apos; acquired" date="2025-12-18T08:38:53.604" /><!-- duration: 16ms -->
  <step title="Creating temporary deployment" date="2025-12-18T08:38:53.620" /><!-- duration: 16ms -->
  <step title="Performing fetch based deployment" date="2025-12-18T08:38:53.651" >
    <step title="Fetching changes." date="2025-12-18T08:38:53.682" /><!-- duration: 16ms -->
    <step title="Starting LocalZipHandler" date="2025-12-18T08:38:53.713" /><!-- duration: 0ms -->
    <step title="Cleaning up temp folders from previous zip deployments and extracting pushed zip file C:\local\Temp\zipdeploy\crwuz3h0.zip (11.91 MB) to C:\local\Temp\zipdeploy\extracted" date="2025-12-18T08:38:53.729" /><!-- duration: 0ms -->
    <step title="Cleaning up temp folders from previous zip deployments and extracting pushed zip file C:\local\Temp\zipdeploy\crwuz3h0.zip (11.91 MB) to C:\local\Temp\zipdeploy\extracted" date="2025-12-18T08:38:53.745" >
      <step title="Renaming extractTargetDirectory(C:\local\Temp\zipdeploy\extracted) to tempDirectory(C:\local\Temp\zipdeploy\j3jjwvbc.anl)" date="2025-12-18T08:38:53.745" /><!-- duration: 0ms -->
      <step title="Extracting 107 entries to C:\local\Temp\zipdeploy\extracted directory" date="2025-12-18T08:38:53.745" >
        <step title="Extracting to C:\local\Temp\zipdeploy\extracted\runtimes\unix\lib\net6.0\Microsoft.Data.SqlClient.dll ..." date="2025-12-18T08:38:53.760" /><!-- duration: 16ms -->
        <step title="Extracting to C:\local\Temp\zipdeploy\extracted\runtimes\unix\lib\net6.0\System.Drawing.Common.dll ..." date="2025-12-18T08:38:53.776" /><!-- duration: 16ms -->
        <step title="Extracting to C:\local\Temp\zipdeploy\extracted\runtimes\win\lib\net6.0\Microsoft.Data.SqlClient.dll ..." date="2025-12-18T08:38:53.792" /><!-- duration: 31ms -->
        <step title="Extracting to C:\local\Temp\zipdeploy\extracted\runtimes\win\lib\net6.0\Microsoft.Win32.SystemEvents.dll ..." date="2025-12-18T08:38:53.823" /><!-- duration: 0ms -->
        <step title="Extracting to C:\local\Temp\zipdeploy\extracted\runtimes\win\lib\net6.0\System.Drawing.Common.dll ..." date="2025-12-18T08:38:53.823" /><!-- duration: 16ms -->
        <step title="Omitting extracting file traces ..." date="2025-12-18T08:38:53.838" /><!-- duration: 16ms -->
      </step><!-- duration: 484ms -->
    </step><!-- duration: 484ms -->
    <step title="Before sending BuildRequestReceived status to /api/updatedeploystatus" date="2025-12-18T08:38:54.245" /><!-- duration: 0ms -->
    <step title="DeploymentManager.Deploy(id:7e89c5dad9864a1c9d4af127c4c1f895)" date="2025-12-18T08:38:54.245" >
      <step title="Collecting changeset information" date="2025-12-18T08:38:54.260" /><!-- duration: 31ms -->
      <step title="Updating submodules" date="2025-12-18T08:38:54.292" >
        <step title="Updating submodules." date="2025-12-18T08:38:54.339" /><!-- duration: 0ms -->
      </step><!-- duration: 63ms -->
      <step title="Preparing deployment for commit id &apos;7e89c5dad9&apos;." date="2025-12-18T08:38:54.385" /><!-- duration: 16ms -->
      <step title="Determining deployment builder" date="2025-12-18T08:38:54.432" >
        <step title="Builder is BasicBuilder" date="2025-12-18T08:38:54.448" /><!-- duration: 0ms -->
      </step><!-- duration: 16ms -->
      <step title="Copying SSH keys" date="2025-12-18T08:38:54.464" /><!-- duration: 16ms -->
      <step title="Building" date="2025-12-18T08:38:54.479" >
        <step title="Generating deployment script." date="2025-12-18T08:38:54.510" /><!-- duration: 0ms -->
        <step title="Generating deployment script" date="2025-12-18T08:38:54.526" >
          <step title="Using cached version of the deployment script for command: -y --no-dot-deployment -r &quot;C:\local\Temp\zipdeploy\extracted&quot; -o &quot;C:\home\site\deployments\tools&quot; --basic --sitePath &quot;C:\local\Temp\zipdeploy\extracted&quot;" date="2025-12-18T08:38:54.526" /><!-- duration: 16ms -->
          <step title="Using cached version of deployment script (command: &apos;azure -y --no-dot-deployment -r &quot;C:\local\Temp\zipdeploy\extracted&quot; -o &quot;C:\home\site\deployments\tools&quot; --basic --sitePath &quot;C:\local\Temp\zipdeploy\extracted&quot;&apos;)." date="2025-12-18T08:38:54.542" /><!-- duration: 0ms -->
        </step><!-- duration: 31ms -->
        <step title="Running deployment command..." date="2025-12-18T08:38:54.589" /><!-- duration: 0ms -->
        <step title="Command: &quot;C:\home\site\deployments\tools\deploy.cmd&quot;" date="2025-12-18T08:38:54.620" /><!-- duration: 0ms -->
        <step title="Executing external process" date="2025-12-18T08:38:54.620" type="process" path="starter.cmd" arguments="&quot;C:\home\site\deployments\tools\deploy.cmd&quot;" >
          <step title="Handling Basic Web Site deployment." date="2025-12-18T08:38:54.745" /><!-- duration: 0ms -->
          <step title="Creating app_offline.htm" date="2025-12-18T08:38:57.401" /><!-- duration: 0ms -->
          <step title="KuduSync.NET from: &apos;C:\local\Temp\zipdeploy\extracted&apos; to: &apos;C:\home\site\wwwroot&apos;" date="2025-12-18T08:38:57.417" /><!-- duration: 0ms -->
          <step title="Copying file: &apos;SchoolAiChatbotBackend.dll&apos;" date="2025-12-18T08:38:57.417" /><!-- duration: 0ms -->
          <step title="Copying file: &apos;SchoolAiChatbotBackend.exe&apos;" date="2025-12-18T08:38:57.432" /><!-- duration: 0ms -->
          <step title="Copying file: &apos;SchoolAiChatbotBackend.pdb&apos;" date="2025-12-18T08:38:57.448" /><!-- duration: 0ms -->
          <step title="Deleting app_offline.htm" date="2025-12-18T08:38:57.448" /><!-- duration: 15ms -->
          <step title="Finished successfully." date="2025-12-18T08:38:57.464" /><!-- duration: 0ms -->
        </step><!-- duration: 2860ms -->
        <step title="Running post deployment command(s)..." date="2025-12-18T08:38:57.511" /><!-- duration: 16ms -->
        <step title="Triggering recycle (preview mode disabled)." date="2025-12-18T08:38:57.557" /><!-- duration: 0ms -->
        <step title="Ignoring FS watcher based recycle request as this is a classic Windows app." date="2025-12-18T08:38:57.557" /><!-- duration: 16ms -->
        <step title="Deployment successful. DEPLOYMENTINFO: deploymentPath = ZipDeploy. Extract zip. , deployer = ZipDeploy, os = windows, sku = Free, siteName = smartstudy-api, siteHostName = smartstudy-api-athtbtapcvdjesbe.centralindia-01.azurewebsites.net, deploymentStatus = Success" date="2025-12-18T08:38:57.604" /><!-- duration: 0ms -->
        <step title="Purge deployment items" date="2025-12-18T08:38:57.698" >
          <step title="Remove 65309fc7c, Success, received at 12/17/2025 6:46:48 PM" date="2025-12-18T08:38:57.745" /><!-- duration: 16ms -->
        </step><!-- duration: 63ms -->
      </step><!-- duration: 3313ms -->
    </step><!-- duration: 3547ms -->
    <step title="Cleaning up temp files" date="2025-12-18T08:38:57.792" /><!-- duration: 16ms -->
    <step title="Skip function trigger and logicapp sync because function is not enabled." date="2025-12-18T08:38:57.807" /><!-- duration: 0ms -->
  </step><!-- duration: 4203ms -->
  <step title="LockFile &apos;C:\home\site\locks\deployments.lock&apos; released" date="2025-12-18T08:38:57.854" /><!-- duration: 0ms -->
  <step title="Deleting shutdown sentinel file" date="2025-12-18T08:38:57.870" SemaphoreCount="8" /><!-- duration: 0ms -->
</step><!-- duration: 4297ms -->
