﻿<?xml version="1.0" encoding="utf-8"?>
<deployment>
  <id>e840cb08503b4402952adb67582bb191</id>
  <author>N/A</author>
  <deployer>ZipDeploy</deployer>
  <authorEmail>N/A</authorEmail>
  <message>Created via a push deployment</message>
  <progress></progress>
  <status>Success</status>
  <statusText></statusText>
  <lastSuccessEndTime>2025-12-17T22:15:00.0398316Z</lastSuccessEndTime>
  <receivedTime>2025-12-17T22:14:56.6803511Z</receivedTime>
  <startTime>2025-12-17T22:14:56.8053556Z</startTime>
  <endTime>2025-12-17T22:15:00.0398316Z</endTime>
  <complete>True</complete>
  <is_temp>False</is_temp>
  <is_readonly>True</is_readonly>
  <project_type>BASIC</project_type>
  <vsproject_id></vsproject_id>
</deployment>