<Events><Event><System><Provider Name="IIS AspNetCore Module V2"/><EventID>1032</EventID><Level>4</Level><Task>0</Task><Keywords>Keywords</Keywords><TimeCreated SystemTime="2025-12-12T16:10:08Z"/><EventRecordID>-1807887546</EventRecordID><Channel>Application</Channel><Computer>WEBWK000003</Computer><Security/></System><EventData><Data>Application 'C:\home\site\wwwroot\' started successfully.</Data><Data>Process Id: 14508.</Data><Data>File Version: 18.0.25301.22. Description: IIS ASP.NET Core Module V2 Request Handler. Commit: </Data></EventData></Event><Event><System><Provider Name="IIS AspNetCore Module V2"/><EventID>1012</EventID><Level>4</Level><Task>0</Task><Keywords>Keywords</Keywords><TimeCreated SystemTime="2025-12-12T17:38:07Z"/><EventRecordID>-1802609171</EventRecordID><Channel>Application</Channel><Computer>WEBWK000003</Computer><Security/></System><EventData><Data>Application 'C:\home\site\wwwroot\' was recycled after detecting app_offline.htm.</Data><Data>Process Id: 14508.</Data><Data>File Version: 18.0.25301.22. Description: IIS ASP.NET Core Module V2 Request Handler. Commit: </Data></EventData></Event><Event><System><Provider Name="IIS AspNetCore Module V2"/><EventID>1033</EventID><Level>4</Level><Task>0</Task><Keywords>Keywords</Keywords><TimeCreated SystemTime="2025-12-12T17:38:07Z"/><EventRecordID>-1802609125</EventRecordID><Channel>Application</Channel><Computer>WEBWK000003</Computer><Security/></System><EventData><Data>Application 'MACHINE/WEBROOT/APPHOST/SMARTSTUDY-API' has shutdown.</Data><Data>Process Id: 14508.</Data><Data>File Version: 18.0.25301.22. Description: IIS ASP.NET Core Module V2 Request Handler. Commit: </Data></EventData></Event><Event><System><Provider Name="IIS AspNetCore Module V2"/><EventID>1032</EventID><Level>4</Level><Task>0</Task><Keywords>Keywords</Keywords><TimeCreated SystemTime="2025-12-12T17:52:35Z"/><EventRecordID>-1801740703</EventRecordID><Channel>Application</Channel><Computer>WEBWK000003</Computer><Security/></System><EventData><Data>Application 'C:\home\site\wwwroot\' started successfully.</Data><Data>Process Id: 12652.</Data><Data>File Version: 18.0.25301.22. Description: IIS ASP.NET Core Module V2 Request Handler. Commit: </Data></EventData></Event><Event><System><Provider Name="IIS AspNetCore Module V2"/><EventID>1033</EventID><Level>4</Level><Task>0</Task><Keywords>Keywords</Keywords><TimeCreated SystemTime="2025-12-12T18:22:27Z"/><EventRecordID>-1799949203</EventRecordID><Channel>Application</Channel><Computer>WEBWK000003</Computer><Security/></System><EventData><Data>Application 'MACHINE/WEBROOT/APPHOST/SMARTSTUDY-API' has shutdown.</Data><Data>Process Id: 12652.</Data><Data>File Version: 18.0.25301.22. Description: IIS ASP.NET Core Module V2 Request Handler. Commit: </Data></EventData></Event><Event><System><Provider Name="IIS AspNetCore Module V2"/><EventID>1032</EventID><Level>4</Level><Task>0</Task><Keywords>Keywords</Keywords><TimeCreated SystemTime="2025-12-12T18:33:11Z"/><EventRecordID>-1799304812</EventRecordID><Channel>Application</Channel><Computer>WEBWK000003</Computer><Security/></System><EventData><Data>Application 'C:\home\site\wwwroot\' started successfully.</Data><Data>Process Id: 10028.</Data><Data>File Version: 18.0.25301.22. Description: IIS ASP.NET Core Module V2 Request Handler. Commit: </Data></EventData></Event><Event><System><Provider Name="IIS AspNetCore Module V2"/><EventID>1012</EventID><Level>4</Level><Task>0</Task><Keywords>Keywords</Keywords><TimeCreated SystemTime="2025-12-12T18:34:37Z"/><EventRecordID>-1799218968</EventRecordID><Channel>Application</Channel><Computer>WEBWK000003</Computer><Security/></System><EventData><Data>Application 'C:\home\site\wwwroot\' was recycled after detecting app_offline.htm.</Data><Data>Process Id: 10028.</Data><Data>File Version: 18.0.25301.22. Description: IIS ASP.NET Core Module V2 Request Handler. Commit: </Data></EventData></Event><Event><System><Provider Name="IIS AspNetCore Module V2"/><EventID>1033</EventID><Level>4</Level><Task>0</Task><Keywords>Keywords</Keywords><TimeCreated SystemTime="2025-12-12T18:34:37Z"/><EventRecordID>-1799218937</EventRecordID><Channel>Application</Channel><Computer>WEBWK000003</Computer><Security/></System><EventData><Data>Application 'MACHINE/WEBROOT/APPHOST/SMARTSTUDY-API' has shutdown.</Data><Data>Process Id: 10028.</Data><Data>File Version: 18.0.25301.22. Description: IIS ASP.NET Core Module V2 Request Handler. Commit: </Data></EventData></Event><Event><System><Provider Name="IIS AspNetCore Module V2"/><EventID>1032</EventID><Level>4</Level><Task>0</Task><Keywords>Keywords</Keywords><TimeCreated SystemTime="2025-12-12T19:06:03Z"/><EventRecordID>-1797333031</EventRecordID><Channel>Application</Channel><Computer>WEBWK000003</Computer><Security/></System><EventData><Data>Application 'C:\home\site\wwwroot\' started successfully.</Data><Data>Process Id: 13372.</Data><Data>File Version: 18.0.25301.22. Description: IIS ASP.NET Core Module V2 Request Handler. Commit: </Data></EventData></Event><Event><System><Provider Name="IIS AspNetCore Module V2"/><EventID>1033</EventID><Level>4</Level><Task>0</Task><Keywords>Keywords</Keywords><TimeCreated SystemTime="2025-12-12T19:27:52Z"/><EventRecordID>-1796024375</EventRecordID><Channel>Application</Channel><Computer>WEBWK000003</Computer><Security/></System><EventData><Data>Application 'MACHINE/WEBROOT/APPHOST/SMARTSTUDY-API' has shutdown.</Data><Data>Process Id: 13372.</Data><Data>File Version: 18.0.25301.22. Description: IIS ASP.NET Core Module V2 Request Handler. Commit: </Data></EventData></Event><Event><System><Provider Name="IIS AspNetCore Module V2"/><EventID>1032</EventID><Level>4</Level><Task>0</Task><Keywords>Keywords</Keywords><TimeCreated SystemTime="2025-12-12T19:29:57Z"/><EventRecordID>-1795898796</EventRecordID><Channel>Application</Channel><Computer>WEBWK000003</Computer><Security/></System><EventData><Data>Application 'C:\home\site\wwwroot\' started successfully.</Data><Data>Process Id: 16176.</Data><Data>File Version: 18.0.25301.22. Description: IIS ASP.NET Core Module V2 Request Handler. Commit: </Data></EventData></Event><Event><System><Provider Name="W3SVC-WP"/><EventID>2303</EventID><Level>2</Level><Task>0</Task><Keywords>Keywords</Keywords><TimeCreated SystemTime="2025-12-12T20:29:32Z"/><EventRecordID>-1792324640</EventRecordID><Channel>Application</Channel><Computer>WEBWK000003</Computer><Security/></System><EventData><Data>smartstudy-api</Data><Binary>02000780</Binary></EventData></Event><Event><System><Provider Name="W3SVC-WP"/><EventID>2303</EventID><Level>2</Level><Task>0</Task><Keywords>Keywords</Keywords><TimeCreated SystemTime="2025-12-12T20:29:32Z"/><EventRecordID>-1792324640</EventRecordID><Channel>Application</Channel><Computer>WEBWK000003</Computer><Security/></System><EventData><Data>smartstudy-api</Data><Binary>02000780</Binary></EventData></Event><Event><System><Provider Name="IIS AspNetCore Module V2"/><EventID>1033</EventID><Level>4</Level><Task>0</Task><Keywords>Keywords</Keywords><TimeCreated SystemTime="2025-12-12T20:29:32Z"/><EventRecordID>-1792324546</EventRecordID><Channel>Application</Channel><Computer>WEBWK000003</Computer><Security/></System><EventData><Data>Application 'MACHINE/WEBROOT/APPHOST/SMARTSTUDY-API' has shutdown.</Data><Data>Process Id: 16176.</Data><Data>File Version: 18.0.25301.22. Description: IIS ASP.NET Core Module V2 Request Handler. Commit: </Data></EventData></Event><Event><System><Provider Name="IIS AspNetCore Module V2"/><EventID>1032</EventID><Level>4</Level><Task>0</Task><Keywords>Keywords</Keywords><TimeCreated SystemTime="2025-12-12T20:30:36Z"/><EventRecordID>-1792260265</EventRecordID><Channel>Application</Channel><Computer>WEBWK000003</Computer><Security/></System><EventData><Data>Application 'C:\home\site\wwwroot\' started successfully.</Data><Data>Process Id: 20092.</Data><Data>File Version: 18.0.25301.22. Description: IIS ASP.NET Core Module V2 Request Handler. Commit: </Data></EventData></Event><Event><System><Provider Name="IIS AspNetCore Module V2"/><EventID>1033</EventID><Level>4</Level><Task>0</Task><Keywords>Keywords</Keywords><TimeCreated SystemTime="2025-12-12T20:54:12Z"/><EventRecordID>-1790844593</EventRecordID><Channel>Application</Channel><Computer>WEBWK000003</Computer><Security/></System><EventData><Data>Application 'MACHINE/WEBROOT/APPHOST/SMARTSTUDY-API' has shutdown.</Data><Data>Process Id: 20092.</Data><Data>File Version: 18.0.25301.22. Description: IIS ASP.NET Core Module V2 Request Handler. Commit: </Data></EventData></Event><Event><System><Provider Name="IIS AspNetCore Module V2"/><EventID>1032</EventID><Level>4</Level><Task>0</Task><Keywords>Keywords</Keywords><TimeCreated SystemTime="2025-12-12T20:55:28Z"/><EventRecordID>-1790768234</EventRecordID><Channel>Application</Channel><Computer>WEBWK000003</Computer><Security/></System><EventData><Data>Application 'C:\home\site\wwwroot\' started successfully.</Data><Data>Process Id: 12020.</Data><Data>File Version: 18.0.25301.22. Description: IIS ASP.NET Core Module V2 Request Handler. Commit: </Data></EventData></Event><Event><System><Provider Name="IIS AspNetCore Module V2"/><EventID>1033</EventID><Level>4</Level><Task>0</Task><Keywords>Keywords</Keywords><TimeCreated SystemTime="2025-12-12T21:39:24Z"/><EventRecordID>-1788132406</EventRecordID><Channel>Application</Channel><Computer>WEBWK000003</Computer><Security/></System><EventData><Data>Application 'MACHINE/WEBROOT/APPHOST/SMARTSTUDY-API' has shutdown.</Data><Data>Process Id: 12020.</Data><Data>File Version: 18.0.25301.22. Description: IIS ASP.NET Core Module V2 Request Handler. Commit: </Data></EventData></Event><Event><System><Provider Name="IIS AspNetCore Module V2"/><EventID>1032</EventID><Level>4</Level><Task>0</Task><Keywords>Keywords</Keywords><TimeCreated SystemTime="2025-12-13T00:48:48Z"/><EventRecordID>-1776769203</EventRecordID><Channel>Application</Channel><Computer>WEBWK000003</Computer><Security/></System><EventData><Data>Application 'C:\home\site\wwwroot\' started successfully.</Data><Data>Process Id: 8928.</Data><Data>File Version: 18.0.25301.22. Description: IIS ASP.NET Core Module V2 Request Handler. Commit: </Data></EventData></Event><Event><System><Provider Name="IIS AspNetCore Module V2"/><EventID>1033</EventID><Level>4</Level><Task>0</Task><Keywords>Keywords</Keywords><TimeCreated SystemTime="2025-12-13T01:09:43Z"/><EventRecordID>-1775514062</EventRecordID><Channel>Application</Channel><Computer>WEBWK000003</Computer><Security/></System><EventData><Data>Application 'MACHINE/WEBROOT/APPHOST/SMARTSTUDY-API' has shutdown.</Data><Data>Process Id: 8928.</Data><Data>File Version: 18.0.25301.22. Description: IIS ASP.NET Core Module V2 Request Handler. Commit: </Data></EventData></Event><Event><System><Provider Name="IIS AspNetCore Module V2"/><EventID>1032</EventID><Level>4</Level><Task>0</Task><Keywords>Keywords</Keywords><TimeCreated SystemTime="2025-12-13T08:17:02Z"/><EventRecordID>-1749875890</EventRecordID><Channel>Application</Channel><Computer>WEBWK000003</Computer><Security/></System><EventData><Data>Application 'C:\home\site\wwwroot\' started successfully.</Data><Data>Process Id: 8460.</Data><Data>File Version: 18.0.25301.22. Description: IIS ASP.NET Core Module V2 Request Handler. Commit: </Data></EventData></Event><Event><System><Provider Name="IIS AspNetCore Module V2"/><EventID>1033</EventID><Level>4</Level><Task>0</Task><Keywords>Keywords</Keywords><TimeCreated SystemTime="2025-12-13T08:40:57Z"/><EventRecordID>-1748440578</EventRecordID><Channel>Application</Channel><Computer>WEBWK000003</Computer><Security/></System><EventData><Data>Application 'MACHINE/WEBROOT/APPHOST/SMARTSTUDY-API' has shutdown.</Data><Data>Process Id: 8460.</Data><Data>File Version: 18.0.25301.22. Description: IIS ASP.NET Core Module V2 Request Handler. Commit: </Data></EventData></Event><Event><System><Provider Name="IIS AspNetCore Module V2"/><EventID>1032</EventID><Level>4</Level><Task>0</Task><Keywords>Keywords</Keywords><TimeCreated SystemTime="2025-12-13T09:46:11Z"/><EventRecordID>-1744527000</EventRecordID><Channel>Application</Channel><Computer>WEBWK000003</Computer><Security/></System><EventData><Data>Application 'C:\home\site\wwwroot\' started successfully.</Data><Data>Process Id: 9528.</Data><Data>File Version: 18.0.25301.22. Description: IIS ASP.NET Core Module V2 Request Handler. Commit: </Data></EventData></Event><Event><System><Provider Name="IIS AspNetCore Module V2"/><EventID>1033</EventID><Level>4</Level><Task>0</Task><Keywords>Keywords</Keywords><TimeCreated SystemTime="2025-12-13T09:54:05Z"/><EventRecordID>-1744053343</EventRecordID><Channel>Application</Channel><Computer>WEBWK000003</Computer><Security/></System><EventData><Data>Application 'MACHINE/WEBROOT/APPHOST/SMARTSTUDY-API' has shutdown.</Data><Data>Process Id: 9528.</Data><Data>File Version: 18.0.25301.22. Description: IIS ASP.NET Core Module V2 Request Handler. Commit: </Data></EventData></Event><Event><System><Provider Name="IIS AspNetCore Module V2"/><EventID>1032</EventID><Level>4</Level><Task>0</Task><Keywords>Keywords</Keywords><TimeCreated SystemTime="2025-12-13T10:02:34Z"/><EventRecordID>-1743544468</EventRecordID><Channel>Application</Channel><Computer>WEBWK000003</Computer><Security/></System><EventData><Data>Application 'C:\home\site\wwwroot\' started successfully.</Data><Data>Process Id: 18608.</Data><Data>File Version: 18.0.25301.22. Description: IIS ASP.NET Core Module V2 Request Handler. Commit: </Data></EventData></Event><Event><System><Provider Name="IIS AspNetCore Module V2"/><EventID>1033</EventID><Level>4</Level><Task>0</Task><Keywords>Keywords</Keywords><TimeCreated SystemTime="2025-12-13T10:03:42Z"/><EventRecordID>-1743476515</EventRecordID><Channel>Application</Channel><Computer>WEBWK000003</Computer><Security/></System><EventData><Data>Application 'MACHINE/WEBROOT/APPHOST/SMARTSTUDY-API' has shutdown.</Data><Data>Process Id: 18608.</Data><Data>File Version: 18.0.25301.22. Description: IIS ASP.NET Core Module V2 Request Handler. Commit: </Data></EventData></Event><Event><System><Provider Name="IIS AspNetCore Module V2"/><EventID>1032</EventID><Level>4</Level><Task>0</Task><Keywords>Keywords</Keywords><TimeCreated SystemTime="2025-12-13T10:10:19Z"/><EventRecordID>-1743079281</EventRecordID><Channel>Application</Channel><Computer>WEBWK000003</Computer><Security/></System><EventData><Data>Application 'C:\home\site\wwwroot\' started successfully.</Data><Data>Process Id: 15884.</Data><Data>File Version: 18.0.25301.22. Description: IIS ASP.NET Core Module V2 Request Handler. Commit: </Data></EventData></Event><Event><System><Provider Name="IIS AspNetCore Module V2"/><EventID>1033</EventID><Level>4</Level><Task>0</Task><Keywords>Keywords</Keywords><TimeCreated SystemTime="2025-12-13T10:19:49Z"/><EventRecordID>-1742508812</EventRecordID><Channel>Application</Channel><Computer>WEBWK000003</Computer><Security/></System><EventData><Data>Application 'MACHINE/WEBROOT/APPHOST/SMARTSTUDY-API' has shutdown.</Data><Data>Process Id: 15884.</Data><Data>File Version: 18.0.25301.22. Description: IIS ASP.NET Core Module V2 Request Handler. Commit: </Data></EventData></Event><Event><System><Provider Name="IIS AspNetCore Module V2"/><EventID>1032</EventID><Level>4</Level><Task>0</Task><Keywords>Keywords</Keywords><TimeCreated SystemTime="2025-12-13T10:22:10Z"/><EventRecordID>-1742368781</EventRecordID><Channel>Application</Channel><Computer>WEBWK000003</Computer><Security/></System><EventData><Data>Application 'C:\home\site\wwwroot\' started successfully.</Data><Data>Process Id: 8404.</Data><Data>File Version: 18.0.25301.22. Description: IIS ASP.NET Core Module V2 Request Handler. Commit: </Data></EventData></Event><Event><System><Provider Name="IIS AspNetCore Module V2"/><EventID>1033</EventID><Level>4</Level><Task>0</Task><Keywords>Keywords</Keywords><TimeCreated SystemTime="2025-12-13T10:24:40Z"/><EventRecordID>-1742218109</EventRecordID><Channel>Application</Channel><Computer>WEBWK000003</Computer><Security/></System><EventData><Data>Application 'MACHINE/WEBROOT/APPHOST/SMARTSTUDY-API' has shutdown.</Data><Data>Process Id: 8404.</Data><Data>File Version: 18.0.25301.22. Description: IIS ASP.NET Core Module V2 Request Handler. Commit: </Data></EventData></Event><Event><System><Provider Name="IIS AspNetCore Module V2"/><EventID>1032</EventID><Level>4</Level><Task>0</Task><Keywords>Keywords</Keywords><TimeCreated SystemTime="2025-12-13T10:26:33Z"/><EventRecordID>-1742105250</EventRecordID><Channel>Application</Channel><Computer>WEBWK000003</Computer><Security/></System><EventData><Data>Application 'C:\home\site\wwwroot\' started successfully.</Data><Data>Process Id: 9372.</Data><Data>File Version: 18.0.25301.22. Description: IIS ASP.NET Core Module V2 Request Handler. Commit: </Data></EventData></Event><Event><System><Provider Name="IIS AspNetCore Module V2"/><EventID>1033</EventID><Level>4</Level><Task>0</Task><Keywords>Keywords</Keywords><TimeCreated SystemTime="2025-12-13T10:27:26Z"/><EventRecordID>-1742052546</EventRecordID><Channel>Application</Channel><Computer>WEBWK000003</Computer><Security/></System><EventData><Data>Application 'MACHINE/WEBROOT/APPHOST/SMARTSTUDY-API' has shutdown.</Data><Data>Process Id: 9372.</Data><Data>File Version: 18.0.25301.22. Description: IIS ASP.NET Core Module V2 Request Handler. Commit: </Data></EventData></Event><Event><System><Provider Name="IIS AspNetCore Module V2"/><EventID>1032</EventID><Level>4</Level><Task>0</Task><Keywords>Keywords</Keywords><TimeCreated SystemTime="2025-12-13T10:28:23Z"/><EventRecordID>-1741995187</EventRecordID><Channel>Application</Channel><Computer>WEBWK000003</Computer><Security/></System><EventData><Data>Application 'C:\home\site\wwwroot\' started successfully.</Data><Data>Process Id: 12708.</Data><Data>File Version: 18.0.25301.22. Description: IIS ASP.NET Core Module V2 Request Handler. Commit: </Data></EventData></Event><Event><System><Provider Name="IIS AspNetCore Module V2"/><EventID>1012</EventID><Level>4</Level><Task>0</Task><Keywords>Keywords</Keywords><TimeCreated SystemTime="2025-12-13T10:33:22Z"/><EventRecordID>-1741695906</EventRecordID><Channel>Application</Channel><Computer>WEBWK000003</Computer><Security/></System><EventData><Data>Application 'C:\home\site\wwwroot\' was recycled after detecting app_offline.htm.</Data><Data>Process Id: 12708.</Data><Data>File Version: 18.0.25301.22. Description: IIS ASP.NET Core Module V2 Request Handler. Commit: </Data></EventData></Event><Event><System><Provider Name="IIS AspNetCore Module V2"/><EventID>1033</EventID><Level>4</Level><Task>0</Task><Keywords>Keywords</Keywords><TimeCreated SystemTime="2025-12-13T10:33:23Z"/><EventRecordID>-1741695796</EventRecordID><Channel>Application</Channel><Computer>WEBWK000003</Computer><Security/></System><EventData><Data>Application 'MACHINE/WEBROOT/APPHOST/SMARTSTUDY-API' has shutdown.</Data><Data>Process Id: 12708.</Data><Data>File Version: 18.0.25301.22. Description: IIS ASP.NET Core Module V2 Request Handler. Commit: </Data></EventData></Event><Event><System><Provider Name="IIS AspNetCore Module V2"/><EventID>1032</EventID><Level>4</Level><Task>0</Task><Keywords>Keywords</Keywords><TimeCreated SystemTime="2025-12-13T10:34:04Z"/><EventRecordID>-1741653937</EventRecordID><Channel>Application</Channel><Computer>WEBWK000003</Computer><Security/></System><EventData><Data>Application 'C:\home\site\wwwroot\' started successfully.</Data><Data>Process Id: 8040.</Data><Data>File Version: 18.0.25301.22. Description: IIS ASP.NET Core Module V2 Request Handler. Commit: </Data></EventData></Event><Event><System><Provider Name="IIS AspNetCore Module V2"/><EventID>1012</EventID><Level>4</Level><Task>0</Task><Keywords>Keywords</Keywords><TimeCreated SystemTime="2025-12-13T11:04:09Z"/><EventRecordID>-1739849265</EventRecordID><Channel>Application</Channel><Computer>WEBWK000003</Computer><Security/></System><EventData><Data>Application 'C:\home\site\wwwroot\' was recycled after detecting app_offline.htm.</Data><Data>Process Id: 8040.</Data><Data>File Version: 18.0.25301.22. Description: IIS ASP.NET Core Module V2 Request Handler. Commit: </Data></EventData></Event><Event><System><Provider Name="IIS AspNetCore Module V2"/><EventID>1033</EventID><Level>4</Level><Task>0</Task><Keywords>Keywords</Keywords><TimeCreated SystemTime="2025-12-13T11:04:09Z"/><EventRecordID>-1739849140</EventRecordID><Channel>Application</Channel><Computer>WEBWK000003</Computer><Security/></System><EventData><Data>Application 'MACHINE/WEBROOT/APPHOST/SMARTSTUDY-API' has shutdown.</Data><Data>Process Id: 8040.</Data><Data>File Version: 18.0.25301.22. Description: IIS ASP.NET Core Module V2 Request Handler. Commit: </Data></EventData></Event><Event><System><Provider Name="IIS AspNetCore Module V2"/><EventID>1032</EventID><Level>4</Level><Task>0</Task><Keywords>Keywords</Keywords><TimeCreated SystemTime="2025-12-13T11:07:02Z"/><EventRecordID>-1739676000</EventRecordID><Channel>Application</Channel><Computer>WEBWK000003</Computer><Security/></System><EventData><Data>Application 'C:\home\site\wwwroot\' started successfully.</Data><Data>Process Id: 14180.</Data><Data>File Version: 18.0.25301.22. Description: IIS ASP.NET Core Module V2 Request Handler. Commit: </Data></EventData></Event><Event><System><Provider Name="IIS AspNetCore Module V2"/><EventID>1033</EventID><Level>4</Level><Task>0</Task><Keywords>Keywords</Keywords><TimeCreated SystemTime="2025-12-13T11:37:56Z"/><EventRecordID>-1737822687</EventRecordID><Channel>Application</Channel><Computer>WEBWK000003</Computer><Security/></System><EventData><Data>Application 'MACHINE/WEBROOT/APPHOST/SMARTSTUDY-API' has shutdown.</Data><Data>Process Id: 14180.</Data><Data>File Version: 18.0.25301.22. Description: IIS ASP.NET Core Module V2 Request Handler. Commit: </Data></EventData></Event><Event><System><Provider Name="IIS AspNetCore Module V2"/><EventID>1032</EventID><Level>4</Level><Task>0</Task><Keywords>Keywords</Keywords><TimeCreated SystemTime="2025-12-13T11:45:54Z"/><EventRecordID>-1737344546</EventRecordID><Channel>Application</Channel><Computer>WEBWK000003</Computer><Security/></System><EventData><Data>Application 'C:\home\site\wwwroot\' started successfully.</Data><Data>Process Id: 1800.</Data><Data>File Version: 18.0.25301.22. Description: IIS ASP.NET Core Module V2 Request Handler. Commit: </Data></EventData></Event><Event><System><Provider Name="IIS AspNetCore Module V2"/><EventID>1033</EventID><Level>4</Level><Task>0</Task><Keywords>Keywords</Keywords><TimeCreated SystemTime="2025-12-13T11:57:39Z"/><EventRecordID>-1736639187</EventRecordID><Channel>Application</Channel><Computer>WEBWK000003</Computer><Security/></System><EventData><Data>Application 'MACHINE/WEBROOT/APPHOST/SMARTSTUDY-API' has shutdown.</Data><Data>Process Id: 1800.</Data><Data>File Version: 18.0.25301.22. Description: IIS ASP.NET Core Module V2 Request Handler. Commit: </Data></EventData></Event><Event><System><Provider Name="IIS AspNetCore Module V2"/><EventID>1032</EventID><Level>4</Level><Task>0</Task><Keywords>Keywords</Keywords><TimeCreated SystemTime="2025-12-13T12:00:53Z"/><EventRecordID>-1736445859</EventRecordID><Channel>Application</Channel><Computer>WEBWK000003</Computer><Security/></System><EventData><Data>Application 'C:\home\site\wwwroot\' started successfully.</Data><Data>Process Id: 11552.</Data><Data>File Version: 18.0.25301.22. Description: IIS ASP.NET Core Module V2 Request Handler. Commit: </Data></EventData></Event><Event><System><Provider Name="IIS AspNetCore Module V2"/><EventID>1033</EventID><Level>4</Level><Task>0</Task><Keywords>Keywords</Keywords><TimeCreated SystemTime="2025-12-13T12:49:47Z"/><EventRecordID>-1733512140</EventRecordID><Channel>Application</Channel><Computer>WEBWK000003</Computer><Security/></System><EventData><Data>Application 'MACHINE/WEBROOT/APPHOST/SMARTSTUDY-API' has shutdown.</Data><Data>Process Id: 11552.</Data><Data>File Version: 18.0.25301.22. Description: IIS ASP.NET Core Module V2 Request Handler. Commit: </Data></EventData></Event><Event><System><Provider Name="IIS AspNetCore Module V2"/><EventID>1032</EventID><Level>4</Level><Task>0</Task><Keywords>Keywords</Keywords><TimeCreated SystemTime="2025-12-13T12:50:18Z"/><EventRecordID>-1733481109</EventRecordID><Channel>Application</Channel><Computer>WEBWK000003</Computer><Security/></System><EventData><Data>Application 'C:\home\site\wwwroot\' started successfully.</Data><Data>Process Id: 13028.</Data><Data>File Version: 18.0.25301.22. Description: IIS ASP.NET Core Module V2 Request Handler. Commit: </Data></EventData></Event><Event><System><Provider Name="IIS AspNetCore Module V2"/><EventID>1033</EventID><Level>4</Level><Task>0</Task><Keywords>Keywords</Keywords><TimeCreated SystemTime="2025-12-13T13:24:11Z"/><EventRecordID>-1731447703</EventRecordID><Channel>Application</Channel><Computer>WEBWK000003</Computer><Security/></System><EventData><Data>Application 'MACHINE/WEBROOT/APPHOST/SMARTSTUDY-API' has shutdown.</Data><Data>Process Id: 13028.</Data><Data>File Version: 18.0.25301.22. Description: IIS ASP.NET Core Module V2 Request Handler. Commit: </Data></EventData></Event><Event><System><Provider Name="IIS AspNetCore Module V2"/><EventID>1032</EventID><Level>4</Level><Task>0</Task><Keywords>Keywords</Keywords><TimeCreated SystemTime="2025-12-13T13:34:53Z"/><EventRecordID>-1730805562</EventRecordID><Channel>Application</Channel><Computer>WEBWK000003</Computer><Security/></System><EventData><Data>Application 'C:\home\site\wwwroot\' started successfully.</Data><Data>Process Id: 10408.</Data><Data>File Version: 18.0.25301.22. Description: IIS ASP.NET Core Module V2 Request Handler. Commit: </Data></EventData></Event><Event><System><Provider Name="IIS AspNetCore Module V2"/><EventID>1033</EventID><Level>4</Level><Task>0</Task><Keywords>Keywords</Keywords><TimeCreated SystemTime="2025-12-13T14:39:47Z"/><EventRecordID>-1726912078</EventRecordID><Channel>Application</Channel><Computer>WEBWK000003</Computer><Security/></System><EventData><Data>Application 'MACHINE/WEBROOT/APPHOST/SMARTSTUDY-API' has shutdown.</Data><Data>Process Id: 10408.</Data><Data>File Version: 18.0.25301.22. Description: IIS ASP.NET Core Module V2 Request Handler. Commit: </Data></EventData></Event><Event><System><Provider Name="IIS AspNetCore Module V2"/><EventID>1032</EventID><Level>4</Level><Task>0</Task><Keywords>Keywords</Keywords><TimeCreated SystemTime="2025-12-13T15:20:50Z"/><EventRecordID>-1724449140</EventRecordID><Channel>Application</Channel><Computer>WEBWK000003</Computer><Security/></System><EventData><Data>Application 'C:\home\site\wwwroot\' started successfully.</Data><Data>Process Id: 11132.</Data><Data>File Version: 18.0.25301.22. Description: IIS ASP.NET Core Module V2 Request Handler. Commit: </Data></EventData></Event><Event><System><Provider Name="IIS AspNetCore Module V2"/><EventID>1012</EventID><Level>4</Level><Task>0</Task><Keywords>Keywords</Keywords><TimeCreated SystemTime="2025-12-13T15:21:07Z"/><EventRecordID>-1724432156</EventRecordID><Channel>Application</Channel><Computer>WEBWK000003</Computer><Security/></System><EventData><Data>Application 'C:\home\site\wwwroot\' was recycled after detecting app_offline.htm.</Data><Data>Process Id: 11132.</Data><Data>File Version: 18.0.25301.22. Description: IIS ASP.NET Core Module V2 Request Handler. Commit: </Data></EventData></Event><Event><System><Provider Name="IIS AspNetCore Module V2"/><EventID>1033</EventID><Level>4</Level><Task>0</Task><Keywords>Keywords</Keywords><TimeCreated SystemTime="2025-12-13T15:21:08Z"/><EventRecordID>-1724431453</EventRecordID><Channel>Application</Channel><Computer>WEBWK000003</Computer><Security/></System><EventData><Data>Application 'MACHINE/WEBROOT/APPHOST/SMARTSTUDY-API' has shutdown.</Data><Data>Process Id: 11132.</Data><Data>File Version: 18.0.25301.22. Description: IIS ASP.NET Core Module V2 Request Handler. Commit: </Data></EventData></Event><Event><System><Provider Name="IIS AspNetCore Module V2"/><EventID>1032</EventID><Level>4</Level><Task>0</Task><Keywords>Keywords</Keywords><TimeCreated SystemTime="2025-12-13T15:41:23Z"/><EventRecordID>-1723216203</EventRecordID><Channel>Application</Channel><Computer>WEBWK000003</Computer><Security/></System><EventData><Data>Application 'C:\home\site\wwwroot\' started successfully.</Data><Data>Process Id: 7108.</Data><Data>File Version: 18.0.25301.22. Description: IIS ASP.NET Core Module V2 Request Handler. Commit: </Data></EventData></Event><Event><System><Provider Name="IIS AspNetCore Module V2"/><EventID>1012</EventID><Level>4</Level><Task>0</Task><Keywords>Keywords</Keywords><TimeCreated SystemTime="2025-12-13T15:42:23Z"/><EventRecordID>-1723155734</EventRecordID><Channel>Application</Channel><Computer>WEBWK000003</Computer><Security/></System><EventData><Data>Application 'C:\home\site\wwwroot\' was recycled after detecting app_offline.htm.</Data><Data>Process Id: 7108.</Data><Data>File Version: 18.0.25301.22. Description: IIS ASP.NET Core Module V2 Request Handler. Commit: </Data></EventData></Event><Event><System><Provider Name="IIS AspNetCore Module V2"/><EventID>1033</EventID><Level>4</Level><Task>0</Task><Keywords>Keywords</Keywords><TimeCreated SystemTime="2025-12-13T15:42:24Z"/><EventRecordID>-1723155562</EventRecordID><Channel>Application</Channel><Computer>WEBWK000003</Computer><Security/></System><EventData><Data>Application 'MACHINE/WEBROOT/APPHOST/SMARTSTUDY-API' has shutdown.</Data><Data>Process Id: 7108.</Data><Data>File Version: 18.0.25301.22. Description: IIS ASP.NET Core Module V2 Request Handler. Commit: </Data></EventData></Event><Event><System><Provider Name="IIS AspNetCore Module V2"/><EventID>1032</EventID><Level>4</Level><Task>0</Task><Keywords>Keywords</Keywords><TimeCreated SystemTime="2025-12-13T16:11:10Z"/><EventRecordID>-1721429593</EventRecordID><Channel>Application</Channel><Computer>WEBWK000003</Computer><Security/></System><EventData><Data>Application 'C:\home\site\wwwroot\' started successfully.</Data><Data>Process Id: 18152.</Data><Data>File Version: 18.0.25301.22. Description: IIS ASP.NET Core Module V2 Request Handler. Commit: </Data></EventData></Event><Event><System><Provider Name="IIS AspNetCore Module V2"/><EventID>1033</EventID><Level>4</Level><Task>0</Task><Keywords>Keywords</Keywords><TimeCreated SystemTime="2025-12-13T16:53:03Z"/><EventRecordID>-1718916203</EventRecordID><Channel>Application</Channel><Computer>WEBWK000003</Computer><Security/></System><EventData><Data>Application 'MACHINE/WEBROOT/APPHOST/SMARTSTUDY-API' has shutdown.</Data><Data>Process Id: 18152.</Data><Data>File Version: 18.0.25301.22. Description: IIS ASP.NET Core Module V2 Request Handler. Commit: </Data></EventData></Event><Event><System><Provider Name="IIS AspNetCore Module V2"/><EventID>1032</EventID><Level>4</Level><Task>0</Task><Keywords>Keywords</Keywords><TimeCreated SystemTime="2025-12-13T16:53:26Z"/><EventRecordID>-1718893093</EventRecordID><Channel>Application</Channel><Computer>WEBWK000003</Computer><Security/></System><EventData><Data>Application 'C:\home\site\wwwroot\' started successfully.</Data><Data>Process Id: 12864.</Data><Data>File Version: 18.0.25301.22. Description: IIS ASP.NET Core Module V2 Request Handler. Commit: </Data></EventData></Event><Event><System><Provider Name="IIS AspNetCore Module V2"/><EventID>1012</EventID><Level>4</Level><Task>0</Task><Keywords>Keywords</Keywords><TimeCreated SystemTime="2025-12-13T17:21:48Z"/><EventRecordID>-1717191171</EventRecordID><Channel>Application</Channel><Computer>WEBWK000003</Computer><Security/></System><EventData><Data>Application 'C:\home\site\wwwroot\' was recycled after detecting app_offline.htm.</Data><Data>Process Id: 12864.</Data><Data>File Version: 18.0.25301.22. Description: IIS ASP.NET Core Module V2 Request Handler. Commit: </Data></EventData></Event><Event><System><Provider Name="IIS AspNetCore Module V2"/><EventID>1033</EventID><Level>4</Level><Task>0</Task><Keywords>Keywords</Keywords><TimeCreated SystemTime="2025-12-13T17:21:48Z"/><EventRecordID>-1717191031</EventRecordID><Channel>Application</Channel><Computer>WEBWK000003</Computer><Security/></System><EventData><Data>Application 'MACHINE/WEBROOT/APPHOST/SMARTSTUDY-API' has shutdown.</Data><Data>Process Id: 12864.</Data><Data>File Version: 18.0.25301.22. Description: IIS ASP.NET Core Module V2 Request Handler. Commit: </Data></EventData></Event><Event><System><Provider Name="IIS AspNetCore Module V2"/><EventID>1032</EventID><Level>4</Level><Task>0</Task><Keywords>Keywords</Keywords><TimeCreated SystemTime="2025-12-13T17:22:41Z"/><EventRecordID>-1717138812</EventRecordID><Channel>Application</Channel><Computer>WEBWK000003</Computer><Security/></System><EventData><Data>Application 'C:\home\site\wwwroot\' started successfully.</Data><Data>Process Id: 13516.</Data><Data>File Version: 18.0.25301.22. Description: IIS ASP.NET Core Module V2 Request Handler. Commit: </Data></EventData></Event><Event><System><Provider Name="IIS AspNetCore Module V2"/><EventID>1033</EventID><Level>4</Level><Task>0</Task><Keywords>Keywords</Keywords><TimeCreated SystemTime="2025-12-13T18:56:34Z"/><EventRecordID>-1711505531</EventRecordID><Channel>Application</Channel><Computer>WEBWK000003</Computer><Security/></System><EventData><Data>Application 'MACHINE/WEBROOT/APPHOST/SMARTSTUDY-API' has shutdown.</Data><Data>Process Id: 13516.</Data><Data>File Version: 18.0.25301.22. Description: IIS ASP.NET Core Module V2 Request Handler. Commit: </Data></EventData></Event><Event><System><Provider Name="IIS AspNetCore Module V2"/><EventID>1032</EventID><Level>4</Level><Task>0</Task><Keywords>Keywords</Keywords><TimeCreated SystemTime="2025-12-13T19:08:55Z"/><EventRecordID>-1710764937</EventRecordID><Channel>Application</Channel><Computer>WEBWK000003</Computer><Security/></System><EventData><Data>Application 'C:\home\site\wwwroot\' started successfully.</Data><Data>Process Id: 20828.</Data><Data>File Version: 18.0.25301.22. Description: IIS ASP.NET Core Module V2 Request Handler. Commit: </Data></EventData></Event><Event><System><Provider Name="IIS AspNetCore Module V2"/><EventID>1012</EventID><Level>4</Level><Task>0</Task><Keywords>Keywords</Keywords><TimeCreated SystemTime="2025-12-13T19:44:16Z"/><EventRecordID>-1708643796</EventRecordID><Channel>Application</Channel><Computer>WEBWK000003</Computer><Security/></System><EventData><Data>Application 'C:\home\site\wwwroot\' was recycled after detecting app_offline.htm.</Data><Data>Process Id: 20828.</Data><Data>File Version: 18.0.25301.22. Description: IIS ASP.NET Core Module V2 Request Handler. Commit: </Data></EventData></Event><Event><System><Provider Name="IIS AspNetCore Module V2"/><EventID>1033</EventID><Level>4</Level><Task>0</Task><Keywords>Keywords</Keywords><TimeCreated SystemTime="2025-12-13T19:44:16Z"/><EventRecordID>-1708643687</EventRecordID><Channel>Application</Channel><Computer>WEBWK000003</Computer><Security/></System><EventData><Data>Application 'MACHINE/WEBROOT/APPHOST/SMARTSTUDY-API' has shutdown.</Data><Data>Process Id: 20828.</Data><Data>File Version: 18.0.25301.22. Description: IIS ASP.NET Core Module V2 Request Handler. Commit: </Data></EventData></Event><Event><System><Provider Name="IIS AspNetCore Module V2"/><EventID>1032</EventID><Level>4</Level><Task>0</Task><Keywords>Keywords</Keywords><TimeCreated SystemTime="2025-12-13T19:49:00Z"/><EventRecordID>-1708359578</EventRecordID><Channel>Application</Channel><Computer>WEBWK000003</Computer><Security/></System><EventData><Data>Application 'C:\home\site\wwwroot\' started successfully.</Data><Data>Process Id: 18756.</Data><Data>File Version: 18.0.25301.22. Description: IIS ASP.NET Core Module V2 Request Handler. Commit: </Data></EventData></Event><Event><System><Provider Name="IIS AspNetCore Module V2"/><EventID>1012</EventID><Level>4</Level><Task>0</Task><Keywords>Keywords</Keywords><TimeCreated SystemTime="2025-12-13T19:51:55Z"/><EventRecordID>-1708184437</EventRecordID><Channel>Application</Channel><Computer>WEBWK000003</Computer><Security/></System><EventData><Data>Application 'C:\home\site\wwwroot\' was recycled after detecting app_offline.htm.</Data><Data>Process Id: 18756.</Data><Data>File Version: 18.0.25301.22. Description: IIS ASP.NET Core Module V2 Request Handler. Commit: </Data></EventData></Event><Event><System><Provider Name="IIS AspNetCore Module V2"/><EventID>1033</EventID><Level>4</Level><Task>0</Task><Keywords>Keywords</Keywords><TimeCreated SystemTime="2025-12-13T19:51:55Z"/><EventRecordID>-1708184343</EventRecordID><Channel>Application</Channel><Computer>WEBWK000003</Computer><Security/></System><EventData><Data>Application 'MACHINE/WEBROOT/APPHOST/SMARTSTUDY-API' has shutdown.</Data><Data>Process Id: 18756.</Data><Data>File Version: 18.0.25301.22. Description: IIS ASP.NET Core Module V2 Request Handler. Commit: </Data></EventData></Event><Event><System><Provider Name="IIS AspNetCore Module V2"/><EventID>1032</EventID><Level>4</Level><Task>0</Task><Keywords>Keywords</Keywords><TimeCreated SystemTime="2025-12-13T19:53:33Z"/><EventRecordID>-1708086531</EventRecordID><Channel>Application</Channel><Computer>WEBWK000003</Computer><Security/></System><EventData><Data>Application 'C:\home\site\wwwroot\' started successfully.</Data><Data>Process Id: 19892.</Data><Data>File Version: 18.0.25301.22. Description: IIS ASP.NET Core Module V2 Request Handler. Commit: </Data></EventData></Event><Event><System><Provider Name="IIS AspNetCore Module V2"/><EventID>1012</EventID><Level>4</Level><Task>0</Task><Keywords>Keywords</Keywords><TimeCreated SystemTime="2025-12-13T19:58:44Z"/><EventRecordID>-1707776187</EventRecordID><Channel>Application</Channel><Computer>WEBWK000003</Computer><Security/></System><EventData><Data>Application 'C:\home\site\wwwroot\' was recycled after detecting app_offline.htm.</Data><Data>Process Id: 19892.</Data><Data>File Version: 18.0.25301.22. Description: IIS ASP.NET Core Module V2 Request Handler. Commit: </Data></EventData></Event><Event><System><Provider Name="IIS AspNetCore Module V2"/><EventID>1033</EventID><Level>4</Level><Task>0</Task><Keywords>Keywords</Keywords><TimeCreated SystemTime="2025-12-13T19:58:44Z"/><EventRecordID>-1707776109</EventRecordID><Channel>Application</Channel><Computer>WEBWK000003</Computer><Security/></System><EventData><Data>Application 'MACHINE/WEBROOT/APPHOST/SMARTSTUDY-API' has shutdown.</Data><Data>Process Id: 19892.</Data><Data>File Version: 18.0.25301.22. Description: IIS ASP.NET Core Module V2 Request Handler. Commit: </Data></EventData></Event><Event><System><Provider Name="IIS AspNetCore Module V2"/><EventID>1032</EventID><Level>4</Level><Task>0</Task><Keywords>Keywords</Keywords><TimeCreated SystemTime="2025-12-13T19:59:09Z"/><EventRecordID>-1707750640</EventRecordID><Channel>Application</Channel><Computer>WEBWK000003</Computer><Security/></System><EventData><Data>Application 'C:\home\site\wwwroot\' started successfully.</Data><Data>Process Id: 12776.</Data><Data>File Version: 18.0.25301.22. Description: IIS ASP.NET Core Module V2 Request Handler. Commit: </Data></EventData></Event><Event><System><Provider Name=".NET Runtime"/><EventID>1026</EventID><Level>1</Level><Task>0</Task><Keywords>Keywords</Keywords><TimeCreated SystemTime="2025-12-13T19:59:10Z"/><EventRecordID>-1707749453</EventRecordID><Channel>Application</Channel><Computer>WEBWK000003</Computer><Security/></System><EventData><Data>Application: w3wp.exe
CoreCLR Version: 8.0.2225.52707
.NET Version: 8.0.22
Description: The process was terminated due to an unhandled exception.
Exception Info: System.AggregateException: One or more errors occurred. (Cannot access a disposed object.
Object name: 'System.Threading.SemaphoreSlim'.)
 ---&gt; System.ObjectDisposedException: Cannot access a disposed object.
Object name: 'System.Threading.SemaphoreSlim'.
   at System.Threading.SemaphoreSlim.Release(Int32 releaseCount)
   at System.Threading.SemaphoreSlim.Release()
   at Microsoft.ApplicationInsights.SnapshotCollector.Pipeline.ProducerConsumerQueue`1.Produce(T workItem)
   at Microsoft.ApplicationInsights.SnapshotCollector.Uploader.SendShutdownRequest()
   at Microsoft.ApplicationInsights.SnapshotCollector.Uploader.Shutdown()
   at System.Threading.CancellationToken.&lt;&gt;c.&lt;Register&gt;b__12_0(Object obj)
   at System.Threading.CancellationTokenSource.Invoke(Delegate d, Object state, CancellationTokenSource source)
   at System.Threading.CancellationTokenSource.CallbackNode.&lt;&gt;c.&lt;ExecuteCallback&gt;b__9_0(Object s)
   at System.Threading.ExecutionContext.RunInternal(ExecutionContext executionContext, ContextCallback callback, Object state)
--- End of stack trace from previous location ---
   at System.Threading.ExecutionContext.RunInternal(ExecutionContext executionContext, ContextCallback callback, Object state)
   at System.Threading.CancellationTokenSource.CallbackNode.ExecuteCallback()
   at System.Threading.CancellationTokenSource.ExecuteCallbackHandlers(Boolean throwOnFirstException)
   --- End of inner exception stack trace ---
   at System.Threading.CancellationTokenSource.ExecuteCallbackHandlers(Boolean throwOnFirstException)
   at System.Threading.CancellationTokenSource.Cancel()
   at Microsoft.ApplicationInsights.SnapshotCollector.ApplicationLifetimeManager.Stop()
   at Microsoft.ApplicationInsights.SnapshotCollector.AssemblyLoadContextLifetimeManager.OnUnloading(Object sender)
   at System.Action`1.Invoke(T obj)
   at System.Runtime.Loader.AssemblyLoadContext.OnProcessExit()
   at System.AppContext.OnProcessExit()
</Data></EventData></Event><Event><System><Provider Name="IIS AspNetCore Module V2"/><EventID>1032</EventID><Level>4</Level><Task>0</Task><Keywords>Keywords</Keywords><TimeCreated SystemTime="2025-12-14T00:55:14Z"/><EventRecordID>-1689987000</EventRecordID><Channel>Application</Channel><Computer>WEBWK000003</Computer><Security/></System><EventData><Data>Application 'C:\home\site\wwwroot\' started successfully.</Data><Data>Process Id: 5716.</Data><Data>File Version: 18.0.25301.22. Description: IIS ASP.NET Core Module V2 Request Handler. Commit: </Data></EventData></Event><Event><System><Provider Name="IIS AspNetCore Module V2"/><EventID>1033</EventID><Level>4</Level><Task>0</Task><Keywords>Keywords</Keywords><TimeCreated SystemTime="2025-12-14T01:16:02Z"/><EventRecordID>-1688738343</EventRecordID><Channel>Application</Channel><Computer>WEBWK000003</Computer><Security/></System><EventData><Data>Application 'MACHINE/WEBROOT/APPHOST/SMARTSTUDY-API' has shutdown.</Data><Data>Process Id: 5716.</Data><Data>File Version: 18.0.25301.22. Description: IIS ASP.NET Core Module V2 Request Handler. Commit: </Data></EventData></Event><Event><System><Provider Name="IIS AspNetCore Module V2"/><EventID>1032</EventID><Level>4</Level><Task>0</Task><Keywords>Keywords</Keywords><TimeCreated SystemTime="2025-12-14T07:43:00Z"/><EventRecordID>-1665522046</EventRecordID><Channel>Application</Channel><Computer>WEBWK000003</Computer><Security/></System><EventData><Data>Application 'C:\home\site\wwwroot\' started successfully.</Data><Data>Process Id: 19700.</Data><Data>File Version: 18.0.25301.22. Description: IIS ASP.NET Core Module V2 Request Handler. Commit: </Data></EventData></Event><Event><System><Provider Name="IIS AspNetCore Module V2"/><EventID>1033</EventID><Level>4</Level><Task>0</Task><Keywords>Keywords</Keywords><TimeCreated SystemTime="2025-12-14T08:07:53Z"/><EventRecordID>-1664028781</EventRecordID><Channel>Application</Channel><Computer>WEBWK000003</Computer><Security/></System><EventData><Data>Application 'MACHINE/WEBROOT/APPHOST/SMARTSTUDY-API' has shutdown.</Data><Data>Process Id: 19700.</Data><Data>File Version: 18.0.25301.22. Description: IIS ASP.NET Core Module V2 Request Handler. Commit: </Data></EventData></Event><Event><System><Provider Name="IIS AspNetCore Module V2"/><EventID>1032</EventID><Level>4</Level><Task>0</Task><Keywords>Keywords</Keywords><TimeCreated SystemTime="2025-12-14T08:30:53Z"/><EventRecordID>-1662648953</EventRecordID><Channel>Application</Channel><Computer>WEBWK000003</Computer><Security/></System><EventData><Data>Application 'C:\home\site\wwwroot\' started successfully.</Data><Data>Process Id: 12680.</Data><Data>File Version: 18.0.25301.22. Description: IIS ASP.NET Core Module V2 Request Handler. Commit: </Data></EventData></Event><Event><System><Provider Name="IIS AspNetCore Module V2"/><EventID>1033</EventID><Level>4</Level><Task>0</Task><Keywords>Keywords</Keywords><TimeCreated SystemTime="2025-12-14T09:09:46Z"/><EventRecordID>-1660315390</EventRecordID><Channel>Application</Channel><Computer>WEBWK000003</Computer><Security/></System><EventData><Data>Application 'MACHINE/WEBROOT/APPHOST/SMARTSTUDY-API' has shutdown.</Data><Data>Process Id: 12680.</Data><Data>File Version: 18.0.25301.22. Description: IIS ASP.NET Core Module V2 Request Handler. Commit: </Data></EventData></Event><Event><System><Provider Name="IIS AspNetCore Module V2"/><EventID>1032</EventID><Level>4</Level><Task>0</Task><Keywords>Keywords</Keywords><TimeCreated SystemTime="2025-12-14T09:20:07Z"/><EventRecordID>-1659694734</EventRecordID><Channel>Application</Channel><Computer>WEBWK000003</Computer><Security/></System><EventData><Data>Application 'C:\home\site\wwwroot\' started successfully.</Data><Data>Process Id: 21272.</Data><Data>File Version: 18.0.25301.22. Description: IIS ASP.NET Core Module V2 Request Handler. Commit: </Data></EventData></Event><Event><System><Provider Name="IIS AspNetCore Module V2"/><EventID>1012</EventID><Level>4</Level><Task>0</Task><Keywords>Keywords</Keywords><TimeCreated SystemTime="2025-12-14T09:40:27Z"/><EventRecordID>-1658474546</EventRecordID><Channel>Application</Channel><Computer>WEBWK000003</Computer><Security/></System><EventData><Data>Application 'C:\home\site\wwwroot\' was recycled after detecting app_offline.htm.</Data><Data>Process Id: 21272.</Data><Data>File Version: 18.0.25301.22. Description: IIS ASP.NET Core Module V2 Request Handler. Commit: </Data></EventData></Event><Event><System><Provider Name="IIS AspNetCore Module V2"/><EventID>1033</EventID><Level>4</Level><Task>0</Task><Keywords>Keywords</Keywords><TimeCreated SystemTime="2025-12-14T09:40:27Z"/><EventRecordID>-1658474437</EventRecordID><Channel>Application</Channel><Computer>WEBWK000003</Computer><Security/></System><EventData><Data>Application 'MACHINE/WEBROOT/APPHOST/SMARTSTUDY-API' has shutdown.</Data><Data>Process Id: 21272.</Data><Data>File Version: 18.0.25301.22. Description: IIS ASP.NET Core Module V2 Request Handler. Commit: </Data></EventData></Event><Event><System><Provider Name="IIS AspNetCore Module V2"/><EventID>1032</EventID><Level>4</Level><Task>0</Task><Keywords>Keywords</Keywords><TimeCreated SystemTime="2025-12-14T09:47:39Z"/><EventRecordID>-1658043234</EventRecordID><Channel>Application</Channel><Computer>WEBWK000003</Computer><Security/></System><EventData><Data>Application 'C:\home\site\wwwroot\' started successfully.</Data><Data>Process Id: 4908.</Data><Data>File Version: 18.0.25301.22. Description: IIS ASP.NET Core Module V2 Request Handler. Commit: </Data></EventData></Event><Event><System><Provider Name="IIS AspNetCore Module V2"/><EventID>1033</EventID><Level>4</Level><Task>0</Task><Keywords>Keywords</Keywords><TimeCreated SystemTime="2025-12-14T10:27:33Z"/><EventRecordID>-1655649468</EventRecordID><Channel>Application</Channel><Computer>WEBWK000003</Computer><Security/></System><EventData><Data>Application 'MACHINE/WEBROOT/APPHOST/SMARTSTUDY-API' has shutdown.</Data><Data>Process Id: 4908.</Data><Data>File Version: 18.0.25301.22. Description: IIS ASP.NET Core Module V2 Request Handler. Commit: </Data></EventData></Event><Event><System><Provider Name="IIS AspNetCore Module V2"/><EventID>1032</EventID><Level>4</Level><Task>0</Task><Keywords>Keywords</Keywords><TimeCreated SystemTime="2025-12-14T10:39:21Z"/><EventRecordID>-1654941296</EventRecordID><Channel>Application</Channel><Computer>WEBWK000003</Computer><Security/></System><EventData><Data>Application 'C:\home\site\wwwroot\' started successfully.</Data><Data>Process Id: 17192.</Data><Data>File Version: 18.0.25301.22. Description: IIS ASP.NET Core Module V2 Request Handler. Commit: </Data></EventData></Event><Event><System><Provider Name="IIS AspNetCore Module V2"/><EventID>1012</EventID><Level>4</Level><Task>0</Task><Keywords>Keywords</Keywords><TimeCreated SystemTime="2025-12-14T11:01:13Z"/><EventRecordID>-1653629234</EventRecordID><Channel>Application</Channel><Computer>WEBWK000003</Computer><Security/></System><EventData><Data>Application 'C:\home\site\wwwroot\' was recycled after detecting app_offline.htm.</Data><Data>Process Id: 17192.</Data><Data>File Version: 18.0.25301.22. Description: IIS ASP.NET Core Module V2 Request Handler. Commit: </Data></EventData></Event><Event><System><Provider Name="IIS AspNetCore Module V2"/><EventID>1033</EventID><Level>4</Level><Task>0</Task><Keywords>Keywords</Keywords><TimeCreated SystemTime="2025-12-14T11:01:13Z"/><EventRecordID>-1653629093</EventRecordID><Channel>Application</Channel><Computer>WEBWK000003</Computer><Security/></System><EventData><Data>Application 'MACHINE/WEBROOT/APPHOST/SMARTSTUDY-API' has shutdown.</Data><Data>Process Id: 17192.</Data><Data>File Version: 18.0.25301.22. Description: IIS ASP.NET Core Module V2 Request Handler. Commit: </Data></EventData></Event><Event><System><Provider Name="IIS AspNetCore Module V2"/><EventID>1032</EventID><Level>4</Level><Task>0</Task><Keywords>Keywords</Keywords><TimeCreated SystemTime="2025-12-14T11:08:33Z"/><EventRecordID>-1653188937</EventRecordID><Channel>Application</Channel><Computer>WEBWK000003</Computer><Security/></System><EventData><Data>Application 'C:\home\site\wwwroot\' started successfully.</Data><Data>Process Id: 13880.</Data><Data>File Version: 18.0.25301.22. Description: IIS ASP.NET Core Module V2 Request Handler. Commit: </Data></EventData></Event><Event><System><Provider Name="IIS AspNetCore Module V2"/><EventID>1012</EventID><Level>4</Level><Task>0</Task><Keywords>Keywords</Keywords><TimeCreated SystemTime="2025-12-14T11:19:15Z"/><EventRecordID>-1652547109</EventRecordID><Channel>Application</Channel><Computer>WEBWK000003</Computer><Security/></System><EventData><Data>Application 'C:\home\site\wwwroot\' was recycled after detecting app_offline.htm.</Data><Data>Process Id: 13880.</Data><Data>File Version: 18.0.25301.22. Description: IIS ASP.NET Core Module V2 Request Handler. Commit: </Data></EventData></Event><Event><System><Provider Name="IIS AspNetCore Module V2"/><EventID>1005</EventID><Level>2</Level><Task>0</Task><Keywords>Keywords</Keywords><TimeCreated SystemTime="2025-12-14T11:19:25Z"/><EventRecordID>-1652537062</EventRecordID><Channel>Application</Channel><Computer>WEBWK000003</Computer><Security/></System><EventData><Data>Failed to gracefully shutdown application 'MACHINE/WEBROOT/APPHOST/SMARTSTUDY-API'.</Data><Data>Process Id: 13880.</Data><Data>File Version: 18.0.25301.22. Description: IIS ASP.NET Core Module V2 Request Handler. Commit: </Data></EventData></Event><Event><System><Provider Name="IIS AspNetCore Module V2"/><EventID>1032</EventID><Level>4</Level><Task>0</Task><Keywords>Keywords</Keywords><TimeCreated SystemTime="2025-12-14T11:19:59Z"/><EventRecordID>-1652503546</EventRecordID><Channel>Application</Channel><Computer>WEBWK000003</Computer><Security/></System><EventData><Data>Application 'C:\home\site\wwwroot\' started successfully.</Data><Data>Process Id: 9536.</Data><Data>File Version: 18.0.25301.22. Description: IIS ASP.NET Core Module V2 Request Handler. Commit: </Data></EventData></Event><Event><System><Provider Name="IIS AspNetCore Module V2"/><EventID>1033</EventID><Level>4</Level><Task>0</Task><Keywords>Keywords</Keywords><TimeCreated SystemTime="2025-12-14T11:59:52Z"/><EventRecordID>-1650110031</EventRecordID><Channel>Application</Channel><Computer>WEBWK000003</Computer><Security/></System><EventData><Data>Application 'MACHINE/WEBROOT/APPHOST/SMARTSTUDY-API' has shutdown.</Data><Data>Process Id: 9536.</Data><Data>File Version: 18.0.25301.22. Description: IIS ASP.NET Core Module V2 Request Handler. Commit: </Data></EventData></Event><Event><System><Provider Name="IIS AspNetCore Module V2"/><EventID>1032</EventID><Level>4</Level><Task>0</Task><Keywords>Keywords</Keywords><TimeCreated SystemTime="2025-12-14T12:00:53Z"/><EventRecordID>-1650048984</EventRecordID><Channel>Application</Channel><Computer>WEBWK000003</Computer><Security/></System><EventData><Data>Application 'C:\home\site\wwwroot\' started successfully.</Data><Data>Process Id: 17744.</Data><Data>File Version: 18.0.25301.22. Description: IIS ASP.NET Core Module V2 Request Handler. Commit: </Data></EventData></Event><Event><System><Provider Name="IIS AspNetCore Module V2"/><EventID>1012</EventID><Level>4</Level><Task>0</Task><Keywords>Keywords</Keywords><TimeCreated SystemTime="2025-12-14T12:10:55Z"/><EventRecordID>-1649447734</EventRecordID><Channel>Application</Channel><Computer>WEBWK000003</Computer><Security/></System><EventData><Data>Application 'C:\home\site\wwwroot\' was recycled after detecting app_offline.htm.</Data><Data>Process Id: 17744.</Data><Data>File Version: 18.0.25301.22. Description: IIS ASP.NET Core Module V2 Request Handler. Commit: </Data></EventData></Event><Event><System><Provider Name="IIS AspNetCore Module V2"/><EventID>1033</EventID><Level>4</Level><Task>0</Task><Keywords>Keywords</Keywords><TimeCreated SystemTime="2025-12-14T12:10:55Z"/><EventRecordID>-1649447625</EventRecordID><Channel>Application</Channel><Computer>WEBWK000003</Computer><Security/></System><EventData><Data>Application 'MACHINE/WEBROOT/APPHOST/SMARTSTUDY-API' has shutdown.</Data><Data>Process Id: 17744.</Data><Data>File Version: 18.0.25301.22. Description: IIS ASP.NET Core Module V2 Request Handler. Commit: </Data></EventData></Event><Event><System><Provider Name="IIS AspNetCore Module V2"/><EventID>1032</EventID><Level>4</Level><Task>0</Task><Keywords>Keywords</Keywords><TimeCreated SystemTime="2025-12-14T12:12:07Z"/><EventRecordID>-1649375734</EventRecordID><Channel>Application</Channel><Computer>WEBWK000003</Computer><Security/></System><EventData><Data>Application 'C:\home\site\wwwroot\' started successfully.</Data><Data>Process Id: 6688.</Data><Data>File Version: 18.0.25301.22. Description: IIS ASP.NET Core Module V2 Request Handler. Commit: </Data></EventData></Event><Event><System><Provider Name="IIS AspNetCore Module V2"/><EventID>1012</EventID><Level>4</Level><Task>0</Task><Keywords>Keywords</Keywords><TimeCreated SystemTime="2025-12-14T12:32:56Z"/><EventRecordID>-1648126156</EventRecordID><Channel>Application</Channel><Computer>WEBWK000003</Computer><Security/></System><EventData><Data>Application 'C:\home\site\wwwroot\' was recycled after detecting app_offline.htm.</Data><Data>Process Id: 6688.</Data><Data>File Version: 18.0.25301.22. Description: IIS ASP.NET Core Module V2 Request Handler. Commit: </Data></EventData></Event><Event><System><Provider Name="IIS AspNetCore Module V2"/><EventID>1033</EventID><Level>4</Level><Task>0</Task><Keywords>Keywords</Keywords><TimeCreated SystemTime="2025-12-14T12:32:56Z"/><EventRecordID>-1648126046</EventRecordID><Channel>Application</Channel><Computer>WEBWK000003</Computer><Security/></System><EventData><Data>Application 'MACHINE/WEBROOT/APPHOST/SMARTSTUDY-API' has shutdown.</Data><Data>Process Id: 6688.</Data><Data>File Version: 18.0.25301.22. Description: IIS ASP.NET Core Module V2 Request Handler. Commit: </Data></EventData></Event><Event><System><Provider Name="IIS AspNetCore Module V2"/><EventID>1032</EventID><Level>4</Level><Task>0</Task><Keywords>Keywords</Keywords><TimeCreated SystemTime="2025-12-14T12:33:26Z"/><EventRecordID>-1648096296</EventRecordID><Channel>Application</Channel><Computer>WEBWK000003</Computer><Security/></System><EventData><Data>Application 'C:\home\site\wwwroot\' started successfully.</Data><Data>Process Id: 6876.</Data><Data>File Version: 18.0.25301.22. Description: IIS ASP.NET Core Module V2 Request Handler. Commit: </Data></EventData></Event><Event><System><Provider Name="IIS AspNetCore Module V2"/><EventID>1033</EventID><Level>4</Level><Task>0</Task><Keywords>Keywords</Keywords><TimeCreated SystemTime="2025-12-14T12:33:27Z"/><EventRecordID>-1648094859</EventRecordID><Channel>Application</Channel><Computer>WEBWK000003</Computer><Security/></System><EventData><Data>Application 'MACHINE/WEBROOT/APPHOST/SMARTSTUDY-API' has shutdown.</Data><Data>Process Id: 6876.</Data><Data>File Version: 18.0.25301.22. Description: IIS ASP.NET Core Module V2 Request Handler. Commit: </Data></EventData></Event><Event><System><Provider Name="IIS AspNetCore Module V2"/><EventID>1032</EventID><Level>4</Level><Task>0</Task><Keywords>Keywords</Keywords><TimeCreated SystemTime="2025-12-14T12:34:12Z"/><EventRecordID>-1648049921</EventRecordID><Channel>Application</Channel><Computer>WEBWK000003</Computer><Security/></System><EventData><Data>Application 'C:\home\site\wwwroot\' started successfully.</Data><Data>Process Id: 17828.</Data><Data>File Version: 18.0.25301.22. Description: IIS ASP.NET Core Module V2 Request Handler. Commit: </Data></EventData></Event><Event><System><Provider Name="IIS AspNetCore Module V2"/><EventID>1012</EventID><Level>4</Level><Task>0</Task><Keywords>Keywords</Keywords><TimeCreated SystemTime="2025-12-14T12:50:28Z"/><EventRecordID>-1647074234</EventRecordID><Channel>Application</Channel><Computer>WEBWK000003</Computer><Security/></System><EventData><Data>Application 'C:\home\site\wwwroot\' was recycled after detecting app_offline.htm.</Data><Data>Process Id: 17828.</Data><Data>File Version: 18.0.25301.22. Description: IIS ASP.NET Core Module V2 Request Handler. Commit: </Data></EventData></Event><Event><System><Provider Name="IIS AspNetCore Module V2"/><EventID>1033</EventID><Level>4</Level><Task>0</Task><Keywords>Keywords</Keywords><TimeCreated SystemTime="2025-12-14T12:50:28Z"/><EventRecordID>-1647074109</EventRecordID><Channel>Application</Channel><Computer>WEBWK000003</Computer><Security/></System><EventData><Data>Application 'MACHINE/WEBROOT/APPHOST/SMARTSTUDY-API' has shutdown.</Data><Data>Process Id: 17828.</Data><Data>File Version: 18.0.25301.22. Description: IIS ASP.NET Core Module V2 Request Handler. Commit: </Data></EventData></Event><Event><System><Provider Name="IIS AspNetCore Module V2"/><EventID>1032</EventID><Level>4</Level><Task>0</Task><Keywords>Keywords</Keywords><TimeCreated SystemTime="2025-12-14T12:54:49Z"/><EventRecordID>-1646813218</EventRecordID><Channel>Application</Channel><Computer>WEBWK000003</Computer><Security/></System><EventData><Data>Application 'C:\home\site\wwwroot\' started successfully.</Data><Data>Process Id: 8992.</Data><Data>File Version: 18.0.25301.22. Description: IIS ASP.NET Core Module V2 Request Handler. Commit: </Data></EventData></Event><Event><System><Provider Name="IIS AspNetCore Module V2"/><EventID>1012</EventID><Level>4</Level><Task>0</Task><Keywords>Keywords</Keywords><TimeCreated SystemTime="2025-12-14T12:54:50Z"/><EventRecordID>-1646812828</EventRecordID><Channel>Application</Channel><Computer>WEBWK000003</Computer><Security/></System><EventData><Data>Application 'C:\home\site\wwwroot\' was recycled after detecting app_offline.htm.</Data><Data>Process Id: 8992.</Data><Data>File Version: 18.0.25301.22. Description: IIS ASP.NET Core Module V2 Request Handler. Commit: </Data></EventData></Event><Event><System><Provider Name="IIS AspNetCore Module V2"/><EventID>1033</EventID><Level>4</Level><Task>0</Task><Keywords>Keywords</Keywords><TimeCreated SystemTime="2025-12-14T12:54:50Z"/><EventRecordID>-1646812109</EventRecordID><Channel>Application</Channel><Computer>WEBWK000003</Computer><Security/></System><EventData><Data>Application 'MACHINE/WEBROOT/APPHOST/SMARTSTUDY-API' has shutdown.</Data><Data>Process Id: 8992.</Data><Data>File Version: 18.0.25301.22. Description: IIS ASP.NET Core Module V2 Request Handler. Commit: </Data></EventData></Event><Event><System><Provider Name="IIS AspNetCore Module V2"/><EventID>1032</EventID><Level>4</Level><Task>0</Task><Keywords>Keywords</Keywords><TimeCreated SystemTime="2025-12-14T12:55:18Z"/><EventRecordID>-1646784109</EventRecordID><Channel>Application</Channel><Computer>WEBWK000003</Computer><Security/></System><EventData><Data>Application 'C:\home\site\wwwroot\' started successfully.</Data><Data>Process Id: 21420.</Data><Data>File Version: 18.0.25301.22. Description: IIS ASP.NET Core Module V2 Request Handler. Commit: </Data></EventData></Event><Event><System><Provider Name="IIS AspNetCore Module V2"/><EventID>1033</EventID><Level>4</Level><Task>0</Task><Keywords>Keywords</Keywords><TimeCreated SystemTime="2025-12-14T12:55:24Z"/><EventRecordID>-1646778578</EventRecordID><Channel>Application</Channel><Computer>WEBWK000003</Computer><Security/></System><EventData><Data>Application 'MACHINE/WEBROOT/APPHOST/SMARTSTUDY-API' has shutdown.</Data><Data>Process Id: 21420.</Data><Data>File Version: 18.0.25301.22. Description: IIS ASP.NET Core Module V2 Request Handler. Commit: </Data></EventData></Event><Event><System><Provider Name="IIS AspNetCore Module V2"/><EventID>1032</EventID><Level>4</Level><Task>0</Task><Keywords>Keywords</Keywords><TimeCreated SystemTime="2025-12-14T12:55:54Z"/><EventRecordID>-1646747906</EventRecordID><Channel>Application</Channel><Computer>WEBWK000003</Computer><Security/></System><EventData><Data>Application 'C:\home\site\wwwroot\' started successfully.</Data><Data>Process Id: 8088.</Data><Data>File Version: 18.0.25301.22. Description: IIS ASP.NET Core Module V2 Request Handler. Commit: </Data></EventData></Event><Event><System><Provider Name="IIS AspNetCore Module V2"/><EventID>1012</EventID><Level>4</Level><Task>0</Task><Keywords>Keywords</Keywords><TimeCreated SystemTime="2025-12-14T12:57:32Z"/><EventRecordID>-1646650531</EventRecordID><Channel>Application</Channel><Computer>WEBWK000003</Computer><Security/></System><EventData><Data>Application 'C:\home\site\wwwroot\' was recycled after detecting app_offline.htm.</Data><Data>Process Id: 8088.</Data><Data>File Version: 18.0.25301.22. Description: IIS ASP.NET Core Module V2 Request Handler. Commit: </Data></EventData></Event><Event><System><Provider Name="IIS AspNetCore Module V2"/><EventID>1033</EventID><Level>4</Level><Task>0</Task><Keywords>Keywords</Keywords><TimeCreated SystemTime="2025-12-14T12:57:32Z"/><EventRecordID>-1646650406</EventRecordID><Channel>Application</Channel><Computer>WEBWK000003</Computer><Security/></System><EventData><Data>Application 'MACHINE/WEBROOT/APPHOST/SMARTSTUDY-API' has shutdown.</Data><Data>Process Id: 8088.</Data><Data>File Version: 18.0.25301.22. Description: IIS ASP.NET Core Module V2 Request Handler. Commit: </Data></EventData></Event><Event><System><Provider Name="IIS AspNetCore Module V2"/><EventID>1032</EventID><Level>4</Level><Task>0</Task><Keywords>Keywords</Keywords><TimeCreated SystemTime="2025-12-14T12:57:52Z"/><EventRecordID>-1646630375</EventRecordID><Channel>Application</Channel><Computer>WEBWK000003</Computer><Security/></System><EventData><Data>Application 'C:\home\site\wwwroot\' started successfully.</Data><Data>Process Id: 4148.</Data><Data>File Version: 18.0.25301.22. Description: IIS ASP.NET Core Module V2 Request Handler. Commit: </Data></EventData></Event><Event><System><Provider Name="IIS AspNetCore Module V2"/><EventID>1033</EventID><Level>4</Level><Task>0</Task><Keywords>Keywords</Keywords><TimeCreated SystemTime="2025-12-14T12:57:54Z"/><EventRecordID>-1646628531</EventRecordID><Channel>Application</Channel><Computer>WEBWK000003</Computer><Security/></System><EventData><Data>Application 'MACHINE/WEBROOT/APPHOST/SMARTSTUDY-API' has shutdown.</Data><Data>Process Id: 4148.</Data><Data>File Version: 18.0.25301.22. Description: IIS ASP.NET Core Module V2 Request Handler. Commit: </Data></EventData></Event><Event><System><Provider Name="IIS AspNetCore Module V2"/><EventID>1032</EventID><Level>4</Level><Task>0</Task><Keywords>Keywords</Keywords><TimeCreated SystemTime="2025-12-14T13:16:09Z"/><EventRecordID>-1645533671</EventRecordID><Channel>Application</Channel><Computer>WEBWK000003</Computer><Security/></System><EventData><Data>Application 'C:\home\site\wwwroot\' started successfully.</Data><Data>Process Id: 8764.</Data><Data>File Version: 18.0.25301.22. Description: IIS ASP.NET Core Module V2 Request Handler. Commit: </Data></EventData></Event><Event><System><Provider Name="IIS AspNetCore Module V2"/><EventID>1012</EventID><Level>4</Level><Task>0</Task><Keywords>Keywords</Keywords><TimeCreated SystemTime="2025-12-14T13:37:14Z"/><EventRecordID>-1644268562</EventRecordID><Channel>Application</Channel><Computer>WEBWK000003</Computer><Security/></System><EventData><Data>Application 'C:\home\site\wwwroot\' was recycled after detecting app_offline.htm.</Data><Data>Process Id: 8764.</Data><Data>File Version: 18.0.25301.22. Description: IIS ASP.NET Core Module V2 Request Handler. Commit: </Data></EventData></Event><Event><System><Provider Name="IIS AspNetCore Module V2"/><EventID>1033</EventID><Level>4</Level><Task>0</Task><Keywords>Keywords</Keywords><TimeCreated SystemTime="2025-12-14T13:37:14Z"/><EventRecordID>-1644268453</EventRecordID><Channel>Application</Channel><Computer>WEBWK000003</Computer><Security/></System><EventData><Data>Application 'MACHINE/WEBROOT/APPHOST/SMARTSTUDY-API' has shutdown.</Data><Data>Process Id: 8764.</Data><Data>File Version: 18.0.25301.22. Description: IIS ASP.NET Core Module V2 Request Handler. Commit: </Data></EventData></Event><Event><System><Provider Name="IIS AspNetCore Module V2"/><EventID>1032</EventID><Level>4</Level><Task>0</Task><Keywords>Keywords</Keywords><TimeCreated SystemTime="2025-12-14T13:38:14Z"/><EventRecordID>-1644208453</EventRecordID><Channel>Application</Channel><Computer>WEBWK000003</Computer><Security/></System><EventData><Data>Application 'C:\home\site\wwwroot\' started successfully.</Data><Data>Process Id: 10404.</Data><Data>File Version: 18.0.25301.22. Description: IIS ASP.NET Core Module V2 Request Handler. Commit: </Data></EventData></Event><Event><System><Provider Name="IIS AspNetCore Module V2"/><EventID>1033</EventID><Level>4</Level><Task>0</Task><Keywords>Keywords</Keywords><TimeCreated SystemTime="2025-12-14T14:18:03Z"/><EventRecordID>-1641819812</EventRecordID><Channel>Application</Channel><Computer>WEBWK000003</Computer><Security/></System><EventData><Data>Application 'MACHINE/WEBROOT/APPHOST/SMARTSTUDY-API' has shutdown.</Data><Data>Process Id: 10404.</Data><Data>File Version: 18.0.25301.22. Description: IIS ASP.NET Core Module V2 Request Handler. Commit: </Data></EventData></Event><Event><System><Provider Name="IIS AspNetCore Module V2"/><EventID>1032</EventID><Level>4</Level><Task>0</Task><Keywords>Keywords</Keywords><TimeCreated SystemTime="2025-12-14T14:37:07Z"/><EventRecordID>-1640675625</EventRecordID><Channel>Application</Channel><Computer>WEBWK000003</Computer><Security/></System><EventData><Data>Application 'C:\home\site\wwwroot\' started successfully.</Data><Data>Process Id: 2712.</Data><Data>File Version: 18.0.25301.22. Description: IIS ASP.NET Core Module V2 Request Handler. Commit: </Data></EventData></Event><Event><System><Provider Name="IIS AspNetCore Module V2"/><EventID>1012</EventID><Level>4</Level><Task>0</Task><Keywords>Keywords</Keywords><TimeCreated SystemTime="2025-12-14T15:07:39Z"/><EventRecordID>-1638843234</EventRecordID><Channel>Application</Channel><Computer>WEBWK000003</Computer><Security/></System><EventData><Data>Application 'C:\home\site\wwwroot\' was recycled after detecting app_offline.htm.</Data><Data>Process Id: 2712.</Data><Data>File Version: 18.0.25301.22. Description: IIS ASP.NET Core Module V2 Request Handler. Commit: </Data></EventData></Event><Event><System><Provider Name="IIS AspNetCore Module V2"/><EventID>1033</EventID><Level>4</Level><Task>0</Task><Keywords>Keywords</Keywords><TimeCreated SystemTime="2025-12-14T15:07:40Z"/><EventRecordID>-1638843125</EventRecordID><Channel>Application</Channel><Computer>WEBWK000003</Computer><Security/></System><EventData><Data>Application 'MACHINE/WEBROOT/APPHOST/SMARTSTUDY-API' has shutdown.</Data><Data>Process Id: 2712.</Data><Data>File Version: 18.0.25301.22. Description: IIS ASP.NET Core Module V2 Request Handler. Commit: </Data></EventData></Event><Event><System><Provider Name="IIS AspNetCore Module V2"/><EventID>1032</EventID><Level>4</Level><Task>0</Task><Keywords>Keywords</Keywords><TimeCreated SystemTime="2025-12-14T15:08:46Z"/><EventRecordID>-1638776640</EventRecordID><Channel>Application</Channel><Computer>WEBWK000003</Computer><Security/></System><EventData><Data>Application 'C:\home\site\wwwroot\' started successfully.</Data><Data>Process Id: 17340.</Data><Data>File Version: 18.0.25301.22. Description: IIS ASP.NET Core Module V2 Request Handler. Commit: </Data></EventData></Event><Event><System><Provider Name="IIS AspNetCore Module V2"/><EventID>1012</EventID><Level>4</Level><Task>0</Task><Keywords>Keywords</Keywords><TimeCreated SystemTime="2025-12-14T15:39:38Z"/><EventRecordID>-1636924703</EventRecordID><Channel>Application</Channel><Computer>WEBWK000003</Computer><Security/></System><EventData><Data>Application 'C:\home\site\wwwroot\' was recycled after detecting app_offline.htm.</Data><Data>Process Id: 17340.</Data><Data>File Version: 18.0.25301.22. Description: IIS ASP.NET Core Module V2 Request Handler. Commit: </Data></EventData></Event><Event><System><Provider Name="IIS AspNetCore Module V2"/><EventID>1033</EventID><Level>4</Level><Task>0</Task><Keywords>Keywords</Keywords><TimeCreated SystemTime="2025-12-14T15:39:38Z"/><EventRecordID>-1636924593</EventRecordID><Channel>Application</Channel><Computer>WEBWK000003</Computer><Security/></System><EventData><Data>Application 'MACHINE/WEBROOT/APPHOST/SMARTSTUDY-API' has shutdown.</Data><Data>Process Id: 17340.</Data><Data>File Version: 18.0.25301.22. Description: IIS ASP.NET Core Module V2 Request Handler. Commit: </Data></EventData></Event><Event><System><Provider Name="IIS AspNetCore Module V2"/><EventID>1032</EventID><Level>4</Level><Task>0</Task><Keywords>Keywords</Keywords><TimeCreated SystemTime="2025-12-14T15:46:23Z"/><EventRecordID>-1636519890</EventRecordID><Channel>Application</Channel><Computer>WEBWK000003</Computer><Security/></System><EventData><Data>Application 'C:\home\site\wwwroot\' started successfully.</Data><Data>Process Id: 16244.</Data><Data>File Version: 18.0.25301.22. Description: IIS ASP.NET Core Module V2 Request Handler. Commit: </Data></EventData></Event><Event><System><Provider Name="IIS AspNetCore Module V2"/><EventID>1033</EventID><Level>4</Level><Task>0</Task><Keywords>Keywords</Keywords><TimeCreated SystemTime="2025-12-14T16:21:17Z"/><EventRecordID>-1634425984</EventRecordID><Channel>Application</Channel><Computer>WEBWK000003</Computer><Security/></System><EventData><Data>Application 'MACHINE/WEBROOT/APPHOST/SMARTSTUDY-API' has shutdown.</Data><Data>Process Id: 16244.</Data><Data>File Version: 18.0.25301.22. Description: IIS ASP.NET Core Module V2 Request Handler. Commit: </Data></EventData></Event><Event><System><Provider Name="IIS AspNetCore Module V2"/><EventID>1032</EventID><Level>4</Level><Task>0</Task><Keywords>Keywords</Keywords><TimeCreated SystemTime="2025-12-14T16:25:33Z"/><EventRecordID>-1634169984</EventRecordID><Channel>Application</Channel><Computer>WEBWK000003</Computer><Security/></System><EventData><Data>Application 'C:\home\site\wwwroot\' started successfully.</Data><Data>Process Id: 9392.</Data><Data>File Version: 18.0.25301.22. Description: IIS ASP.NET Core Module V2 Request Handler. Commit: </Data></EventData></Event><Event><System><Provider Name="IIS AspNetCore Module V2"/><EventID>1033</EventID><Level>4</Level><Task>0</Task><Keywords>Keywords</Keywords><TimeCreated SystemTime="2025-12-14T16:44:22Z"/><EventRecordID>-1633040781</EventRecordID><Channel>Application</Channel><Computer>WEBWK000003</Computer><Security/></System><EventData><Data>Application 'MACHINE/WEBROOT/APPHOST/SMARTSTUDY-API' has shutdown.</Data><Data>Process Id: 9392.</Data><Data>File Version: 18.0.25301.22. Description: IIS ASP.NET Core Module V2 Request Handler. Commit: </Data></EventData></Event><Event><System><Provider Name="IIS AspNetCore Module V2"/><EventID>1032</EventID><Level>4</Level><Task>0</Task><Keywords>Keywords</Keywords><TimeCreated SystemTime="2025-12-14T16:55:00Z"/><EventRecordID>6125562</EventRecordID><Channel>Application</Channel><Computer>WEBWK000001</Computer><Security/></System><EventData><Data>Application 'C:\home\site\wwwroot\' started successfully.</Data><Data>Process Id: 8400.</Data><Data>File Version: 18.0.25301.22. Description: IIS ASP.NET Core Module V2 Request Handler. Commit: </Data></EventData></Event><Event><System><Provider Name="IIS AspNetCore Module V2"/><EventID>1033</EventID><Level>4</Level><Task>0</Task><Keywords>Keywords</Keywords><TimeCreated SystemTime="2025-12-14T17:33:53Z"/><EventRecordID>8458859</EventRecordID><Channel>Application</Channel><Computer>WEBWK000001</Computer><Security/></System><EventData><Data>Application 'MACHINE/WEBROOT/APPHOST/SMARTSTUDY-API' has shutdown.</Data><Data>Process Id: 8400.</Data><Data>File Version: 18.0.25301.22. Description: IIS ASP.NET Core Module V2 Request Handler. Commit: </Data></EventData></Event><Event><System><Provider Name="IIS AspNetCore Module V2"/><EventID>1032</EventID><Level>4</Level><Task>0</Task><Keywords>Keywords</Keywords><TimeCreated SystemTime="2025-12-14T18:34:37Z"/><EventRecordID>12102093</EventRecordID><Channel>Application</Channel><Computer>WEBWK000001</Computer><Security/></System><EventData><Data>Application 'C:\home\site\wwwroot\' started successfully.</Data><Data>Process Id: 14436.</Data><Data>File Version: 18.0.25301.22. Description: IIS ASP.NET Core Module V2 Request Handler. Commit: </Data></EventData></Event><Event><System><Provider Name="IIS AspNetCore Module V2"/><EventID>1033</EventID><Level>4</Level><Task>0</Task><Keywords>Keywords</Keywords><TimeCreated SystemTime="2025-12-14T19:24:30Z"/><EventRecordID>15095468</EventRecordID><Channel>Application</Channel><Computer>WEBWK000001</Computer><Security/></System><EventData><Data>Application 'MACHINE/WEBROOT/APPHOST/SMARTSTUDY-API' has shutdown.</Data><Data>Process Id: 14436.</Data><Data>File Version: 18.0.25301.22. Description: IIS ASP.NET Core Module V2 Request Handler. Commit: </Data></EventData></Event><Event><System><Provider Name="IIS AspNetCore Module V2"/><EventID>1032</EventID><Level>4</Level><Task>0</Task><Keywords>Keywords</Keywords><TimeCreated SystemTime="2025-12-14T19:26:45Z"/><EventRecordID>15230250</EventRecordID><Channel>Application</Channel><Computer>WEBWK000001</Computer><Security/></System><EventData><Data>Application 'C:\home\site\wwwroot\' started successfully.</Data><Data>Process Id: 11216.</Data><Data>File Version: 18.0.25301.22. Description: IIS ASP.NET Core Module V2 Request Handler. Commit: </Data></EventData></Event><Event><System><Provider Name="IIS AspNetCore Module V2"/><EventID>1033</EventID><Level>4</Level><Task>0</Task><Keywords>Keywords</Keywords><TimeCreated SystemTime="2025-12-14T19:47:39Z"/><EventRecordID>16484109</EventRecordID><Channel>Application</Channel><Computer>WEBWK000001</Computer><Security/></System><EventData><Data>Application 'MACHINE/WEBROOT/APPHOST/SMARTSTUDY-API' has shutdown.</Data><Data>Process Id: 11216.</Data><Data>File Version: 18.0.25301.22. Description: IIS ASP.NET Core Module V2 Request Handler. Commit: </Data></EventData></Event><Event><System><Provider Name="IIS AspNetCore Module V2"/><EventID>1032</EventID><Level>4</Level><Task>0</Task><Keywords>Keywords</Keywords><TimeCreated SystemTime="2025-12-15T01:01:48Z"/><EventRecordID>35332875</EventRecordID><Channel>Application</Channel><Computer>WEBWK000001</Computer><Security/></System><EventData><Data>Application 'C:\home\site\wwwroot\' started successfully.</Data><Data>Process Id: 13888.</Data><Data>File Version: 18.0.25301.22. Description: IIS ASP.NET Core Module V2 Request Handler. Commit: </Data></EventData></Event><Event><System><Provider Name="IIS AspNetCore Module V2"/><EventID>1033</EventID><Level>4</Level><Task>0</Task><Keywords>Keywords</Keywords><TimeCreated SystemTime="2025-12-15T01:22:42Z"/><EventRecordID>36586312</EventRecordID><Channel>Application</Channel><Computer>WEBWK000001</Computer><Security/></System><EventData><Data>Application 'MACHINE/WEBROOT/APPHOST/SMARTSTUDY-API' has shutdown.</Data><Data>Process Id: 13888.</Data><Data>File Version: 18.0.25301.22. Description: IIS ASP.NET Core Module V2 Request Handler. Commit: </Data></EventData></Event><Event><System><Provider Name="IIS AspNetCore Module V2"/><EventID>1032</EventID><Level>4</Level><Task>0</Task><Keywords>Keywords</Keywords><TimeCreated SystemTime="2025-12-15T06:10:20Z"/><EventRecordID>53844328</EventRecordID><Channel>Application</Channel><Computer>WEBWK000001</Computer><Security/></System><EventData><Data>Application 'C:\home\site\wwwroot\' started successfully.</Data><Data>Process Id: 11896.</Data><Data>File Version: 18.0.25301.22. Description: IIS ASP.NET Core Module V2 Request Handler. Commit: </Data></EventData></Event><Event><System><Provider Name="IIS AspNetCore Module V2"/><EventID>1033</EventID><Level>4</Level><Task>0</Task><Keywords>Keywords</Keywords><TimeCreated SystemTime="2025-12-15T06:45:14Z"/><EventRecordID>55937640</EventRecordID><Channel>Application</Channel><Computer>WEBWK000001</Computer><Security/></System><EventData><Data>Application 'MACHINE/WEBROOT/APPHOST/SMARTSTUDY-API' has shutdown.</Data><Data>Process Id: 11896.</Data><Data>File Version: 18.0.25301.22. Description: IIS ASP.NET Core Module V2 Request Handler. Commit: </Data></EventData></Event><Event><System><Provider Name="IIS AspNetCore Module V2"/><EventID>1032</EventID><Level>4</Level><Task>0</Task><Keywords>Keywords</Keywords><TimeCreated SystemTime="2025-12-15T06:49:38Z"/><EventRecordID>56201875</EventRecordID><Channel>Application</Channel><Computer>WEBWK000001</Computer><Security/></System><EventData><Data>Application 'C:\home\site\wwwroot\' started successfully.</Data><Data>Process Id: 12580.</Data><Data>File Version: 18.0.25301.22. Description: IIS ASP.NET Core Module V2 Request Handler. Commit: </Data></EventData></Event><Event><System><Provider Name="IIS AspNetCore Module V2"/><EventID>1012</EventID><Level>4</Level><Task>0</Task><Keywords>Keywords</Keywords><TimeCreated SystemTime="2025-12-15T07:29:24Z"/><EventRecordID>58587703</EventRecordID><Channel>Application</Channel><Computer>WEBWK000001</Computer><Security/></System><EventData><Data>Application 'C:\home\site\wwwroot\' was recycled after detecting app_offline.htm.</Data><Data>Process Id: 12580.</Data><Data>File Version: 18.0.25301.22. Description: IIS ASP.NET Core Module V2 Request Handler. Commit: </Data></EventData></Event><Event><System><Provider Name="IIS AspNetCore Module V2"/><EventID>1033</EventID><Level>4</Level><Task>0</Task><Keywords>Keywords</Keywords><TimeCreated SystemTime="2025-12-15T07:29:24Z"/><EventRecordID>58587812</EventRecordID><Channel>Application</Channel><Computer>WEBWK000001</Computer><Security/></System><EventData><Data>Application 'MACHINE/WEBROOT/APPHOST/SMARTSTUDY-API' has shutdown.</Data><Data>Process Id: 12580.</Data><Data>File Version: 18.0.25301.22. Description: IIS ASP.NET Core Module V2 Request Handler. Commit: </Data></EventData></Event><Event><System><Provider Name=".NET Runtime"/><EventID>1026</EventID><Level>1</Level><Task>0</Task><Keywords>Keywords</Keywords><TimeCreated SystemTime="2025-12-15T07:30:36Z"/><EventRecordID>58659390</EventRecordID><Channel>Application</Channel><Computer>WEBWK000001</Computer><Security/></System><EventData><Data>Application: w3wp.exe
CoreCLR Version: 8.0.2225.52707
.NET Version: 8.0.22
Description: The process was terminated due to an unhandled exception.
Exception Info: System.IO.FileNotFoundException: Could not load file or assembly 'Microsoft.Extensions.Logging.Abstractions, Version=9.0.0.0, Culture=neutral, PublicKeyToken=adb9793829ddae60'. The system cannot find the file specified.
File name: 'Microsoft.Extensions.Logging.Abstractions, Version=9.0.0.0, Culture=neutral, PublicKeyToken=adb9793829ddae60'
   at SchoolAiChatbotBackend.Program.Main(String[] args)
   at System.Runtime.CompilerServices.AsyncMethodBuilderCore.Start[TStateMachine](TStateMachine&amp; stateMachine)
   at SchoolAiChatbotBackend.Program.Main(String[] args)
   at SchoolAiChatbotBackend.Program.&lt;Main&gt;(String[] args)
</Data></EventData></Event><Event><System><Provider Name="IIS AspNetCore Module V2"/><EventID>1018</EventID><Level>1</Level><Task>0</Task><Keywords>Keywords</Keywords><TimeCreated SystemTime="2025-12-15T07:30:36Z"/><EventRecordID>58659406</EventRecordID><Channel>Application</Channel><Computer>WEBWK000001</Computer><Security/></System><EventData><Data>Application '/LM/W3SVC/930103661/ROOT' with physical root 'C:\home\site\wwwroot\' hit unexpected managed exception, exception code = '0xe0434352'. First 30KB characters of captured stdout and stderr logs:
Unhandled exception. System.IO.FileNotFoundException: Could not load file or assembly 'Microsoft.Extensions.Logging.Abstractions, Version=9.0.0.0, Culture=neutral, PublicKeyToken=adb9793829ddae60'. The system cannot find the file specified.
File name: 'Microsoft.Extensions.Logging.Abstractions, Version=9.0.0.0, Culture=neutral, PublicKeyToken=adb9793829ddae60'
   at SchoolAiChatbotBackend.Program.Main(String[] args)
   at System.Runtime.CompilerServices.AsyncMethodBuilderCore.Start[TStateMachine](TStateMachine&amp; stateMachine)
   at SchoolAiChatbotBackend.Program.Main(String[] args)
   at SchoolAiChatbotBackend.Program.&lt;Main&gt;(String[] args)
</Data><Data>Process Id: 12108.</Data><Data>File Version: 18.0.25301.22. Description: IIS ASP.NET Core Module V2 Request Handler. Commit: </Data></EventData></Event><Event><System><Provider Name="IIS AspNetCore Module V2"/><EventID>1007</EventID><Level>1</Level><Task>0</Task><Keywords>Keywords</Keywords><TimeCreated SystemTime="2025-12-15T07:30:36Z"/><EventRecordID>58659406</EventRecordID><Channel>Application</Channel><Computer>WEBWK000001</Computer><Security/></System><EventData><Data>Application '/LM/W3SVC/930103661/ROOT' with physical root 'C:\home\site\wwwroot\' failed to load coreclr. Exception message:
CLR worker thread exited prematurely</Data><Data>Process Id: 12108.</Data><Data>File Version: 18.0.25301.22. Description: IIS ASP.NET Core Module V2 Request Handler. Commit: </Data></EventData></Event></Events>