﻿<?xml version="1.0" encoding="utf-8"?>
<deployment>
  <id>1e882d75381441feaab3c0a49a7007b1</id>
  <author>N/A</author>
  <deployer>OneDeploy</deployer>
  <authorEmail>N/A</authorEmail>
  <message>OneDeploy</message>
  <progress></progress>
  <status>Success</status>
  <statusText></statusText>
  <lastSuccessEndTime>2025-12-19T13:29:13.6078014Z</lastSuccessEndTime>
  <receivedTime>2025-12-19T13:29:09.6858033Z</receivedTime>
  <startTime>2025-12-19T13:29:09.8731632Z</startTime>
  <endTime>2025-12-19T13:29:13.6078014Z</endTime>
  <complete>True</complete>
  <is_temp>False</is_temp>
  <is_readonly>True</is_readonly>
  <project_type>OneDeploy</project_type>
  <vsproject_id></vsproject_id>
</deployment>