{"TimeStamp":"2025-12-19T14:17:47Z","SiteName":"smartstudy-api","RequestId":"769f90ae-dce5-11f0-9de2-7404f1536f46","Kind":"OneDeploy","Status":"Success","Details":"{\"Id\":\"1850e0b729734f25b21db54a6f176817\",\"Status\":4,\"StatusText\":\"\",\"AuthorEmail\":\"N/A\",\"Author\":\"N/A\",\"Message\":\"OneDeploy\",\"Progress\":\"\",\"Deployer\":\"OneDeploy\",\"ReceivedTime\":\"2025-12-19T14:17:43.600939Z\",\"StartTime\":\"2025-12-19T14:17:43.7415683Z\",\"EndTime\":\"2025-12-19T14:17:47.3979005Z\",\"LastSuccessEndTime\":\"2025-12-19T14:17:47.3979005Z\",\"Complete\":true,\"IsTemporary\":false,\"IsReadOnly\":true,\"SiteName\":\"smartstudy-api\",\"HostName\":\"smartstudy-api-athtbtapcvdjesbe.scm.centralindia-01.azurewebsites.net\",\"ProjectType\":\"OneDeploy\",\"VsProjectId\":null}"}