﻿<?xml version="1.0" encoding="utf-8"?>
<deployment>
  <id>65309fc7ce5a400184cf6fdb274eaa82</id>
  <author>N/A</author>
  <deployer>OneDeploy</deployer>
  <authorEmail>N/A</authorEmail>
  <message>OneDeploy</message>
  <progress></progress>
  <status>Success</status>
  <statusText></statusText>
  <lastSuccessEndTime>2025-12-17T18:46:52.6250525Z</lastSuccessEndTime>
  <receivedTime>2025-12-17T18:46:48.5467742Z</receivedTime>
  <startTime>2025-12-17T18:46:48.6717802Z</startTime>
  <endTime>2025-12-17T18:46:52.6250525Z</endTime>
  <complete>True</complete>
  <is_temp>False</is_temp>
  <is_readonly>True</is_readonly>
  <project_type>OneDeploy</project_type>
  <vsproject_id></vsproject_id>
</deployment>