﻿<?xml version="1.0" encoding="utf-8"?>
<deployment>
  <id>58cbc382645144b69c7b87920a611462</id>
  <author>N/A</author>
  <deployer>OneDeploy</deployer>
  <authorEmail>N/A</authorEmail>
  <message>OneDeploy</message>
  <progress></progress>
  <status>Success</status>
  <statusText></statusText>
  <lastSuccessEndTime>2025-12-14T12:50:31.6936915Z</lastSuccessEndTime>
  <receivedTime>2025-12-14T12:50:27.9591564Z</receivedTime>
  <startTime>2025-12-14T12:50:28.0685292Z</startTime>
  <endTime>2025-12-14T12:50:31.6936915Z</endTime>
  <complete>True</complete>
  <is_temp>False</is_temp>
  <is_readonly>True</is_readonly>
  <project_type>OneDeploy</project_type>
  <vsproject_id></vsproject_id>
</deployment>