﻿<?xml version="1.0" encoding="utf-8"?>
<deployment>
  <id>1dbf679db049461f800129e6b35906d6</id>
  <author>N/A</author>
  <deployer>OneDeploy</deployer>
  <authorEmail>N/A</authorEmail>
  <message>OneDeploy</message>
  <progress></progress>
  <status>Success</status>
  <statusText></statusText>
  <lastSuccessEndTime>2025-12-17T17:40:48.8667589Z</lastSuccessEndTime>
  <receivedTime>2025-12-17T17:40:45.0228858Z</receivedTime>
  <startTime>2025-12-17T17:40:45.1478901Z</startTime>
  <endTime>2025-12-17T17:40:48.8667589Z</endTime>
  <complete>True</complete>
  <is_temp>False</is_temp>
  <is_readonly>True</is_readonly>
  <project_type>OneDeploy</project_type>
  <vsproject_id></vsproject_id>
</deployment>