﻿<?xml version="1.0" encoding="utf-8"?>
<deployment>
  <id>bdb0e5e56ca4415fbc62966537167d36</id>
  <author>N/A</author>
  <deployer>ZipDeploy</deployer>
  <authorEmail>N/A</authorEmail>
  <message>Created via a push deployment</message>
  <progress></progress>
  <status>Success</status>
  <statusText></statusText>
  <lastSuccessEndTime>2025-12-18T08:20:26.7987948Z</lastSuccessEndTime>
  <receivedTime>2025-12-18T08:20:23.5018662Z</receivedTime>
  <startTime>2025-12-18T08:20:23.6580228Z</startTime>
  <endTime>2025-12-18T08:20:26.7987948Z</endTime>
  <complete>True</complete>
  <is_temp>False</is_temp>
  <is_readonly>True</is_readonly>
  <project_type>BASIC</project_type>
  <vsproject_id></vsproject_id>
</deployment>