﻿<?xml version="1.0" encoding="utf-8"?>
<deployment>
  <id>d61f7c80aecf42d8a279f6d5d40f34cd</id>
  <author>N/A</author>
  <deployer>ZipDeploy</deployer>
  <authorEmail>N/A</authorEmail>
  <message>Created via a push deployment</message>
  <progress></progress>
  <status>Success</status>
  <statusText></statusText>
  <lastSuccessEndTime>2025-12-18T16:58:26.3417914Z</lastSuccessEndTime>
  <receivedTime>2025-12-18T16:58:23.0135669Z</receivedTime>
  <startTime>2025-12-18T16:58:23.154173Z</startTime>
  <endTime>2025-12-18T16:58:26.3417914Z</endTime>
  <complete>True</complete>
  <is_temp>False</is_temp>
  <is_readonly>True</is_readonly>
  <project_type>BASIC</project_type>
  <vsproject_id></vsproject_id>
</deployment>