﻿<?xml version="1.0" encoding="utf-8"?>
<deployment>
  <id>90675a78d80f414ea557900c4536e48a</id>
  <author>N/A</author>
  <deployer>OneDeploy</deployer>
  <authorEmail>N/A</authorEmail>
  <message>OneDeploy</message>
  <progress></progress>
  <status>Success</status>
  <statusText></statusText>
  <lastSuccessEndTime>2025-12-19T14:04:29.572835Z</lastSuccessEndTime>
  <receivedTime>2025-12-19T14:04:25.3382546Z</receivedTime>
  <startTime>2025-12-19T14:04:25.4945017Z</startTime>
  <endTime>2025-12-19T14:04:29.572835Z</endTime>
  <complete>True</complete>
  <is_temp>False</is_temp>
  <is_readonly>True</is_readonly>
  <project_type>OneDeploy</project_type>
  <vsproject_id></vsproject_id>
</deployment>