﻿<?xml version="1.0" encoding="utf-8"?>
<deployment>
  <id>7e89c5dad9864a1c9d4af127c4c1f895</id>
  <author>N/A</author>
  <deployer>ZipDeploy</deployer>
  <authorEmail>N/A</authorEmail>
  <message>Created via a push deployment</message>
  <progress></progress>
  <status>Success</status>
  <statusText></statusText>
  <lastSuccessEndTime>2025-12-18T08:38:57.6204345Z</lastSuccessEndTime>
  <receivedTime>2025-12-18T08:38:54.2765386Z</receivedTime>
  <startTime>2025-12-18T08:38:54.4171477Z</startTime>
  <endTime>2025-12-18T08:38:57.6204345Z</endTime>
  <complete>True</complete>
  <is_temp>False</is_temp>
  <is_readonly>True</is_readonly>
  <project_type>BASIC</project_type>
  <vsproject_id></vsproject_id>
</deployment>