﻿<?xml version="1.0" encoding="utf-8"?>
<deployment>
  <id>51606648a67e4e1e84ecadf664262d95</id>
  <author>N/A</author>
  <deployer>OneDeploy</deployer>
  <authorEmail>N/A</authorEmail>
  <message>OneDeploy</message>
  <progress></progress>
  <status>Success</status>
  <statusText></statusText>
  <lastSuccessEndTime>2025-12-15T07:36:39.0488974Z</lastSuccessEndTime>
  <receivedTime>2025-12-15T07:36:31.5017637Z</receivedTime>
  <startTime>2025-12-15T07:36:31.6892622Z</startTime>
  <endTime>2025-12-15T07:36:39.0488974Z</endTime>
  <complete>True</complete>
  <is_temp>False</is_temp>
  <is_readonly>True</is_readonly>
  <project_type>OneDeploy</project_type>
  <vsproject_id></vsproject_id>
</deployment>