﻿<?xml version="1.0" encoding="utf-8"?>
<deployment>
  <id>9460c4d11253487bab65f26ec5c91f6e</id>
  <author>N/A</author>
  <deployer>OneDeploy</deployer>
  <authorEmail>N/A</authorEmail>
  <message>OneDeploy</message>
  <progress></progress>
  <status>Success</status>
  <statusText></statusText>
  <lastSuccessEndTime>2025-12-17T18:44:54.2092714Z</lastSuccessEndTime>
  <receivedTime>2025-12-17T18:44:51.3810377Z</receivedTime>
  <startTime>2025-12-17T18:44:51.5060297Z</startTime>
  <endTime>2025-12-17T18:44:54.2092714Z</endTime>
  <complete>True</complete>
  <is_temp>False</is_temp>
  <is_readonly>True</is_readonly>
  <project_type>OneDeploy</project_type>
  <vsproject_id></vsproject_id>
</deployment>