﻿<?xml version="1.0" encoding="utf-8"?>
<deployment>
  <id>aac8acaa5cc447cdb1162c87873c1c5c</id>
  <author>N/A</author>
  <deployer>ZipDeploy</deployer>
  <authorEmail>N/A</authorEmail>
  <message>Created via a push deployment</message>
  <progress></progress>
  <status>Success</status>
  <statusText></statusText>
  <lastSuccessEndTime>2025-12-18T09:53:20.4531614Z</lastSuccessEndTime>
  <receivedTime>2025-12-18T09:53:17.0780683Z</receivedTime>
  <startTime>2025-12-18T09:53:17.2342941Z</startTime>
  <endTime>2025-12-18T09:53:20.4531614Z</endTime>
  <complete>True</complete>
  <is_temp>False</is_temp>
  <is_readonly>True</is_readonly>
  <project_type>BASIC</project_type>
  <vsproject_id></vsproject_id>
</deployment>