﻿<?xml version="1.0" encoding="utf-8"?>
<deployment>
  <id>79c486f26ff94f79b59db9a9a2c01a9f</id>
  <author>N/A</author>
  <deployer>OneDeploy</deployer>
  <authorEmail>N/A</authorEmail>
  <message>OneDeploy</message>
  <progress></progress>
  <status>Success</status>
  <statusText></statusText>
  <lastSuccessEndTime>2025-12-18T13:30:43.8447753Z</lastSuccessEndTime>
  <receivedTime>2025-12-18T13:30:40.1091693Z</receivedTime>
  <startTime>2025-12-18T13:30:40.2341761Z</startTime>
  <endTime>2025-12-18T13:30:43.8447753Z</endTime>
  <complete>True</complete>
  <is_temp>False</is_temp>
  <is_readonly>True</is_readonly>
  <project_type>OneDeploy</project_type>
  <vsproject_id></vsproject_id>
</deployment>