{"TimeStamp":"2025-12-15T07:29:28Z","SiteName":"smartstudy-api","RequestId":"c04125c8-d987-11f0-8957-7404f1536f46","Kind":"OneDeploy","Status":"Success","Details":"{\"Id\":\"e743b4f6dc494288b2678a7e6db6208a\",\"Status\":4,\"StatusText\":\"\",\"AuthorEmail\":\"N/A\",\"Author\":\"N/A\",\"Message\":\"OneDeploy\",\"Progress\":\"\",\"Deployer\":\"OneDeploy\",\"ReceivedTime\":\"2025-12-15T07:29:23.5599534Z\",\"StartTime\":\"2025-12-15T07:29:23.6850199Z\",\"EndTime\":\"2025-12-15T07:29:28.7788859Z\",\"LastSuccessEndTime\":\"2025-12-15T07:29:28.7788859Z\",\"Complete\":true,\"IsTemporary\":false,\"IsReadOnly\":true,\"SiteName\":\"smartstudy-api\",\"HostName\":\"smartstudy-api-athtbtapcvdjesbe.scm.centralindia-01.azurewebsites.net\",\"ProjectType\":\"OneDeploy\",\"VsProjectId\":null}"}