{"TimeStamp":"2025-12-17T22:15:00Z","SiteName":"smartstudy-api","RequestId":"c60cd025-db95-11f0-8666-7404f1536f46","Kind":"ZipDeploy","Status":"Success","Details":"{\"Id\":\"e840cb08503b4402952adb67582bb191\",\"Status\":4,\"StatusText\":\"\",\"AuthorEmail\":\"N/A\",\"Author\":\"N/A\",\"Message\":\"Created via a push deployment\",\"Progress\":\"\",\"Deployer\":\"ZipDeploy\",\"ReceivedTime\":\"2025-12-17T22:14:56.6803511Z\",\"StartTime\":\"2025-12-17T22:14:56.8053556Z\",\"EndTime\":\"2025-12-17T22:15:00.0398316Z\",\"LastSuccessEndTime\":\"2025-12-17T22:15:00.0398316Z\",\"Complete\":true,\"IsTemporary\":false,\"IsReadOnly\":true,\"SiteName\":\"smartstudy-api\",\"HostName\":\"smartstudy-api-athtbtapcvdjesbe.scm.centralindia-01.azurewebsites.net\",\"ProjectType\":\"BASIC\",\"VsProjectId\":null}"}