<step title="BackgroundTrace" date="2025-12-18T13:17:54.318" instance="a6e48b" url="/api/publish" method="POST" >
  <step title="Updating shutdown sentinel last write time" date="2025-12-18T13:17:54.318" SemaphoreCount="7" /><!-- duration: 16ms -->
  <step title="LockFile &apos;C:\home\site\locks\deployments.lock&apos; acquired" date="2025-12-18T13:17:54.334" /><!-- duration: 0ms -->
  <step title="Creating temporary deployment" date="2025-12-18T13:17:54.334" /><!-- duration: 31ms -->
  <step title="Performing fetch based deployment" date="2025-12-18T13:17:54.365" >
    <step title="Fetching changes." date="2025-12-18T13:17:54.412" /><!-- duration: 16ms -->
    <step title="Starting LocalZipHandler" date="2025-12-18T13:17:54.428" /><!-- duration: 16ms -->
    <step title="Cleaning up temp folders from previous zip deployments and extracting pushed zip file C:\local\Temp\zipdeploy\3gqwfyur.zip (11.91 MB) to C:\local\Temp\zipdeploy\extracted" date="2025-12-18T13:17:54.474" /><!-- duration: 0ms -->
    <step title="Cleaning up temp folders from previous zip deployments and extracting pushed zip file C:\local\Temp\zipdeploy\3gqwfyur.zip (11.91 MB) to C:\local\Temp\zipdeploy\extracted" date="2025-12-18T13:17:54.490" >
      <step title="Renaming extractTargetDirectory(C:\local\Temp\zipdeploy\extracted) to tempDirectory(C:\local\Temp\zipdeploy\2nhc2ezk.itg)" date="2025-12-18T13:17:54.490" /><!-- duration: 0ms -->
      <step title="Extracting 107 entries to C:\local\Temp\zipdeploy\extracted directory" date="2025-12-18T13:17:54.506" >
        <step title="Extracting to C:\local\Temp\zipdeploy\extracted\runtimes\unix\lib\net6.0\Microsoft.Data.SqlClient.dll ..." date="2025-12-18T13:17:54.521" /><!-- duration: 16ms -->
        <step title="Extracting to C:\local\Temp\zipdeploy\extracted\runtimes\unix\lib\net6.0\System.Drawing.Common.dll ..." date="2025-12-18T13:17:54.553" /><!-- duration: 16ms -->
        <step title="Extracting to C:\local\Temp\zipdeploy\extracted\runtimes\win\lib\net6.0\Microsoft.Data.SqlClient.dll ..." date="2025-12-18T13:17:54.568" /><!-- duration: 16ms -->
        <step title="Extracting to C:\local\Temp\zipdeploy\extracted\runtimes\win\lib\net6.0\Microsoft.Win32.SystemEvents.dll ..." date="2025-12-18T13:17:54.584" /><!-- duration: 16ms -->
        <step title="Extracting to C:\local\Temp\zipdeploy\extracted\runtimes\win\lib\net6.0\System.Drawing.Common.dll ..." date="2025-12-18T13:17:54.600" /><!-- duration: 16ms -->
        <step title="Omitting extracting file traces ..." date="2025-12-18T13:17:54.615" /><!-- duration: 0ms -->
      </step><!-- duration: 516ms -->
    </step><!-- duration: 531ms -->
    <step title="Before sending BuildRequestReceived status to /api/updatedeploystatus" date="2025-12-18T13:17:55.037" /><!-- duration: 0ms -->
    <step title="DeploymentManager.Deploy(id:c506cf4b5acf4e0ea7a675c7cb68309a)" date="2025-12-18T13:17:55.037" >
      <step title="Collecting changeset information" date="2025-12-18T13:17:55.053" /><!-- duration: 47ms -->
      <step title="Updating submodules" date="2025-12-18T13:17:55.100" >
        <step title="Updating submodules." date="2025-12-18T13:17:55.131" /><!-- duration: 16ms -->
      </step><!-- duration: 47ms -->
      <step title="Preparing deployment for commit id &apos;c506cf4b5a&apos;." date="2025-12-18T13:17:55.178" /><!-- duration: 0ms -->
      <step title="Determining deployment builder" date="2025-12-18T13:17:55.209" >
        <step title="Builder is OneDeployBuilder" date="2025-12-18T13:17:55.225" /><!-- duration: 0ms -->
      </step><!-- duration: 16ms -->
      <step title="Copying SSH keys" date="2025-12-18T13:17:55.240" /><!-- duration: 16ms -->
      <step title="Building" date="2025-12-18T13:17:55.256" >
        <step title="Running build. Project type: OneDeploy" date="2025-12-18T13:17:55.287" /><!-- duration: 0ms -->
        <step title="Copying the manifest" date="2025-12-18T13:17:55.334" /><!-- duration: 0ms -->
        <step title="Clean deploying to C:\home\site\wwwroot" date="2025-12-18T13:17:55.381" /><!-- duration: 0ms -->
        <step title="Generating deployment script." date="2025-12-18T13:17:55.412" /><!-- duration: 16ms -->
        <step title="Generating deployment script" date="2025-12-18T13:17:55.428" >
          <step title="Using cached version of the deployment script for command: -y --no-dot-deployment -r &quot;C:\local\Temp\zipdeploy\extracted&quot; -o &quot;C:\home\site\deployments\tools&quot; --basic --sitePath &quot;C:\local\Temp\zipdeploy\extracted&quot;" date="2025-12-18T13:17:55.443" /><!-- duration: 0ms -->
          <step title="Using cached version of deployment script (command: &apos;azure -y --no-dot-deployment -r &quot;C:\local\Temp\zipdeploy\extracted&quot; -o &quot;C:\home\site\deployments\tools&quot; --basic --sitePath &quot;C:\local\Temp\zipdeploy\extracted&quot;&apos;)." date="2025-12-18T13:17:55.459" /><!-- duration: 16ms -->
        </step><!-- duration: 47ms -->
        <step title="Running deployment command..." date="2025-12-18T13:17:55.506" /><!-- duration: 0ms -->
        <step title="Command: &quot;C:\home\site\deployments\tools\deploy.cmd&quot;" date="2025-12-18T13:17:55.521" /><!-- duration: 0ms -->
        <step title="Executing external process" date="2025-12-18T13:17:55.521" type="process" path="starter.cmd" arguments="&quot;C:\home\site\deployments\tools\deploy.cmd&quot;" >
          <step title="Handling Basic Web Site deployment." date="2025-12-18T13:17:55.662" /><!-- duration: 0ms -->
          <step title="Creating app_offline.htm" date="2025-12-18T13:17:58.272" /><!-- duration: 0ms -->
          <step title="KuduSync.NET from: &apos;C:\local\Temp\zipdeploy\extracted&apos; to: &apos;C:\home\site\wwwroot&apos;" date="2025-12-18T13:17:58.287" /><!-- duration: 0ms -->
          <step title="Deleting file: &apos;logs\app-20251218.log&apos;" date="2025-12-18T13:17:58.287" /><!-- duration: 16ms -->
          <step title="Deleting file: &apos;logs\stdout_20251218124106_15888.log&apos;" date="2025-12-18T13:17:58.303" /><!-- duration: 0ms -->
          <step title="Deleting directory: &apos;logs&apos;" date="2025-12-18T13:17:58.318" /><!-- duration: 0ms -->
          <step title="Copying file: &apos;SchoolAiChatbotBackend.dll&apos;" date="2025-12-18T13:17:58.318" /><!-- duration: 16ms -->
          <step title="Copying file: &apos;SchoolAiChatbotBackend.exe&apos;" date="2025-12-18T13:17:58.334" /><!-- duration: 0ms -->
          <step title="Copying file: &apos;SchoolAiChatbotBackend.pdb&apos;" date="2025-12-18T13:17:58.350" /><!-- duration: 0ms -->
          <step title="Deleting app_offline.htm" date="2025-12-18T13:17:58.365" /><!-- duration: 0ms -->
          <step title="Finished successfully." date="2025-12-18T13:17:58.365" /><!-- duration: 16ms -->
        </step><!-- duration: 2859ms -->
        <step title="Build completed succesfully." date="2025-12-18T13:17:58.412" /><!-- duration: 0ms -->
        <step title="Running post deployment command(s)..." date="2025-12-18T13:17:58.443" /><!-- duration: 0ms -->
        <step title="Requesting site restart" date="2025-12-18T13:17:58.522" /><!-- duration: 0ms -->
        <step title="Requesting site restart" date="2025-12-18T13:17:58.522" /><!-- duration: 0ms -->
        <step title="Requesting site restart. Attempt #1" date="2025-12-18T13:17:58.568" /><!-- duration: 0ms -->
        <step title="Requesting site restart. Attempt #1" date="2025-12-18T13:17:58.568" /><!-- duration: 16ms -->
        <step title="Successfully requested a restart. Attempt #1" date="2025-12-18T13:17:59.818" /><!-- duration: 0ms -->
        <step title="Successfully requested a restart. Attempt #1" date="2025-12-18T13:17:59.834" /><!-- duration: 0ms -->
        <step title="Deployment successful. DEPLOYMENTINFO: deploymentPath = OneDeploy, deployer = OneDeploy, os = windows, sku = Free, siteName = smartstudy-api, siteHostName = smartstudy-api-athtbtapcvdjesbe.centralindia-01.azurewebsites.net, deploymentStatus = Success" date="2025-12-18T13:17:59.865" /><!-- duration: 0ms -->
        <step title="Purge deployment items" date="2025-12-18T13:17:59.943" >
          <step title="Remove bdb0e5e56, Success, received at 12/18/2025 8:20:23 AM" date="2025-12-18T13:17:59.990" /><!-- duration: 0ms -->
        </step><!-- duration: 47ms -->
      </step><!-- duration: 4766ms -->
    </step><!-- duration: 4985ms -->
    <step title="Cleaning up temp files" date="2025-12-18T13:18:00.022" /><!-- duration: 16ms -->
    <step title="Skip function trigger and logicapp sync because function is not enabled." date="2025-12-18T13:18:00.037" /><!-- duration: 16ms -->
  </step><!-- duration: 5688ms -->
  <step title="LockFile &apos;C:\home\site\locks\deployments.lock&apos; released" date="2025-12-18T13:18:00.068" /><!-- duration: 0ms -->
  <step title="Deleting shutdown sentinel file" date="2025-12-18T13:18:00.084" SemaphoreCount="8" /><!-- duration: 0ms -->
</step><!-- duration: 5766ms -->
