<step title="BackgroundTrace" date="2025-12-18T14:48:12.718" instance="a6e48b" url="/api/publish" method="POST" >
  <step title="Updating shutdown sentinel last write time" date="2025-12-18T14:48:12.734" SemaphoreCount="7" /><!-- duration: 0ms -->
  <step title="LockFile &apos;C:\home\site\locks\deployments.lock&apos; acquired" date="2025-12-18T14:48:12.734" /><!-- duration: 16ms -->
  <step title="Creating temporary deployment" date="2025-12-18T14:48:12.749" /><!-- duration: 16ms -->
  <step title="Performing fetch based deployment" date="2025-12-18T14:48:12.780" >
    <step title="Fetching changes." date="2025-12-18T14:48:12.827" /><!-- duration: 16ms -->
    <step title="Starting LocalZipHandler" date="2025-12-18T14:48:12.843" /><!-- duration: 0ms -->
    <step title="Cleaning up temp folders from previous zip deployments and extracting pushed zip file C:\local\Temp\zipdeploy\kktcyfaw.zip (11.91 MB) to C:\local\Temp\zipdeploy\extracted" date="2025-12-18T14:48:12.874" /><!-- duration: 0ms -->
    <step title="Cleaning up temp folders from previous zip deployments and extracting pushed zip file C:\local\Temp\zipdeploy\kktcyfaw.zip (11.91 MB) to C:\local\Temp\zipdeploy\extracted" date="2025-12-18T14:48:12.874" >
      <step title="Renaming extractTargetDirectory(C:\local\Temp\zipdeploy\extracted) to tempDirectory(C:\local\Temp\zipdeploy\4jlrfw2o.5cl)" date="2025-12-18T14:48:12.890" /><!-- duration: 0ms -->
      <step title="Extracting 107 entries to C:\local\Temp\zipdeploy\extracted directory" date="2025-12-18T14:48:12.905" >
        <step title="Extracting to C:\local\Temp\zipdeploy\extracted\runtimes\unix\lib\net6.0\Microsoft.Data.SqlClient.dll ..." date="2025-12-18T14:48:12.905" /><!-- duration: 31ms -->
        <step title="Extracting to C:\local\Temp\zipdeploy\extracted\runtimes\unix\lib\net6.0\System.Drawing.Common.dll ..." date="2025-12-18T14:48:12.937" /><!-- duration: 16ms -->
        <step title="Extracting to C:\local\Temp\zipdeploy\extracted\runtimes\win\lib\net6.0\Microsoft.Data.SqlClient.dll ..." date="2025-12-18T14:48:12.952" /><!-- duration: 31ms -->
        <step title="Extracting to C:\local\Temp\zipdeploy\extracted\runtimes\win\lib\net6.0\Microsoft.Win32.SystemEvents.dll ..." date="2025-12-18T14:48:12.984" /><!-- duration: 0ms -->
        <step title="Extracting to C:\local\Temp\zipdeploy\extracted\runtimes\win\lib\net6.0\System.Drawing.Common.dll ..." date="2025-12-18T14:48:12.999" /><!-- duration: 0ms -->
        <step title="Omitting extracting file traces ..." date="2025-12-18T14:48:12.999" /><!-- duration: 16ms -->
      </step><!-- duration: 500ms -->
    </step><!-- duration: 531ms -->
    <step title="Before sending BuildRequestReceived status to /api/updatedeploystatus" date="2025-12-18T14:48:13.421" /><!-- duration: 0ms -->
    <step title="DeploymentManager.Deploy(id:186f35aeee8b4b51a7246cca359f0a9d)" date="2025-12-18T14:48:13.421" >
      <step title="Collecting changeset information" date="2025-12-18T14:48:13.437" /><!-- duration: 31ms -->
      <step title="Updating submodules" date="2025-12-18T14:48:13.468" >
        <step title="Updating submodules." date="2025-12-18T14:48:13.515" /><!-- duration: 0ms -->
      </step><!-- duration: 47ms -->
      <step title="Preparing deployment for commit id &apos;186f35aeee&apos;." date="2025-12-18T14:48:13.562" /><!-- duration: 0ms -->
      <step title="Determining deployment builder" date="2025-12-18T14:48:13.609" >
        <step title="Builder is OneDeployBuilder" date="2025-12-18T14:48:13.609" /><!-- duration: 16ms -->
      </step><!-- duration: 16ms -->
      <step title="Copying SSH keys" date="2025-12-18T14:48:13.640" /><!-- duration: 16ms -->
      <step title="Building" date="2025-12-18T14:48:13.671" >
        <step title="Running build. Project type: OneDeploy" date="2025-12-18T14:48:13.702" /><!-- duration: 16ms -->
        <step title="Copying the manifest" date="2025-12-18T14:48:13.749" /><!-- duration: 0ms -->
        <step title="Clean deploying to C:\home\site\wwwroot" date="2025-12-18T14:48:13.827" /><!-- duration: 0ms -->
        <step title="Generating deployment script." date="2025-12-18T14:48:13.874" /><!-- duration: 0ms -->
        <step title="Generating deployment script" date="2025-12-18T14:48:13.874" >
          <step title="Using cached version of the deployment script for command: -y --no-dot-deployment -r &quot;C:\local\Temp\zipdeploy\extracted&quot; -o &quot;C:\home\site\deployments\tools&quot; --basic --sitePath &quot;C:\local\Temp\zipdeploy\extracted&quot;" date="2025-12-18T14:48:13.890" /><!-- duration: 0ms -->
          <step title="Using cached version of deployment script (command: &apos;azure -y --no-dot-deployment -r &quot;C:\local\Temp\zipdeploy\extracted&quot; -o &quot;C:\home\site\deployments\tools&quot; --basic --sitePath &quot;C:\local\Temp\zipdeploy\extracted&quot;&apos;)." date="2025-12-18T14:48:13.921" /><!-- duration: 0ms -->
        </step><!-- duration: 47ms -->
        <step title="Running deployment command..." date="2025-12-18T14:48:13.968" /><!-- duration: 0ms -->
        <step title="Command: &quot;C:\home\site\deployments\tools\deploy.cmd&quot;" date="2025-12-18T14:48:13.984" /><!-- duration: 0ms -->
        <step title="Executing external process" date="2025-12-18T14:48:13.984" type="process" path="starter.cmd" arguments="&quot;C:\home\site\deployments\tools\deploy.cmd&quot;" >
          <step title="Handling Basic Web Site deployment." date="2025-12-18T14:48:14.124" /><!-- duration: 0ms -->
          <step title="Creating app_offline.htm" date="2025-12-18T14:48:14.280" /><!-- duration: 16ms -->
          <step title="KuduSync.NET from: &apos;C:\local\Temp\zipdeploy\extracted&apos; to: &apos;C:\home\site\wwwroot&apos;" date="2025-12-18T14:48:14.296" /><!-- duration: 16ms -->
          <step title="Deleting file: &apos;logs\app-20251218.log&apos;" date="2025-12-18T14:48:14.312" /><!-- duration: 0ms -->
          <step title="Deleting file: &apos;logs\stdout_20251218135944_18384.log&apos;" date="2025-12-18T14:48:14.327" /><!-- duration: 0ms -->
          <step title="Deleting directory: &apos;logs&apos;" date="2025-12-18T14:48:14.343" /><!-- duration: 0ms -->
          <step title="Copying file: &apos;SchoolAiChatbotBackend.dll&apos;" date="2025-12-18T14:48:14.359" /><!-- duration: 0ms -->
          <step title="Copying file: &apos;SchoolAiChatbotBackend.exe&apos;" date="2025-12-18T14:48:14.374" /><!-- duration: 0ms -->
          <step title="Copying file: &apos;SchoolAiChatbotBackend.pdb&apos;" date="2025-12-18T14:48:14.374" /><!-- duration: 16ms -->
          <step title="Deleting app_offline.htm" date="2025-12-18T14:48:14.390" /><!-- duration: 0ms -->
          <step title="Finished successfully." date="2025-12-18T14:48:14.405" /><!-- duration: 0ms -->
        </step><!-- duration: 438ms -->
        <step title="Build completed succesfully." date="2025-12-18T14:48:14.452" /><!-- duration: 0ms -->
        <step title="Running post deployment command(s)..." date="2025-12-18T14:48:14.499" /><!-- duration: 0ms -->
        <step title="Requesting site restart" date="2025-12-18T14:48:14.546" /><!-- duration: 0ms -->
        <step title="Requesting site restart" date="2025-12-18T14:48:14.546" /><!-- duration: 16ms -->
        <step title="Requesting site restart. Attempt #1" date="2025-12-18T14:48:14.593" /><!-- duration: 16ms -->
        <step title="Requesting site restart. Attempt #1" date="2025-12-18T14:48:14.609" /><!-- duration: 0ms -->
        <step title="Successfully requested a restart. Attempt #1" date="2025-12-18T14:48:14.874" /><!-- duration: 16ms -->
        <step title="Successfully requested a restart. Attempt #1" date="2025-12-18T14:48:14.890" /><!-- duration: 0ms -->
        <step title="Deployment successful. DEPLOYMENTINFO: deploymentPath = OneDeploy, deployer = OneDeploy, os = windows, sku = Free, siteName = smartstudy-api, siteHostName = smartstudy-api-athtbtapcvdjesbe.centralindia-01.azurewebsites.net, deploymentStatus = Success" date="2025-12-18T14:48:14.937" /><!-- duration: 0ms -->
        <step title="Purge deployment items" date="2025-12-18T14:48:15.093" >
          <step title="Remove c38bb055b, Success, received at 12/18/2025 9:19:10 AM" date="2025-12-18T14:48:15.156" /><!-- duration: 0ms -->
        </step><!-- duration: 78ms -->
      </step><!-- duration: 1516ms -->
    </step><!-- duration: 1766ms -->
    <step title="Cleaning up temp files" date="2025-12-18T14:48:15.202" /><!-- duration: 0ms -->
    <step title="Skip function trigger and logicapp sync because function is not enabled." date="2025-12-18T14:48:15.202" /><!-- duration: 16ms -->
  </step><!-- duration: 2469ms -->
  <step title="LockFile &apos;C:\home\site\locks\deployments.lock&apos; released" date="2025-12-18T14:48:15.249" /><!-- duration: 16ms -->
  <step title="Deleting shutdown sentinel file" date="2025-12-18T14:48:15.281" SemaphoreCount="8" /><!-- duration: 0ms -->
</step><!-- duration: 2563ms -->
