<step title="BackgroundTrace" date="2025-12-18T10:51:32.362" instance="a6e48b" url="/api/publish" method="POST" >
  <step title="Cleanup Xml Logs" date="2025-12-18T10:51:32.362" /><!-- duration: 0ms -->
  <step title="Updating shutdown sentinel last write time" date="2025-12-18T10:51:32.377" SemaphoreCount="7" /><!-- duration: 0ms -->
  <step title="LockFile &apos;C:\home\site\locks\deployments.lock&apos; acquired" date="2025-12-18T10:51:32.393" /><!-- duration: 0ms -->
  <step title="Creating temporary deployment" date="2025-12-18T10:51:32.408" /><!-- duration: 16ms -->
  <step title="Performing fetch based deployment" date="2025-12-18T10:51:32.440" >
    <step title="Fetching changes." date="2025-12-18T10:51:32.487" /><!-- duration: 0ms -->
    <step title="Starting LocalZipHandler" date="2025-12-18T10:51:32.487" /><!-- duration: 0ms -->
    <step title="Cleaning up temp folders from previous zip deployments and extracting pushed zip file C:\local\Temp\zipdeploy\axp5v0go.zip (11.91 MB) to C:\local\Temp\zipdeploy\extracted" date="2025-12-18T10:51:32.518" /><!-- duration: 0ms -->
    <step title="Cleaning up temp folders from previous zip deployments and extracting pushed zip file C:\local\Temp\zipdeploy\axp5v0go.zip (11.91 MB) to C:\local\Temp\zipdeploy\extracted" date="2025-12-18T10:51:32.518" >
      <step title="Renaming extractTargetDirectory(C:\local\Temp\zipdeploy\extracted) to tempDirectory(C:\local\Temp\zipdeploy\x45mb5tv.klc)" date="2025-12-18T10:51:32.534" /><!-- duration: 0ms -->
      <step title="Extracting 107 entries to C:\local\Temp\zipdeploy\extracted directory" date="2025-12-18T10:51:32.534" >
        <step title="Extracting to C:\local\Temp\zipdeploy\extracted\runtimes\unix\lib\net6.0\Microsoft.Data.SqlClient.dll ..." date="2025-12-18T10:51:32.549" /><!-- duration: 16ms -->
        <step title="Extracting to C:\local\Temp\zipdeploy\extracted\runtimes\unix\lib\net6.0\System.Drawing.Common.dll ..." date="2025-12-18T10:51:32.565" /><!-- duration: 31ms -->
        <step title="Extracting to C:\local\Temp\zipdeploy\extracted\runtimes\win\lib\net6.0\Microsoft.Data.SqlClient.dll ..." date="2025-12-18T10:51:32.612" /><!-- duration: 16ms -->
        <step title="Extracting to C:\local\Temp\zipdeploy\extracted\runtimes\win\lib\net6.0\Microsoft.Win32.SystemEvents.dll ..." date="2025-12-18T10:51:32.643" /><!-- duration: 0ms -->
        <step title="Extracting to C:\local\Temp\zipdeploy\extracted\runtimes\win\lib\net6.0\System.Drawing.Common.dll ..." date="2025-12-18T10:51:32.643" /><!-- duration: 16ms -->
        <step title="Omitting extracting file traces ..." date="2025-12-18T10:51:32.658" /><!-- duration: 0ms -->
      </step><!-- duration: 516ms -->
    </step><!-- duration: 547ms -->
    <step title="Before sending BuildRequestReceived status to /api/updatedeploystatus" date="2025-12-18T10:51:33.065" /><!-- duration: 0ms -->
    <step title="DeploymentManager.Deploy(id:02276a1cfc464b69be5d657d26760c66)" date="2025-12-18T10:51:33.080" >
      <step title="Collecting changeset information" date="2025-12-18T10:51:33.080" /><!-- duration: 31ms -->
      <step title="Updating submodules" date="2025-12-18T10:51:33.112" >
        <step title="Updating submodules." date="2025-12-18T10:51:33.158" /><!-- duration: 0ms -->
      </step><!-- duration: 47ms -->
      <step title="Preparing deployment for commit id &apos;02276a1cfc&apos;." date="2025-12-18T10:51:33.205" /><!-- duration: 0ms -->
      <step title="Determining deployment builder" date="2025-12-18T10:51:33.237" >
        <step title="Builder is OneDeployBuilder" date="2025-12-18T10:51:33.237" /><!-- duration: 0ms -->
      </step><!-- duration: 0ms -->
      <step title="Copying SSH keys" date="2025-12-18T10:51:33.252" /><!-- duration: 16ms -->
      <step title="Building" date="2025-12-18T10:51:33.268" >
        <step title="Running build. Project type: OneDeploy" date="2025-12-18T10:51:33.299" /><!-- duration: 16ms -->
        <step title="Copying the manifest" date="2025-12-18T10:51:33.346" /><!-- duration: 0ms -->
        <step title="Clean deploying to C:\home\site\wwwroot" date="2025-12-18T10:51:33.409" /><!-- duration: 0ms -->
        <step title="Generating deployment script." date="2025-12-18T10:51:33.440" /><!-- duration: 0ms -->
        <step title="Generating deployment script" date="2025-12-18T10:51:33.440" >
          <step title="Using cached version of the deployment script for command: -y --no-dot-deployment -r &quot;C:\local\Temp\zipdeploy\extracted&quot; -o &quot;C:\home\site\deployments\tools&quot; --basic --sitePath &quot;C:\local\Temp\zipdeploy\extracted&quot;" date="2025-12-18T10:51:33.455" /><!-- duration: 16ms -->
          <step title="Using cached version of deployment script (command: &apos;azure -y --no-dot-deployment -r &quot;C:\local\Temp\zipdeploy\extracted&quot; -o &quot;C:\home\site\deployments\tools&quot; --basic --sitePath &quot;C:\local\Temp\zipdeploy\extracted&quot;&apos;)." date="2025-12-18T10:51:33.487" /><!-- duration: 0ms -->
        </step><!-- duration: 62ms -->
        <step title="Running deployment command..." date="2025-12-18T10:51:33.534" /><!-- duration: 0ms -->
        <step title="Command: &quot;C:\home\site\deployments\tools\deploy.cmd&quot;" date="2025-12-18T10:51:33.534" /><!-- duration: 16ms -->
        <step title="Executing external process" date="2025-12-18T10:51:33.549" type="process" path="starter.cmd" arguments="&quot;C:\home\site\deployments\tools\deploy.cmd&quot;" >
          <step title="Handling Basic Web Site deployment." date="2025-12-18T10:51:33.674" /><!-- duration: 0ms -->
          <step title="Creating app_offline.htm" date="2025-12-18T10:51:34.221" /><!-- duration: 16ms -->
          <step title="KuduSync.NET from: &apos;C:\local\Temp\zipdeploy\extracted&apos; to: &apos;C:\home\site\wwwroot&apos;" date="2025-12-18T10:51:34.237" /><!-- duration: 0ms -->
          <step title="Deleting file: &apos;logs\app-20251217.log&apos;" date="2025-12-18T10:51:34.252" /><!-- duration: 0ms -->
          <step title="Deleting file: &apos;logs\app-20251218.log&apos;" date="2025-12-18T10:51:34.268" /><!-- duration: 0ms -->
          <step title="Deleting file: &apos;logs\stdout_20251217185645_14748.log&apos;" date="2025-12-18T10:51:34.268" /><!-- duration: 16ms -->
          <step title="Deleting file: &apos;logs\stdout_20251217185727_17576.log&apos;" date="2025-12-18T10:51:34.284" /><!-- duration: 0ms -->
          <step title="Deleting file: &apos;logs\stdout_20251217204018_10160.log&apos;" date="2025-12-18T10:51:34.299" /><!-- duration: 0ms -->
          <step title="Deleting file: &apos;logs\stdout_20251217215734_17648.log&apos;" date="2025-12-18T10:51:34.299" /><!-- duration: 16ms -->
          <step title="Deleting file: &apos;logs\stdout_20251217221500_14180.log&apos;" date="2025-12-18T10:51:34.315" /><!-- duration: 0ms -->
          <step title="Deleting file: &apos;logs\stdout_20251217222104_11116.log&apos;" date="2025-12-18T10:51:34.330" /><!-- duration: 0ms -->
          <step title="Deleting file: &apos;logs\stdout_20251217222900_14984.log&apos;" date="2025-12-18T10:51:34.330" /><!-- duration: 16ms -->
          <step title="Deleting file: &apos;logs\stdout_20251217222942_20020.log&apos;" date="2025-12-18T10:51:34.346" /><!-- duration: 0ms -->
          <step title="Deleting file: &apos;logs\stdout_20251218070830_3696.log&apos;" date="2025-12-18T10:51:34.362" /><!-- duration: 0ms -->
          <step title="Deleting file: &apos;logs\stdout_20251218073542_18932.log&apos;" date="2025-12-18T10:51:34.377" /><!-- duration: 0ms -->
          <step title="Deleting file: &apos;logs\stdout_20251218082032_11780.log&apos;" date="2025-12-18T10:51:34.393" /><!-- duration: 0ms -->
          <step title="Deleting file: &apos;logs\stdout_20251218083552_9728.log&apos;" date="2025-12-18T10:51:34.393" /><!-- duration: 16ms -->
          <step title="Deleting file: &apos;logs\stdout_20251218083919_18664.log&apos;" date="2025-12-18T10:51:34.409" /><!-- duration: 0ms -->
          <step title="Deleting file: &apos;logs\stdout_20251218092030_9104.log&apos;" date="2025-12-18T10:51:34.424" /><!-- duration: 0ms -->
          <step title="Deleting file: &apos;logs\stdout_20251218095408_16100.log&apos;" date="2025-12-18T10:51:34.440" /><!-- duration: 0ms -->
          <step title="Deleting file: &apos;logs\stdout_20251218103744_15680.log&apos;" date="2025-12-18T10:51:36.455" /><!-- duration: 16ms -->
          <step title="Deleting directory: &apos;logs&apos;" date="2025-12-18T10:51:36.487" /><!-- duration: 0ms -->
          <step title="Copying file: &apos;SchoolAiChatbotBackend.dll&apos;" date="2025-12-18T10:51:36.487" /><!-- duration: 0ms -->
          <step title="Copying file: &apos;SchoolAiChatbotBackend.exe&apos;" date="2025-12-18T10:51:36.502" /><!-- duration: 0ms -->
          <step title="Copying file: &apos;SchoolAiChatbotBackend.pdb&apos;" date="2025-12-18T10:51:36.518" /><!-- duration: 0ms -->
          <step title="Deleting app_offline.htm" date="2025-12-18T10:51:36.518" /><!-- duration: 16ms -->
          <step title="Finished successfully." date="2025-12-18T10:51:36.534" /><!-- duration: 0ms -->
        </step><!-- duration: 3000ms -->
        <step title="Build completed succesfully." date="2025-12-18T10:51:36.580" /><!-- duration: 0ms -->
        <step title="Running post deployment command(s)..." date="2025-12-18T10:51:36.643" /><!-- duration: 16ms -->
        <step title="Requesting site restart" date="2025-12-18T10:51:36.690" /><!-- duration: 16ms -->
        <step title="Requesting site restart" date="2025-12-18T10:51:36.705" /><!-- duration: 0ms -->
        <step title="Requesting site restart. Attempt #1" date="2025-12-18T10:51:36.752" /><!-- duration: 0ms -->
        <step title="Requesting site restart. Attempt #1" date="2025-12-18T10:51:36.752" /><!-- duration: 16ms -->
        <step title="Successfully requested a restart. Attempt #1" date="2025-12-18T10:51:37.127" /><!-- duration: 0ms -->
        <step title="Successfully requested a restart. Attempt #1" date="2025-12-18T10:51:37.127" /><!-- duration: 16ms -->
        <step title="Deployment successful. DEPLOYMENTINFO: deploymentPath = OneDeploy, deployer = OneDeploy, os = windows, sku = Free, siteName = smartstudy-api, siteHostName = smartstudy-api-athtbtapcvdjesbe.centralindia-01.azurewebsites.net, deploymentStatus = Success" date="2025-12-18T10:51:37.174" /><!-- duration: 0ms -->
        <step title="Purge deployment items" date="2025-12-18T10:51:37.252" >
          <step title="Remove e840cb085, Success, received at 12/17/2025 10:14:56 PM" date="2025-12-18T10:51:37.331" /><!-- duration: 0ms -->
        </step><!-- duration: 94ms -->
      </step><!-- duration: 4094ms -->
    </step><!-- duration: 4281ms -->
    <step title="Cleaning up temp files" date="2025-12-18T10:51:37.362" /><!-- duration: 16ms -->
    <step title="Skip function trigger and logicapp sync because function is not enabled." date="2025-12-18T10:51:37.377" /><!-- duration: 16ms -->
  </step><!-- duration: 4969ms -->
  <step title="LockFile &apos;C:\home\site\locks\deployments.lock&apos; released" date="2025-12-18T10:51:37.409" /><!-- duration: 0ms -->
  <step title="Deleting shutdown sentinel file" date="2025-12-18T10:51:37.424" SemaphoreCount="8" /><!-- duration: 0ms -->
</step><!-- duration: 5063ms -->
