<step title="BackgroundTrace" date="2025-12-18T08:35:22.351" instance="a6e48b" url="/api/zipdeploy" method="POST" >
  <step title="Updating shutdown sentinel last write time" date="2025-12-18T08:35:22.367" SemaphoreCount="7" /><!-- duration: 0ms -->
  <step title="LockFile &apos;C:\home\site\locks\deployments.lock&apos; acquired" date="2025-12-18T08:35:22.382" /><!-- duration: 0ms -->
  <step title="Creating temporary deployment" date="2025-12-18T08:35:22.382" /><!-- duration: 31ms -->
  <step title="Performing fetch based deployment" date="2025-12-18T08:35:22.413" >
    <step title="Fetching changes." date="2025-12-18T08:35:22.445" /><!-- duration: 16ms -->
    <step title="Starting LocalZipHandler" date="2025-12-18T08:35:22.460" /><!-- duration: 16ms -->
    <step title="Cleaning up temp folders from previous zip deployments and extracting pushed zip file C:\local\Temp\zipdeploy\htuq3del.zip (11.91 MB) to C:\local\Temp\zipdeploy\extracted" date="2025-12-18T08:35:22.492" /><!-- duration: 0ms -->
    <step title="Cleaning up temp folders from previous zip deployments and extracting pushed zip file C:\local\Temp\zipdeploy\htuq3del.zip (11.91 MB) to C:\local\Temp\zipdeploy\extracted" date="2025-12-18T08:35:22.507" >
      <step title="Renaming extractTargetDirectory(C:\local\Temp\zipdeploy\extracted) to tempDirectory(C:\local\Temp\zipdeploy\yjd03vb2.h33)" date="2025-12-18T08:35:22.507" /><!-- duration: 0ms -->
      <step title="Extracting 107 entries to C:\local\Temp\zipdeploy\extracted directory" date="2025-12-18T08:35:22.507" >
        <step title="Extracting to C:\local\Temp\zipdeploy\extracted\runtimes\unix\lib\net6.0\Microsoft.Data.SqlClient.dll ..." date="2025-12-18T08:35:22.523" /><!-- duration: 16ms -->
        <step title="Extracting to C:\local\Temp\zipdeploy\extracted\runtimes\unix\lib\net6.0\System.Drawing.Common.dll ..." date="2025-12-18T08:35:22.554" /><!-- duration: 0ms -->
        <step title="Extracting to C:\local\Temp\zipdeploy\extracted\runtimes\win\lib\net6.0\Microsoft.Data.SqlClient.dll ..." date="2025-12-18T08:35:22.570" /><!-- duration: 16ms -->
        <step title="Extracting to C:\local\Temp\zipdeploy\extracted\runtimes\win\lib\net6.0\Microsoft.Win32.SystemEvents.dll ..." date="2025-12-18T08:35:22.585" /><!-- duration: 16ms -->
        <step title="Extracting to C:\local\Temp\zipdeploy\extracted\runtimes\win\lib\net6.0\System.Drawing.Common.dll ..." date="2025-12-18T08:35:22.601" /><!-- duration: 16ms -->
        <step title="Omitting extracting file traces ..." date="2025-12-18T08:35:22.617" /><!-- duration: 0ms -->
      </step><!-- duration: 516ms -->
    </step><!-- duration: 516ms -->
    <step title="Before sending BuildRequestReceived status to /api/updatedeploystatus" date="2025-12-18T08:35:23.039" /><!-- duration: 0ms -->
    <step title="DeploymentManager.Deploy(id:1481c687c82f446d9f41ed7475daa965)" date="2025-12-18T08:35:23.039" >
      <step title="Collecting changeset information" date="2025-12-18T08:35:23.054" /><!-- duration: 31ms -->
      <step title="Updating submodules" date="2025-12-18T08:35:23.085" >
        <step title="Updating submodules." date="2025-12-18T08:35:23.117" /><!-- duration: 0ms -->
      </step><!-- duration: 31ms -->
      <step title="Preparing deployment for commit id &apos;1481c687c8&apos;." date="2025-12-18T08:35:23.179" /><!-- duration: 0ms -->
      <step title="Determining deployment builder" date="2025-12-18T08:35:23.210" >
        <step title="Builder is BasicBuilder" date="2025-12-18T08:35:23.210" /><!-- duration: 0ms -->
      </step><!-- duration: 0ms -->
      <step title="Copying SSH keys" date="2025-12-18T08:35:23.226" /><!-- duration: 16ms -->
      <step title="Building" date="2025-12-18T08:35:23.242" >
        <step title="Generating deployment script." date="2025-12-18T08:35:23.289" /><!-- duration: 0ms -->
        <step title="Generating deployment script" date="2025-12-18T08:35:23.289" >
          <step title="Using cached version of the deployment script for command: -y --no-dot-deployment -r &quot;C:\local\Temp\zipdeploy\extracted&quot; -o &quot;C:\home\site\deployments\tools&quot; --basic --sitePath &quot;C:\local\Temp\zipdeploy\extracted&quot;" date="2025-12-18T08:35:23.304" /><!-- duration: 0ms -->
          <step title="Using cached version of deployment script (command: &apos;azure -y --no-dot-deployment -r &quot;C:\local\Temp\zipdeploy\extracted&quot; -o &quot;C:\home\site\deployments\tools&quot; --basic --sitePath &quot;C:\local\Temp\zipdeploy\extracted&quot;&apos;)." date="2025-12-18T08:35:23.320" /><!-- duration: 0ms -->
        </step><!-- duration: 31ms -->
        <step title="Running deployment command..." date="2025-12-18T08:35:23.351" /><!-- duration: 16ms -->
        <step title="Command: &quot;C:\home\site\deployments\tools\deploy.cmd&quot;" date="2025-12-18T08:35:23.382" /><!-- duration: 31ms -->
        <step title="Executing external process" date="2025-12-18T08:35:23.414" type="process" path="starter.cmd" arguments="&quot;C:\home\site\deployments\tools\deploy.cmd&quot;" >
          <step title="Handling Basic Web Site deployment." date="2025-12-18T08:35:23.523" /><!-- duration: 16ms -->
          <step title="Creating app_offline.htm" date="2025-12-18T08:35:26.148" /><!-- duration: 16ms -->
          <step title="KuduSync.NET from: &apos;C:\local\Temp\zipdeploy\extracted&apos; to: &apos;C:\home\site\wwwroot&apos;" date="2025-12-18T08:35:26.164" /><!-- duration: 0ms -->
          <step title="Copying file: &apos;SchoolAiChatbotBackend.dll&apos;" date="2025-12-18T08:35:26.179" /><!-- duration: 0ms -->
          <step title="Copying file: &apos;SchoolAiChatbotBackend.exe&apos;" date="2025-12-18T08:35:26.195" /><!-- duration: 0ms -->
          <step title="Copying file: &apos;SchoolAiChatbotBackend.pdb&apos;" date="2025-12-18T08:35:26.211" /><!-- duration: 0ms -->
          <step title="Deleting app_offline.htm" date="2025-12-18T08:35:26.226" /><!-- duration: 0ms -->
          <step title="Finished successfully." date="2025-12-18T08:35:26.242" /><!-- duration: 0ms -->
        </step><!-- duration: 2844ms -->
        <step title="Running post deployment command(s)..." date="2025-12-18T08:35:26.289" /><!-- duration: 0ms -->
        <step title="Triggering recycle (preview mode disabled)." date="2025-12-18T08:35:26.351" /><!-- duration: 0ms -->
        <step title="Ignoring FS watcher based recycle request as this is a classic Windows app." date="2025-12-18T08:35:26.367" /><!-- duration: 0ms -->
        <step title="Deployment successful. DEPLOYMENTINFO: deploymentPath = ZipDeploy. Extract zip. , deployer = ZipDeploy, os = windows, sku = Free, siteName = smartstudy-api, siteHostName = smartstudy-api-athtbtapcvdjesbe.centralindia-01.azurewebsites.net, deploymentStatus = Success" date="2025-12-18T08:35:26.414" /><!-- duration: 0ms -->
        <step title="Purge deployment items" date="2025-12-18T08:35:26.507" >
          <step title="Remove 9460c4d11, Success, received at 12/17/2025 6:44:51 PM" date="2025-12-18T08:35:26.554" /><!-- duration: 0ms -->
        </step><!-- duration: 47ms -->
      </step><!-- duration: 3344ms -->
    </step><!-- duration: 3563ms -->
    <step title="Cleaning up temp files" date="2025-12-18T08:35:26.601" /><!-- duration: 0ms -->
    <step title="Skip function trigger and logicapp sync because function is not enabled." date="2025-12-18T08:35:26.617" /><!-- duration: 0ms -->
  </step><!-- duration: 4235ms -->
  <step title="LockFile &apos;C:\home\site\locks\deployments.lock&apos; released" date="2025-12-18T08:35:26.664" /><!-- duration: 0ms -->
  <step title="Deleting shutdown sentinel file" date="2025-12-18T08:35:26.664" SemaphoreCount="8" /><!-- duration: 16ms -->
</step><!-- duration: 4328ms -->
