<step title="Incoming Request" date="2025-12-18T11:03:55.849" instance="a6e48b" url="/api/publish?type=zip&amp;async=True" method="POST" type="request" pid="13488,2,61" Cache-Control="no-cache" Content-Length="12487447" Content-Type="application/octet-stream" Accept="*/*" Accept-Encoding="gzip, deflate" Authorization="Bea..." Host="smartstudy-api-athtbtapcvdjesbe.scm.centralindia-01.azurewebsites.net" User-Agent="AZURECLI/2.80.0 (MSI)" x-ms-client-request-id="3ab2460c-dc01-11f0-9b5f-7404f1536f46" X-ARR-LOG-ID="3ab2460c-dc01-11f0-9b5f-7404f1536f46" CLIENT-IP="38.254.185.42:51902" X-SITE-DEPLOYMENT-ID="smartstudy-api" WAS-DEFAULT-HOSTNAME="smartstudy-api-athtbtapcvdjesbe.scm.centralindia-01.azurewebsites.net" X-Forwarded-Proto="https" X-AppService-Proto="https" X-Forwarded-TlsVersion="1.3" X-WAWS-Unencoded-URL="/api/publish?type=zip&amp;async=True" >
  <step title="Cleanup Xml Logs" date="2025-12-18T11:03:55.865" >
    <step title="Cleanup Infos" date="2025-12-18T11:03:55.865" totalFiles="200" totalCleanup="40" /><!-- duration: 657ms -->
  </step><!-- duration: 657ms -->
  <step title="OneDeploy" date="2025-12-18T11:03:56.537" >
    <step title="Starting PushDeployAsync" date="2025-12-18T11:03:56.537" /><!-- duration: 16ms -->
    <step title="Updating shutdown sentinel last write time" date="2025-12-18T11:03:56.553" SemaphoreCount="7" /><!-- duration: 0ms -->
    <step title="LockFile &apos;C:\home\site\locks\deployments.lock&apos; acquired" date="2025-12-18T11:03:56.568" /><!-- duration: 0ms -->
    <step title="Saving request content to C:\local\Temp\zipdeploy\mmsozv1p.zip" date="2025-12-18T11:03:56.584" >
      <step title="Total 12,487,447 bytes written to C:\local\Temp\zipdeploy\mmsozv1p.zip" date="2025-12-18T11:04:14.069" /><!-- duration: 0ms -->
    </step><!-- duration: 17501ms -->
    <step title="LockFile &apos;C:\home\site\locks\deployments.lock&apos; released" date="2025-12-18T11:04:14.085" /><!-- duration: 0ms -->
    <step title="Deleting shutdown sentinel file" date="2025-12-18T11:04:14.100" SemaphoreCount="8" /><!-- duration: 0ms -->
    <step title="Starting FetchDeploy" date="2025-12-18T11:04:14.100" /><!-- duration: 16ms -->
    <step title="Start deployment in the background" date="2025-12-18T11:04:14.116" /><!-- duration: 78ms -->
  </step><!-- duration: 17657ms -->
  <step title="Outgoing response" date="2025-12-18T11:04:14.194" type="response" statusCode="202" statusText="Accepted" Server="Microsoft-IIS/10.0" x-ms-request-id="3ab2460c-dc01-11f0-9b5f-7404f1536f46" Retry-After="30" Cache-Control="private" X-AspNet-Version="4.0.30319" Location="https://smartstudy-api-athtbtapcvdjesbe.scm.centralindia-01.azurewebsites.net/api/deployments/latest?deployer=OneDeploy&amp;time=2025-12-18_11-04-14Z" /><!-- duration: 16ms -->
</step><!-- duration: 18360ms -->
