<step title="BackgroundTrace" date="2025-12-18T16:44:36.907" instance="a6e48b" url="/api/zipdeploy" method="POST" >
  <step title="Updating shutdown sentinel last write time" date="2025-12-18T16:44:36.907" SemaphoreCount="7" /><!-- duration: 0ms -->
  <step title="LockFile &apos;C:\home\site\locks\deployments.lock&apos; acquired" date="2025-12-18T16:44:36.922" /><!-- duration: 0ms -->
  <step title="Creating temporary deployment" date="2025-12-18T16:44:36.922" /><!-- duration: 31ms -->
  <step title="Performing fetch based deployment" date="2025-12-18T16:44:36.954" >
    <step title="Fetching changes." date="2025-12-18T16:44:37.000" /><!-- duration: 16ms -->
    <step title="Starting LocalZipHandler" date="2025-12-18T16:44:37.016" /><!-- duration: 0ms -->
    <step title="Cleaning up temp folders from previous zip deployments and extracting pushed zip file C:\local\Temp\zipdeploy\21bzpvb4.zip (11.91 MB) to C:\local\Temp\zipdeploy\extracted" date="2025-12-18T16:44:37.047" /><!-- duration: 0ms -->
    <step title="Cleaning up temp folders from previous zip deployments and extracting pushed zip file C:\local\Temp\zipdeploy\21bzpvb4.zip (11.91 MB) to C:\local\Temp\zipdeploy\extracted" date="2025-12-18T16:44:37.047" >
      <step title="Renaming extractTargetDirectory(C:\local\Temp\zipdeploy\extracted) to tempDirectory(C:\local\Temp\zipdeploy\1kkjx5tz.ukc)" date="2025-12-18T16:44:37.063" /><!-- duration: 0ms -->
      <step title="Extracting 107 entries to C:\local\Temp\zipdeploy\extracted directory" date="2025-12-18T16:44:37.079" >
        <step title="Extracting to C:\local\Temp\zipdeploy\extracted\runtimes\unix\lib\net6.0\Microsoft.Data.SqlClient.dll ..." date="2025-12-18T16:44:37.094" /><!-- duration: 31ms -->
        <step title="Extracting to C:\local\Temp\zipdeploy\extracted\runtimes\unix\lib\net6.0\System.Drawing.Common.dll ..." date="2025-12-18T16:44:37.125" /><!-- duration: 0ms -->
        <step title="Extracting to C:\local\Temp\zipdeploy\extracted\runtimes\win\lib\net6.0\Microsoft.Data.SqlClient.dll ..." date="2025-12-18T16:44:37.141" /><!-- duration: 16ms -->
        <step title="Extracting to C:\local\Temp\zipdeploy\extracted\runtimes\win\lib\net6.0\Microsoft.Win32.SystemEvents.dll ..." date="2025-12-18T16:44:37.157" /><!-- duration: 16ms -->
        <step title="Extracting to C:\local\Temp\zipdeploy\extracted\runtimes\win\lib\net6.0\System.Drawing.Common.dll ..." date="2025-12-18T16:44:37.172" /><!-- duration: 0ms -->
        <step title="Omitting extracting file traces ..." date="2025-12-18T16:44:37.188" /><!-- duration: 0ms -->
      </step><!-- duration: 500ms -->
    </step><!-- duration: 547ms -->
    <step title="Before sending BuildRequestReceived status to /api/updatedeploystatus" date="2025-12-18T16:44:37.594" /><!-- duration: 0ms -->
    <step title="DeploymentManager.Deploy(id:eadba27e04ee48479d41c5fb725a3b03)" date="2025-12-18T16:44:37.610" >
      <step title="Collecting changeset information" date="2025-12-18T16:44:37.610" /><!-- duration: 47ms -->
      <step title="Updating submodules" date="2025-12-18T16:44:37.657" >
        <step title="Updating submodules." date="2025-12-18T16:44:37.719" /><!-- duration: 0ms -->
      </step><!-- duration: 63ms -->
      <step title="Preparing deployment for commit id &apos;eadba27e04&apos;." date="2025-12-18T16:44:37.766" /><!-- duration: 0ms -->
      <step title="Determining deployment builder" date="2025-12-18T16:44:37.797" >
        <step title="Builder is BasicBuilder" date="2025-12-18T16:44:37.797" /><!-- duration: 16ms -->
      </step><!-- duration: 16ms -->
      <step title="Copying SSH keys" date="2025-12-18T16:44:37.829" /><!-- duration: 0ms -->
      <step title="Building" date="2025-12-18T16:44:37.844" >
        <step title="Generating deployment script." date="2025-12-18T16:44:37.876" /><!-- duration: 0ms -->
        <step title="Generating deployment script" date="2025-12-18T16:44:37.876" >
          <step title="Using cached version of the deployment script for command: -y --no-dot-deployment -r &quot;C:\local\Temp\zipdeploy\extracted&quot; -o &quot;C:\home\site\deployments\tools&quot; --basic --sitePath &quot;C:\local\Temp\zipdeploy\extracted&quot;" date="2025-12-18T16:44:37.891" /><!-- duration: 16ms -->
          <step title="Using cached version of deployment script (command: &apos;azure -y --no-dot-deployment -r &quot;C:\local\Temp\zipdeploy\extracted&quot; -o &quot;C:\home\site\deployments\tools&quot; --basic --sitePath &quot;C:\local\Temp\zipdeploy\extracted&quot;&apos;)." date="2025-12-18T16:44:37.907" /><!-- duration: 0ms -->
        </step><!-- duration: 47ms -->
        <step title="Running deployment command..." date="2025-12-18T16:44:37.954" /><!-- duration: 16ms -->
        <step title="Command: &quot;C:\home\site\deployments\tools\deploy.cmd&quot;" date="2025-12-18T16:44:37.985" /><!-- duration: 0ms -->
        <step title="Executing external process" date="2025-12-18T16:44:38.000" type="process" path="starter.cmd" arguments="&quot;C:\home\site\deployments\tools\deploy.cmd&quot;" >
          <step title="Handling Basic Web Site deployment." date="2025-12-18T16:44:38.125" /><!-- duration: 0ms -->
          <step title="Creating app_offline.htm" date="2025-12-18T16:44:40.719" /><!-- duration: 16ms -->
          <step title="KuduSync.NET from: &apos;C:\local\Temp\zipdeploy\extracted&apos; to: &apos;C:\home\site\wwwroot&apos;" date="2025-12-18T16:44:40.751" /><!-- duration: 0ms -->
          <step title="Copying file: &apos;SchoolAiChatbotBackend.dll&apos;" date="2025-12-18T16:44:40.751" /><!-- duration: 16ms -->
          <step title="Copying file: &apos;SchoolAiChatbotBackend.exe&apos;" date="2025-12-18T16:44:40.766" /><!-- duration: 16ms -->
          <step title="Copying file: &apos;SchoolAiChatbotBackend.pdb&apos;" date="2025-12-18T16:44:40.797" /><!-- duration: 0ms -->
          <step title="Deleting app_offline.htm" date="2025-12-18T16:44:40.813" /><!-- duration: 16ms -->
          <step title="Finished successfully." date="2025-12-18T16:44:40.829" /><!-- duration: 0ms -->
        </step><!-- duration: 2844ms -->
        <step title="Running post deployment command(s)..." date="2025-12-18T16:44:40.876" /><!-- duration: 0ms -->
        <step title="Triggering recycle (preview mode disabled)." date="2025-12-18T16:44:40.922" /><!-- duration: 0ms -->
        <step title="Ignoring FS watcher based recycle request as this is a classic Windows app." date="2025-12-18T16:44:40.922" /><!-- duration: 0ms -->
        <step title="Deployment successful. DEPLOYMENTINFO: deploymentPath = ZipDeploy. Extract zip. , deployer = ZipDeploy, os = windows, sku = Free, siteName = smartstudy-api, siteHostName = smartstudy-api-athtbtapcvdjesbe.centralindia-01.azurewebsites.net, deploymentStatus = Success" date="2025-12-18T16:44:40.969" /><!-- duration: 0ms -->
        <step title="Purge deployment items" date="2025-12-18T16:44:41.110" >
          <step title="Remove aac8acaa5, Success, received at 12/18/2025 9:53:17 AM" date="2025-12-18T16:44:41.157" /><!-- duration: 0ms -->
        </step><!-- duration: 63ms -->
      </step><!-- duration: 3344ms -->
    </step><!-- duration: 3578ms -->
    <step title="Cleaning up temp files" date="2025-12-18T16:44:41.204" /><!-- duration: 0ms -->
    <step title="Skip function trigger and logicapp sync because function is not enabled." date="2025-12-18T16:44:41.204" /><!-- duration: 16ms -->
  </step><!-- duration: 4297ms -->
  <step title="LockFile &apos;C:\home\site\locks\deployments.lock&apos; released" date="2025-12-18T16:44:41.251" /><!-- duration: 0ms -->
  <step title="Deleting shutdown sentinel file" date="2025-12-18T16:44:41.266" SemaphoreCount="8" /><!-- duration: 0ms -->
</step><!-- duration: 4360ms -->
