<step title="BackgroundTrace" date="2025-12-18T09:19:10.030" instance="a6e48b" url="/api/zipdeploy" method="POST" >
  <step title="Updating shutdown sentinel last write time" date="2025-12-18T09:19:10.030" SemaphoreCount="7" /><!-- duration: 16ms -->
  <step title="LockFile &apos;C:\home\site\locks\deployments.lock&apos; acquired" date="2025-12-18T09:19:10.046" /><!-- duration: 0ms -->
  <step title="Creating temporary deployment" date="2025-12-18T09:19:10.046" /><!-- duration: 63ms -->
  <step title="Performing fetch based deployment" date="2025-12-18T09:19:10.108" >
    <step title="Fetching changes." date="2025-12-18T09:19:10.171" /><!-- duration: 16ms -->
    <step title="Starting LocalZipHandler" date="2025-12-18T09:19:10.186" /><!-- duration: 16ms -->
    <step title="Cleaning up temp folders from previous zip deployments and extracting pushed zip file C:\local\Temp\zipdeploy\rbclrcdk.zip (11.91 MB) to C:\local\Temp\zipdeploy\extracted" date="2025-12-18T09:19:10.233" /><!-- duration: 0ms -->
    <step title="Cleaning up temp folders from previous zip deployments and extracting pushed zip file C:\local\Temp\zipdeploy\rbclrcdk.zip (11.91 MB) to C:\local\Temp\zipdeploy\extracted" date="2025-12-18T09:19:10.233" >
      <step title="Renaming extractTargetDirectory(C:\local\Temp\zipdeploy\extracted) to tempDirectory(C:\local\Temp\zipdeploy\bhkg3zcu.42f)" date="2025-12-18T09:19:10.233" /><!-- duration: 16ms -->
      <step title="Extracting 107 entries to C:\local\Temp\zipdeploy\extracted directory" date="2025-12-18T09:19:10.264" >
        <step title="Extracting to C:\local\Temp\zipdeploy\extracted\runtimes\unix\lib\net6.0\Microsoft.Data.SqlClient.dll ..." date="2025-12-18T09:19:10.264" /><!-- duration: 31ms -->
        <step title="Extracting to C:\local\Temp\zipdeploy\extracted\runtimes\unix\lib\net6.0\System.Drawing.Common.dll ..." date="2025-12-18T09:19:10.296" /><!-- duration: 16ms -->
        <step title="Extracting to C:\local\Temp\zipdeploy\extracted\runtimes\win\lib\net6.0\Microsoft.Data.SqlClient.dll ..." date="2025-12-18T09:19:10.311" /><!-- duration: 31ms -->
        <step title="Extracting to C:\local\Temp\zipdeploy\extracted\runtimes\win\lib\net6.0\Microsoft.Win32.SystemEvents.dll ..." date="2025-12-18T09:19:10.342" /><!-- duration: 0ms -->
        <step title="Extracting to C:\local\Temp\zipdeploy\extracted\runtimes\win\lib\net6.0\System.Drawing.Common.dll ..." date="2025-12-18T09:19:10.342" /><!-- duration: 16ms -->
        <step title="Omitting extracting file traces ..." date="2025-12-18T09:19:10.358" /><!-- duration: 16ms -->
      </step><!-- duration: 500ms -->
    </step><!-- duration: 531ms -->
    <step title="Before sending BuildRequestReceived status to /api/updatedeploystatus" date="2025-12-18T09:19:10.780" /><!-- duration: 0ms -->
    <step title="DeploymentManager.Deploy(id:c38bb055bae846f9b7a6ea9e3d420dff)" date="2025-12-18T09:19:10.780" >
      <step title="Collecting changeset information" date="2025-12-18T09:19:10.796" /><!-- duration: 31ms -->
      <step title="Updating submodules" date="2025-12-18T09:19:10.842" >
        <step title="Updating submodules." date="2025-12-18T09:19:10.889" /><!-- duration: 0ms -->
      </step><!-- duration: 47ms -->
      <step title="Preparing deployment for commit id &apos;c38bb055ba&apos;." date="2025-12-18T09:19:10.936" /><!-- duration: 0ms -->
      <step title="Determining deployment builder" date="2025-12-18T09:19:10.983" >
        <step title="Builder is BasicBuilder" date="2025-12-18T09:19:11.014" /><!-- duration: 0ms -->
      </step><!-- duration: 31ms -->
      <step title="Copying SSH keys" date="2025-12-18T09:19:11.030" /><!-- duration: 16ms -->
      <step title="Building" date="2025-12-18T09:19:11.046" >
        <step title="Generating deployment script." date="2025-12-18T09:19:11.077" /><!-- duration: 0ms -->
        <step title="Generating deployment script" date="2025-12-18T09:19:11.077" >
          <step title="Using cached version of the deployment script for command: -y --no-dot-deployment -r &quot;C:\local\Temp\zipdeploy\extracted&quot; -o &quot;C:\home\site\deployments\tools&quot; --basic --sitePath &quot;C:\local\Temp\zipdeploy\extracted&quot;" date="2025-12-18T09:19:11.108" /><!-- duration: 0ms -->
          <step title="Using cached version of deployment script (command: &apos;azure -y --no-dot-deployment -r &quot;C:\local\Temp\zipdeploy\extracted&quot; -o &quot;C:\home\site\deployments\tools&quot; --basic --sitePath &quot;C:\local\Temp\zipdeploy\extracted&quot;&apos;)." date="2025-12-18T09:19:11.124" /><!-- duration: 0ms -->
        </step><!-- duration: 47ms -->
        <step title="Running deployment command..." date="2025-12-18T09:19:11.171" /><!-- duration: 0ms -->
        <step title="Command: &quot;C:\home\site\deployments\tools\deploy.cmd&quot;" date="2025-12-18T09:19:11.186" /><!-- duration: 0ms -->
        <step title="Executing external process" date="2025-12-18T09:19:11.202" type="process" path="starter.cmd" arguments="&quot;C:\home\site\deployments\tools\deploy.cmd&quot;" >
          <step title="Handling Basic Web Site deployment." date="2025-12-18T09:19:11.327" /><!-- duration: 0ms -->
          <step title="Creating app_offline.htm" date="2025-12-18T09:19:13.936" /><!-- duration: 0ms -->
          <step title="KuduSync.NET from: &apos;C:\local\Temp\zipdeploy\extracted&apos; to: &apos;C:\home\site\wwwroot&apos;" date="2025-12-18T09:19:13.936" /><!-- duration: 16ms -->
          <step title="Copying file: &apos;SchoolAiChatbotBackend.dll&apos;" date="2025-12-18T09:19:13.952" /><!-- duration: 0ms -->
          <step title="Copying file: &apos;SchoolAiChatbotBackend.exe&apos;" date="2025-12-18T09:19:13.983" /><!-- duration: 0ms -->
          <step title="Copying file: &apos;SchoolAiChatbotBackend.pdb&apos;" date="2025-12-18T09:19:13.983" /><!-- duration: 16ms -->
          <step title="Deleting app_offline.htm" date="2025-12-18T09:19:13.999" /><!-- duration: 0ms -->
          <step title="Finished successfully." date="2025-12-18T09:19:14.014" /><!-- duration: 0ms -->
        </step><!-- duration: 2813ms -->
        <step title="Running post deployment command(s)..." date="2025-12-18T09:19:14.062" /><!-- duration: 0ms -->
        <step title="Triggering recycle (preview mode disabled)." date="2025-12-18T09:19:14.124" /><!-- duration: 0ms -->
        <step title="Ignoring FS watcher based recycle request as this is a classic Windows app." date="2025-12-18T09:19:14.124" /><!-- duration: 0ms -->
        <step title="Deployment successful. DEPLOYMENTINFO: deploymentPath = ZipDeploy. Extract zip. , deployer = ZipDeploy, os = windows, sku = Free, siteName = smartstudy-api, siteHostName = smartstudy-api-athtbtapcvdjesbe.centralindia-01.azurewebsites.net, deploymentStatus = Success" date="2025-12-18T09:19:14.171" /><!-- duration: 0ms -->
        <step title="Purge deployment items" date="2025-12-18T09:19:14.327" >
          <step title="Remove c431c1f87, Success, received at 12/17/2025 6:54:21 PM" date="2025-12-18T09:19:14.374" /><!-- duration: 0ms -->
        </step><!-- duration: 47ms -->
      </step><!-- duration: 3344ms -->
    </step><!-- duration: 3625ms -->
    <step title="Cleaning up temp files" date="2025-12-18T09:19:14.405" /><!-- duration: 16ms -->
    <step title="Skip function trigger and logicapp sync because function is not enabled." date="2025-12-18T09:19:14.421" /><!-- duration: 16ms -->
  </step><!-- duration: 4360ms -->
  <step title="LockFile &apos;C:\home\site\locks\deployments.lock&apos; released" date="2025-12-18T09:19:14.468" /><!-- duration: 16ms -->
  <step title="Deleting shutdown sentinel file" date="2025-12-18T09:19:14.483" SemaphoreCount="8" /><!-- duration: 0ms -->
</step><!-- duration: 4453ms -->
