<step title="BackgroundTrace" date="2025-12-18T16:58:22.310" instance="a6e48b" url="/api/zipdeploy" method="POST" >
  <step title="Updating shutdown sentinel last write time" date="2025-12-18T16:58:22.326" SemaphoreCount="7" /><!-- duration: 0ms -->
  <step title="LockFile &apos;C:\home\site\locks\deployments.lock&apos; acquired" date="2025-12-18T16:58:22.326" /><!-- duration: 0ms -->
  <step title="Creating temporary deployment" date="2025-12-18T16:58:22.341" /><!-- duration: 16ms -->
  <step title="Performing fetch based deployment" date="2025-12-18T16:58:22.357" >
    <step title="Fetching changes." date="2025-12-18T16:58:22.404" /><!-- duration: 0ms -->
    <step title="Starting LocalZipHandler" date="2025-12-18T16:58:22.419" /><!-- duration: 16ms -->
    <step title="Cleaning up temp folders from previous zip deployments and extracting pushed zip file C:\local\Temp\zipdeploy\nxwrmf4n.zip (11.91 MB) to C:\local\Temp\zipdeploy\extracted" date="2025-12-18T16:58:22.466" /><!-- duration: 0ms -->
    <step title="Cleaning up temp folders from previous zip deployments and extracting pushed zip file C:\local\Temp\zipdeploy\nxwrmf4n.zip (11.91 MB) to C:\local\Temp\zipdeploy\extracted" date="2025-12-18T16:58:22.466" >
      <step title="Renaming extractTargetDirectory(C:\local\Temp\zipdeploy\extracted) to tempDirectory(C:\local\Temp\zipdeploy\4mrk2eps.pai)" date="2025-12-18T16:58:22.466" /><!-- duration: 16ms -->
      <step title="Extracting 107 entries to C:\local\Temp\zipdeploy\extracted directory" date="2025-12-18T16:58:22.482" >
        <step title="Extracting to C:\local\Temp\zipdeploy\extracted\runtimes\unix\lib\net6.0\Microsoft.Data.SqlClient.dll ..." date="2025-12-18T16:58:22.482" /><!-- duration: 31ms -->
        <step title="Extracting to C:\local\Temp\zipdeploy\extracted\runtimes\unix\lib\net6.0\System.Drawing.Common.dll ..." date="2025-12-18T16:58:22.513" /><!-- duration: 0ms -->
        <step title="Extracting to C:\local\Temp\zipdeploy\extracted\runtimes\win\lib\net6.0\Microsoft.Data.SqlClient.dll ..." date="2025-12-18T16:58:22.529" /><!-- duration: 16ms -->
        <step title="Extracting to C:\local\Temp\zipdeploy\extracted\runtimes\win\lib\net6.0\Microsoft.Win32.SystemEvents.dll ..." date="2025-12-18T16:58:22.560" /><!-- duration: 0ms -->
        <step title="Extracting to C:\local\Temp\zipdeploy\extracted\runtimes\win\lib\net6.0\System.Drawing.Common.dll ..." date="2025-12-18T16:58:22.560" /><!-- duration: 16ms -->
        <step title="Omitting extracting file traces ..." date="2025-12-18T16:58:22.576" /><!-- duration: 16ms -->
      </step><!-- duration: 500ms -->
    </step><!-- duration: 516ms -->
    <step title="Before sending BuildRequestReceived status to /api/updatedeploystatus" date="2025-12-18T16:58:22.982" /><!-- duration: 16ms -->
    <step title="DeploymentManager.Deploy(id:d61f7c80aecf42d8a279f6d5d40f34cd)" date="2025-12-18T16:58:22.997" >
      <step title="Collecting changeset information" date="2025-12-18T16:58:22.997" /><!-- duration: 31ms -->
      <step title="Updating submodules" date="2025-12-18T16:58:23.044" >
        <step title="Updating submodules." date="2025-12-18T16:58:23.091" /><!-- duration: 0ms -->
      </step><!-- duration: 47ms -->
      <step title="Preparing deployment for commit id &apos;d61f7c80ae&apos;." date="2025-12-18T16:58:23.122" /><!-- duration: 16ms -->
      <step title="Determining deployment builder" date="2025-12-18T16:58:23.169" >
        <step title="Builder is BasicBuilder" date="2025-12-18T16:58:23.169" /><!-- duration: 0ms -->
      </step><!-- duration: 0ms -->
      <step title="Copying SSH keys" date="2025-12-18T16:58:23.201" /><!-- duration: 0ms -->
      <step title="Building" date="2025-12-18T16:58:23.201" >
        <step title="Generating deployment script." date="2025-12-18T16:58:23.247" /><!-- duration: 0ms -->
        <step title="Generating deployment script" date="2025-12-18T16:58:23.247" >
          <step title="Using cached version of the deployment script for command: -y --no-dot-deployment -r &quot;C:\local\Temp\zipdeploy\extracted&quot; -o &quot;C:\home\site\deployments\tools&quot; --basic --sitePath &quot;C:\local\Temp\zipdeploy\extracted&quot;" date="2025-12-18T16:58:23.263" /><!-- duration: 0ms -->
          <step title="Using cached version of deployment script (command: &apos;azure -y --no-dot-deployment -r &quot;C:\local\Temp\zipdeploy\extracted&quot; -o &quot;C:\home\site\deployments\tools&quot; --basic --sitePath &quot;C:\local\Temp\zipdeploy\extracted&quot;&apos;)." date="2025-12-18T16:58:23.279" /><!-- duration: 0ms -->
        </step><!-- duration: 31ms -->
        <step title="Running deployment command..." date="2025-12-18T16:58:23.326" /><!-- duration: 0ms -->
        <step title="Command: &quot;C:\home\site\deployments\tools\deploy.cmd&quot;" date="2025-12-18T16:58:23.341" /><!-- duration: 0ms -->
        <step title="Executing external process" date="2025-12-18T16:58:23.357" type="process" path="starter.cmd" arguments="&quot;C:\home\site\deployments\tools\deploy.cmd&quot;" >
          <step title="Handling Basic Web Site deployment." date="2025-12-18T16:58:23.466" /><!-- duration: 16ms -->
          <step title="Creating app_offline.htm" date="2025-12-18T16:58:26.107" /><!-- duration: 0ms -->
          <step title="KuduSync.NET from: &apos;C:\local\Temp\zipdeploy\extracted&apos; to: &apos;C:\home\site\wwwroot&apos;" date="2025-12-18T16:58:26.107" /><!-- duration: 16ms -->
          <step title="Copying file: &apos;SchoolAiChatbotBackend.dll&apos;" date="2025-12-18T16:58:26.123" /><!-- duration: 0ms -->
          <step title="Copying file: &apos;SchoolAiChatbotBackend.exe&apos;" date="2025-12-18T16:58:26.138" /><!-- duration: 0ms -->
          <step title="Copying file: &apos;SchoolAiChatbotBackend.pdb&apos;" date="2025-12-18T16:58:26.154" /><!-- duration: 0ms -->
          <step title="Deleting app_offline.htm" date="2025-12-18T16:58:26.169" /><!-- duration: 0ms -->
          <step title="Finished successfully." date="2025-12-18T16:58:26.185" /><!-- duration: 0ms -->
        </step><!-- duration: 2844ms -->
        <step title="Running post deployment command(s)..." date="2025-12-18T16:58:26.232" /><!-- duration: 0ms -->
        <step title="Triggering recycle (preview mode disabled)." date="2025-12-18T16:58:26.279" /><!-- duration: 0ms -->
        <step title="Ignoring FS watcher based recycle request as this is a classic Windows app." date="2025-12-18T16:58:26.279" /><!-- duration: 16ms -->
        <step title="Deployment successful. DEPLOYMENTINFO: deploymentPath = ZipDeploy. Extract zip. , deployer = ZipDeploy, os = windows, sku = Free, siteName = smartstudy-api, siteHostName = smartstudy-api-athtbtapcvdjesbe.centralindia-01.azurewebsites.net, deploymentStatus = Success" date="2025-12-18T16:58:26.326" /><!-- duration: 0ms -->
        <step title="Purge deployment items" date="2025-12-18T16:58:26.435" >
          <step title="Remove 6954cc4db, Success, received at 12/18/2025 10:37:28 AM" date="2025-12-18T16:58:26.467" /><!-- duration: 16ms -->
        </step><!-- duration: 47ms -->
      </step><!-- duration: 3313ms -->
    </step><!-- duration: 3532ms -->
    <step title="Cleaning up temp files" date="2025-12-18T16:58:26.529" /><!-- duration: 16ms -->
    <step title="Skip function trigger and logicapp sync because function is not enabled." date="2025-12-18T16:58:26.576" /><!-- duration: 0ms -->
  </step><!-- duration: 4251ms -->
  <step title="LockFile &apos;C:\home\site\locks\deployments.lock&apos; released" date="2025-12-18T16:58:26.623" /><!-- duration: 0ms -->
  <step title="Deleting shutdown sentinel file" date="2025-12-18T16:58:26.623" SemaphoreCount="8" /><!-- duration: 16ms -->
</step><!-- duration: 4329ms -->
