<step title="Incoming Request" date="2025-12-18T12:39:13.117" instance="a6e48b" url="/api/publish?type=zip&amp;async=True" method="POST" type="request" pid="15252,2,8" Cache-Control="no-cache" Content-Length="12488065" Content-Type="application/octet-stream" Accept="*/*" Accept-Encoding="gzip, deflate" Authorization="Bea..." Host="smartstudy-api-athtbtapcvdjesbe.scm.centralindia-01.azurewebsites.net" User-Agent="AZURECLI/2.80.0 (MSI)" x-ms-client-request-id="87dc984b-dc0e-11f0-bc31-7404f1536f46" X-ARR-LOG-ID="87dc984b-dc0e-11f0-bc31-7404f1536f46" CLIENT-IP="38.254.185.42:58247" X-SITE-DEPLOYMENT-ID="smartstudy-api" WAS-DEFAULT-HOSTNAME="smartstudy-api-athtbtapcvdjesbe.scm.centralindia-01.azurewebsites.net" X-Forwarded-Proto="https" X-AppService-Proto="https" X-Forwarded-TlsVersion="1.3" X-WAWS-Unencoded-URL="/api/publish?type=zip&amp;async=True" >
  <step title="OneDeploy" date="2025-12-18T12:39:13.351" >
    <step title="Starting PushDeployAsync" date="2025-12-18T12:39:13.382" /><!-- duration: 0ms -->
    <step title="Updating shutdown sentinel last write time" date="2025-12-18T12:39:13.429" SemaphoreCount="7" /><!-- duration: 0ms -->
    <step title="LockFile &apos;C:\home\site\locks\deployments.lock&apos; acquired" date="2025-12-18T12:39:13.429" /><!-- duration: 0ms -->
    <step title="Saving request content to C:\local\Temp\zipdeploy\l50htnsg.zip" date="2025-12-18T12:39:13.445" >
      <step title="Total 12,488,065 bytes written to C:\local\Temp\zipdeploy\l50htnsg.zip" date="2025-12-18T12:39:14.132" /><!-- duration: 0ms -->
    </step><!-- duration: 688ms -->
    <step title="LockFile &apos;C:\home\site\locks\deployments.lock&apos; released" date="2025-12-18T12:39:14.148" /><!-- duration: 0ms -->
    <step title="Deleting shutdown sentinel file" date="2025-12-18T12:39:14.148" SemaphoreCount="8" /><!-- duration: 16ms -->
    <step title="Starting FetchDeploy" date="2025-12-18T12:39:14.164" /><!-- duration: 0ms -->
    <step title="Start deployment in the background" date="2025-12-18T12:39:14.179" /><!-- duration: 78ms -->
  </step><!-- duration: 906ms -->
  <step title="Outgoing response" date="2025-12-18T12:39:14.304" type="response" statusCode="202" statusText="Accepted" Server="Microsoft-IIS/10.0" x-ms-request-id="87dc984b-dc0e-11f0-bc31-7404f1536f46" Retry-After="30" Cache-Control="private" X-AspNet-Version="4.0.30319" Location="https://smartstudy-api-athtbtapcvdjesbe.scm.centralindia-01.azurewebsites.net/api/deployments/latest?deployer=OneDeploy&amp;time=2025-12-18_12-39-14Z" /><!-- duration: 0ms -->
</step><!-- duration: 1188ms -->
