<step title="BackgroundTrace" date="2025-12-17T22:29:20.234" instance="a6e48b" url="/api/zipdeploy" method="POST" >
  <step title="Cleanup Xml Logs" date="2025-12-17T22:29:20.234" /><!-- duration: 16ms -->
  <step title="Updating shutdown sentinel last write time" date="2025-12-17T22:29:20.266" SemaphoreCount="7" /><!-- duration: 0ms -->
  <step title="LockFile &apos;C:\home\site\locks\deployments.lock&apos; acquired" date="2025-12-17T22:29:20.266" /><!-- duration: 16ms -->
  <step title="Creating temporary deployment" date="2025-12-17T22:29:20.281" /><!-- duration: 16ms -->
  <step title="Performing fetch based deployment" date="2025-12-17T22:29:20.312" >
    <step title="Fetching changes." date="2025-12-17T22:29:20.344" /><!-- duration: 16ms -->
    <step title="Starting LocalZipHandler" date="2025-12-17T22:29:20.359" /><!-- duration: 0ms -->
    <step title="Cleaning up temp folders from previous zip deployments and extracting pushed zip file C:\local\Temp\zipdeploy\5dwiidvh.zip (11.91 MB) to C:\local\Temp\zipdeploy\extracted" date="2025-12-17T22:29:20.391" /><!-- duration: 0ms -->
    <step title="Cleaning up temp folders from previous zip deployments and extracting pushed zip file C:\local\Temp\zipdeploy\5dwiidvh.zip (11.91 MB) to C:\local\Temp\zipdeploy\extracted" date="2025-12-17T22:29:20.406" >
      <step title="Renaming extractTargetDirectory(C:\local\Temp\zipdeploy\extracted) to tempDirectory(C:\local\Temp\zipdeploy\vlkq435o.bki)" date="2025-12-17T22:29:20.406" /><!-- duration: 0ms -->
      <step title="Extracting 107 entries to C:\local\Temp\zipdeploy\extracted directory" date="2025-12-17T22:29:20.406" >
        <step title="Extracting to C:\local\Temp\zipdeploy\extracted\runtimes\unix\lib\net6.0\Microsoft.Data.SqlClient.dll ..." date="2025-12-17T22:29:20.422" /><!-- duration: 16ms -->
        <step title="Extracting to C:\local\Temp\zipdeploy\extracted\runtimes\unix\lib\net6.0\System.Drawing.Common.dll ..." date="2025-12-17T22:29:20.453" /><!-- duration: 0ms -->
        <step title="Extracting to C:\local\Temp\zipdeploy\extracted\runtimes\win\lib\net6.0\Microsoft.Data.SqlClient.dll ..." date="2025-12-17T22:29:20.469" /><!-- duration: 16ms -->
        <step title="Extracting to C:\local\Temp\zipdeploy\extracted\runtimes\win\lib\net6.0\Microsoft.Win32.SystemEvents.dll ..." date="2025-12-17T22:29:20.484" /><!-- duration: 0ms -->
        <step title="Extracting to C:\local\Temp\zipdeploy\extracted\runtimes\win\lib\net6.0\System.Drawing.Common.dll ..." date="2025-12-17T22:29:20.500" /><!-- duration: 0ms -->
        <step title="Omitting extracting file traces ..." date="2025-12-17T22:29:20.516" /><!-- duration: 0ms -->
      </step><!-- duration: 500ms -->
    </step><!-- duration: 500ms -->
    <step title="Before sending BuildRequestReceived status to /api/updatedeploystatus" date="2025-12-17T22:29:20.906" /><!-- duration: 0ms -->
    <step title="DeploymentManager.Deploy(id:67c3cb97277c4fa0b3cb7f8a00a700e0)" date="2025-12-17T22:29:20.922" >
      <step title="Collecting changeset information" date="2025-12-17T22:29:20.922" /><!-- duration: 31ms -->
      <step title="Updating submodules" date="2025-12-17T22:29:20.969" >
        <step title="Updating submodules." date="2025-12-17T22:29:21.016" /><!-- duration: 0ms -->
      </step><!-- duration: 47ms -->
      <step title="Preparing deployment for commit id &apos;67c3cb9727&apos;." date="2025-12-17T22:29:21.047" /><!-- duration: 16ms -->
      <step title="Determining deployment builder" date="2025-12-17T22:29:21.078" >
        <step title="Builder is BasicBuilder" date="2025-12-17T22:29:21.094" /><!-- duration: 0ms -->
      </step><!-- duration: 16ms -->
      <step title="Copying SSH keys" date="2025-12-17T22:29:21.125" /><!-- duration: 0ms -->
      <step title="Building" date="2025-12-17T22:29:21.125" >
        <step title="Generating deployment script." date="2025-12-17T22:29:21.156" /><!-- duration: 31ms -->
        <step title="Generating deployment script" date="2025-12-17T22:29:21.203" >
          <step title="Using cached version of the deployment script for command: -y --no-dot-deployment -r &quot;C:\local\Temp\zipdeploy\extracted&quot; -o &quot;C:\home\site\deployments\tools&quot; --basic --sitePath &quot;C:\local\Temp\zipdeploy\extracted&quot;" date="2025-12-17T22:29:21.203" /><!-- duration: 0ms -->
          <step title="Using cached version of deployment script (command: &apos;azure -y --no-dot-deployment -r &quot;C:\local\Temp\zipdeploy\extracted&quot; -o &quot;C:\home\site\deployments\tools&quot; --basic --sitePath &quot;C:\local\Temp\zipdeploy\extracted&quot;&apos;)." date="2025-12-17T22:29:21.219" /><!-- duration: 0ms -->
        </step><!-- duration: 47ms -->
        <step title="Running deployment command..." date="2025-12-17T22:29:21.281" /><!-- duration: 16ms -->
        <step title="Command: &quot;C:\home\site\deployments\tools\deploy.cmd&quot;" date="2025-12-17T22:29:21.312" /><!-- duration: 0ms -->
        <step title="Executing external process" date="2025-12-17T22:29:21.312" type="process" path="starter.cmd" arguments="&quot;C:\home\site\deployments\tools\deploy.cmd&quot;" >
          <step title="Handling Basic Web Site deployment." date="2025-12-17T22:29:21.437" /><!-- duration: 0ms -->
          <step title="Creating app_offline.htm" date="2025-12-17T22:29:21.594" /><!-- duration: 0ms -->
          <step title="KuduSync.NET from: &apos;C:\local\Temp\zipdeploy\extracted&apos; to: &apos;C:\home\site\wwwroot&apos;" date="2025-12-17T22:29:21.609" /><!-- duration: 0ms -->
          <step title="Deleting app_offline.htm" date="2025-12-17T22:29:21.625" /><!-- duration: 0ms -->
          <step title="Finished successfully." date="2025-12-17T22:29:21.625" /><!-- duration: 16ms -->
        </step><!-- duration: 328ms -->
        <step title="Running post deployment command(s)..." date="2025-12-17T22:29:21.672" /><!-- duration: 16ms -->
        <step title="Triggering recycle (preview mode disabled)." date="2025-12-17T22:29:21.719" /><!-- duration: 0ms -->
        <step title="Ignoring FS watcher based recycle request as this is a classic Windows app." date="2025-12-17T22:29:21.734" /><!-- duration: 0ms -->
        <step title="Deployment successful. DEPLOYMENTINFO: deploymentPath = ZipDeploy. Extract zip. , deployer = ZipDeploy, os = windows, sku = Free, siteName = smartstudy-api, siteHostName = smartstudy-api-athtbtapcvdjesbe.centralindia-01.azurewebsites.net, deploymentStatus = Success" date="2025-12-17T22:29:21.781" /><!-- duration: 0ms -->
        <step title="Purge deployment items" date="2025-12-17T22:29:21.891" >
          <step title="Remove 19a878d3b, Success, received at 12/17/2025 6:22:43 PM" date="2025-12-17T22:29:21.937" /><!-- duration: 0ms -->
        </step><!-- duration: 63ms -->
      </step><!-- duration: 860ms -->
    </step><!-- duration: 1063ms -->
    <step title="Cleaning up temp files" date="2025-12-17T22:29:22.000" /><!-- duration: 0ms -->
    <step title="Skip function trigger and logicapp sync because function is not enabled." date="2025-12-17T22:29:22.000" /><!-- duration: 16ms -->
  </step><!-- duration: 1735ms -->
  <step title="LockFile &apos;C:\home\site\locks\deployments.lock&apos; released" date="2025-12-17T22:29:22.047" /><!-- duration: 16ms -->
  <step title="Deleting shutdown sentinel file" date="2025-12-17T22:29:22.063" SemaphoreCount="8" /><!-- duration: 0ms -->
</step><!-- duration: 1844ms -->
