<step title="BackgroundTrace" date="2025-12-18T09:53:16.328" instance="a6e48b" url="/api/zipdeploy" method="POST" >
  <step title="Cleanup Xml Logs" date="2025-12-18T09:53:16.328" /><!-- duration: 16ms -->
  <step title="Updating shutdown sentinel last write time" date="2025-12-18T09:53:16.343" SemaphoreCount="7" /><!-- duration: 16ms -->
  <step title="LockFile &apos;C:\home\site\locks\deployments.lock&apos; acquired" date="2025-12-18T09:53:16.359" /><!-- duration: 0ms -->
  <step title="Creating temporary deployment" date="2025-12-18T09:53:16.374" /><!-- duration: 31ms -->
  <step title="Performing fetch based deployment" date="2025-12-18T09:53:16.406" >
    <step title="Fetching changes." date="2025-12-18T09:53:16.468" /><!-- duration: 0ms -->
    <step title="Starting LocalZipHandler" date="2025-12-18T09:53:16.484" /><!-- duration: 0ms -->
    <step title="Cleaning up temp folders from previous zip deployments and extracting pushed zip file C:\local\Temp\zipdeploy\qq2tayuv.zip (11.91 MB) to C:\local\Temp\zipdeploy\extracted" date="2025-12-18T09:53:16.499" /><!-- duration: 0ms -->
    <step title="Cleaning up temp folders from previous zip deployments and extracting pushed zip file C:\local\Temp\zipdeploy\qq2tayuv.zip (11.91 MB) to C:\local\Temp\zipdeploy\extracted" date="2025-12-18T09:53:16.515" >
      <step title="Renaming extractTargetDirectory(C:\local\Temp\zipdeploy\extracted) to tempDirectory(C:\local\Temp\zipdeploy\ep41pl4s.u0o)" date="2025-12-18T09:53:16.515" /><!-- duration: 16ms -->
      <step title="Extracting 107 entries to C:\local\Temp\zipdeploy\extracted directory" date="2025-12-18T09:53:16.546" >
        <step title="Extracting to C:\local\Temp\zipdeploy\extracted\runtimes\unix\lib\net6.0\Microsoft.Data.SqlClient.dll ..." date="2025-12-18T09:53:16.546" /><!-- duration: 31ms -->
        <step title="Extracting to C:\local\Temp\zipdeploy\extracted\runtimes\unix\lib\net6.0\System.Drawing.Common.dll ..." date="2025-12-18T09:53:16.578" /><!-- duration: 16ms -->
        <step title="Extracting to C:\local\Temp\zipdeploy\extracted\runtimes\win\lib\net6.0\Microsoft.Data.SqlClient.dll ..." date="2025-12-18T09:53:16.593" /><!-- duration: 16ms -->
        <step title="Extracting to C:\local\Temp\zipdeploy\extracted\runtimes\win\lib\net6.0\Microsoft.Win32.SystemEvents.dll ..." date="2025-12-18T09:53:16.624" /><!-- duration: 0ms -->
        <step title="Extracting to C:\local\Temp\zipdeploy\extracted\runtimes\win\lib\net6.0\System.Drawing.Common.dll ..." date="2025-12-18T09:53:16.624" /><!-- duration: 16ms -->
        <step title="Omitting extracting file traces ..." date="2025-12-18T09:53:16.640" /><!-- duration: 0ms -->
      </step><!-- duration: 484ms -->
    </step><!-- duration: 531ms -->
    <step title="Before sending BuildRequestReceived status to /api/updatedeploystatus" date="2025-12-18T09:53:17.046" /><!-- duration: 0ms -->
    <step title="DeploymentManager.Deploy(id:aac8acaa5cc447cdb1162c87873c1c5c)" date="2025-12-18T09:53:17.062" >
      <step title="Collecting changeset information" date="2025-12-18T09:53:17.062" /><!-- duration: 31ms -->
      <step title="Updating submodules" date="2025-12-18T09:53:17.109" >
        <step title="Updating submodules." date="2025-12-18T09:53:17.140" /><!-- duration: 0ms -->
      </step><!-- duration: 47ms -->
      <step title="Preparing deployment for commit id &apos;aac8acaa5c&apos;." date="2025-12-18T09:53:17.218" /><!-- duration: 0ms -->
      <step title="Determining deployment builder" date="2025-12-18T09:53:17.249" >
        <step title="Builder is BasicBuilder" date="2025-12-18T09:53:17.249" /><!-- duration: 16ms -->
      </step><!-- duration: 16ms -->
      <step title="Copying SSH keys" date="2025-12-18T09:53:17.296" /><!-- duration: 0ms -->
      <step title="Building" date="2025-12-18T09:53:17.296" >
        <step title="Generating deployment script." date="2025-12-18T09:53:17.328" /><!-- duration: 16ms -->
        <step title="Generating deployment script" date="2025-12-18T09:53:17.343" >
          <step title="Using cached version of the deployment script for command: -y --no-dot-deployment -r &quot;C:\local\Temp\zipdeploy\extracted&quot; -o &quot;C:\home\site\deployments\tools&quot; --basic --sitePath &quot;C:\local\Temp\zipdeploy\extracted&quot;" date="2025-12-18T09:53:17.359" /><!-- duration: 0ms -->
          <step title="Using cached version of deployment script (command: &apos;azure -y --no-dot-deployment -r &quot;C:\local\Temp\zipdeploy\extracted&quot; -o &quot;C:\home\site\deployments\tools&quot; --basic --sitePath &quot;C:\local\Temp\zipdeploy\extracted&quot;&apos;)." date="2025-12-18T09:53:17.374" /><!-- duration: 0ms -->
        </step><!-- duration: 31ms -->
        <step title="Running deployment command..." date="2025-12-18T09:53:17.421" /><!-- duration: 0ms -->
        <step title="Command: &quot;C:\home\site\deployments\tools\deploy.cmd&quot;" date="2025-12-18T09:53:17.437" /><!-- duration: 16ms -->
        <step title="Executing external process" date="2025-12-18T09:53:17.453" type="process" path="starter.cmd" arguments="&quot;C:\home\site\deployments\tools\deploy.cmd&quot;" >
          <step title="Handling Basic Web Site deployment." date="2025-12-18T09:53:17.578" /><!-- duration: 0ms -->
          <step title="Creating app_offline.htm" date="2025-12-18T09:53:20.203" /><!-- duration: 0ms -->
          <step title="KuduSync.NET from: &apos;C:\local\Temp\zipdeploy\extracted&apos; to: &apos;C:\home\site\wwwroot&apos;" date="2025-12-18T09:53:20.203" /><!-- duration: 16ms -->
          <step title="Copying file: &apos;SchoolAiChatbotBackend.dll&apos;" date="2025-12-18T09:53:20.218" /><!-- duration: 0ms -->
          <step title="Copying file: &apos;SchoolAiChatbotBackend.exe&apos;" date="2025-12-18T09:53:20.234" /><!-- duration: 0ms -->
          <step title="Copying file: &apos;SchoolAiChatbotBackend.pdb&apos;" date="2025-12-18T09:53:20.250" /><!-- duration: 0ms -->
          <step title="Deleting app_offline.htm" date="2025-12-18T09:53:20.265" /><!-- duration: 0ms -->
          <step title="Finished successfully." date="2025-12-18T09:53:20.281" /><!-- duration: 0ms -->
        </step><!-- duration: 2828ms -->
        <step title="Running post deployment command(s)..." date="2025-12-18T09:53:20.343" /><!-- duration: 0ms -->
        <step title="Triggering recycle (preview mode disabled)." date="2025-12-18T09:53:20.390" /><!-- duration: 0ms -->
        <step title="Ignoring FS watcher based recycle request as this is a classic Windows app." date="2025-12-18T09:53:20.390" /><!-- duration: 0ms -->
        <step title="Deployment successful. DEPLOYMENTINFO: deploymentPath = ZipDeploy. Extract zip. , deployer = ZipDeploy, os = windows, sku = Free, siteName = smartstudy-api, siteHostName = smartstudy-api-athtbtapcvdjesbe.centralindia-01.azurewebsites.net, deploymentStatus = Success" date="2025-12-18T09:53:20.437" /><!-- duration: 0ms -->
        <step title="Purge deployment items" date="2025-12-18T09:53:20.578" >
          <step title="Remove 3e9002fe5, Success, received at 12/17/2025 6:56:37 PM" date="2025-12-18T09:53:20.625" /><!-- duration: 0ms -->
        </step><!-- duration: 62ms -->
      </step><!-- duration: 3375ms -->
    </step><!-- duration: 3609ms -->
    <step title="Cleaning up temp files" date="2025-12-18T09:53:20.687" /><!-- duration: 0ms -->
    <step title="Skip function trigger and logicapp sync because function is not enabled." date="2025-12-18T09:53:20.687" /><!-- duration: 16ms -->
  </step><!-- duration: 4329ms -->
  <step title="LockFile &apos;C:\home\site\locks\deployments.lock&apos; released" date="2025-12-18T09:53:20.735" /><!-- duration: 15ms -->
  <step title="Deleting shutdown sentinel file" date="2025-12-18T09:53:20.750" SemaphoreCount="8" /><!-- duration: 16ms -->
</step><!-- duration: 4438ms -->
