<step title="BackgroundTrace" date="2025-12-17T22:28:52.983" instance="a6e48b" url="/api/zipdeploy" method="POST" >
  <step title="Cleanup Xml Logs" date="2025-12-17T22:28:52.983" /><!-- duration: 16ms -->
  <step title="Updating shutdown sentinel last write time" date="2025-12-17T22:28:52.998" SemaphoreCount="7" /><!-- duration: 16ms -->
  <step title="LockFile &apos;C:\home\site\locks\deployments.lock&apos; acquired" date="2025-12-17T22:28:53.014" /><!-- duration: 0ms -->
  <step title="Creating temporary deployment" date="2025-12-17T22:28:53.014" /><!-- duration: 31ms -->
  <step title="Performing fetch based deployment" date="2025-12-17T22:28:53.061" >
    <step title="Fetching changes." date="2025-12-17T22:28:53.108" /><!-- duration: 0ms -->
    <step title="Starting LocalZipHandler" date="2025-12-17T22:28:53.108" /><!-- duration: 0ms -->
    <step title="Cleaning up temp folders from previous zip deployments and extracting pushed zip file C:\local\Temp\zipdeploy\wv2hztcl.zip (11.91 MB) to C:\local\Temp\zipdeploy\extracted" date="2025-12-17T22:28:53.139" /><!-- duration: 0ms -->
    <step title="Cleaning up temp folders from previous zip deployments and extracting pushed zip file C:\local\Temp\zipdeploy\wv2hztcl.zip (11.91 MB) to C:\local\Temp\zipdeploy\extracted" date="2025-12-17T22:28:53.139" >
      <step title="Renaming extractTargetDirectory(C:\local\Temp\zipdeploy\extracted) to tempDirectory(C:\local\Temp\zipdeploy\dc55bmt3.asm)" date="2025-12-17T22:28:53.154" /><!-- duration: 0ms -->
      <step title="Extracting 107 entries to C:\local\Temp\zipdeploy\extracted directory" date="2025-12-17T22:28:53.170" >
        <step title="Extracting to C:\local\Temp\zipdeploy\extracted\runtimes\unix\lib\net6.0\Microsoft.Data.SqlClient.dll ..." date="2025-12-17T22:28:53.170" /><!-- duration: 16ms -->
        <step title="Extracting to C:\local\Temp\zipdeploy\extracted\runtimes\unix\lib\net6.0\System.Drawing.Common.dll ..." date="2025-12-17T22:28:53.201" /><!-- duration: 0ms -->
        <step title="Extracting to C:\local\Temp\zipdeploy\extracted\runtimes\win\lib\net6.0\Microsoft.Data.SqlClient.dll ..." date="2025-12-17T22:28:53.217" /><!-- duration: 16ms -->
        <step title="Extracting to C:\local\Temp\zipdeploy\extracted\runtimes\win\lib\net6.0\Microsoft.Win32.SystemEvents.dll ..." date="2025-12-17T22:28:53.233" /><!-- duration: 0ms -->
        <step title="Extracting to C:\local\Temp\zipdeploy\extracted\runtimes\win\lib\net6.0\System.Drawing.Common.dll ..." date="2025-12-17T22:28:53.248" /><!-- duration: 0ms -->
        <step title="Omitting extracting file traces ..." date="2025-12-17T22:28:53.264" /><!-- duration: 0ms -->
      </step><!-- duration: 484ms -->
    </step><!-- duration: 516ms -->
    <step title="Before sending BuildRequestReceived status to /api/updatedeploystatus" date="2025-12-17T22:28:53.655" /><!-- duration: 16ms -->
    <step title="DeploymentManager.Deploy(id:5e5791d80be345b4aef75cca7ba54794)" date="2025-12-17T22:28:53.670" >
      <step title="Collecting changeset information" date="2025-12-17T22:28:53.670" /><!-- duration: 31ms -->
      <step title="Updating submodules" date="2025-12-17T22:28:53.717" >
        <step title="Updating submodules." date="2025-12-17T22:28:53.748" /><!-- duration: 0ms -->
      </step><!-- duration: 63ms -->
      <step title="Preparing deployment for commit id &apos;5e5791d80b&apos;." date="2025-12-17T22:28:53.826" /><!-- duration: 16ms -->
      <step title="Determining deployment builder" date="2025-12-17T22:28:53.873" >
        <step title="Builder is BasicBuilder" date="2025-12-17T22:28:53.873" /><!-- duration: 0ms -->
      </step><!-- duration: 0ms -->
      <step title="Copying SSH keys" date="2025-12-17T22:28:53.904" /><!-- duration: 0ms -->
      <step title="Building" date="2025-12-17T22:28:53.920" >
        <step title="Generating deployment script." date="2025-12-17T22:28:54.014" /><!-- duration: 16ms -->
        <step title="Generating deployment script" date="2025-12-17T22:28:54.029" >
          <step title="Using cached version of the deployment script for command: -y --no-dot-deployment -r &quot;C:\local\Temp\zipdeploy\extracted&quot; -o &quot;C:\home\site\deployments\tools&quot; --basic --sitePath &quot;C:\local\Temp\zipdeploy\extracted&quot;" date="2025-12-17T22:28:54.045" /><!-- duration: 0ms -->
          <step title="Using cached version of deployment script (command: &apos;azure -y --no-dot-deployment -r &quot;C:\local\Temp\zipdeploy\extracted&quot; -o &quot;C:\home\site\deployments\tools&quot; --basic --sitePath &quot;C:\local\Temp\zipdeploy\extracted&quot;&apos;)." date="2025-12-17T22:28:54.045" /><!-- duration: 16ms -->
        </step><!-- duration: 31ms -->
        <step title="Running deployment command..." date="2025-12-17T22:28:54.092" /><!-- duration: 0ms -->
        <step title="Command: &quot;C:\home\site\deployments\tools\deploy.cmd&quot;" date="2025-12-17T22:28:54.123" /><!-- duration: 0ms -->
        <step title="Executing external process" date="2025-12-17T22:28:54.123" type="process" path="starter.cmd" arguments="&quot;C:\home\site\deployments\tools\deploy.cmd&quot;" >
          <step title="Handling Basic Web Site deployment." date="2025-12-17T22:28:54.248" /><!-- duration: 0ms -->
          <step title="Creating app_offline.htm" date="2025-12-17T22:28:56.936" /><!-- duration: 0ms -->
          <step title="KuduSync.NET from: &apos;C:\local\Temp\zipdeploy\extracted&apos; to: &apos;C:\home\site\wwwroot&apos;" date="2025-12-17T22:28:56.951" /><!-- duration: 0ms -->
          <step title="Copying file: &apos;SchoolAiChatbotBackend.deps.json&apos;" date="2025-12-17T22:28:56.967" /><!-- duration: 0ms -->
          <step title="Copying file: &apos;SchoolAiChatbotBackend.dll&apos;" date="2025-12-17T22:28:56.967" /><!-- duration: 16ms -->
          <step title="Copying file: &apos;SchoolAiChatbotBackend.exe&apos;" date="2025-12-17T22:28:56.983" /><!-- duration: 16ms -->
          <step title="Copying file: &apos;SchoolAiChatbotBackend.pdb&apos;" date="2025-12-17T22:28:56.998" /><!-- duration: 16ms -->
          <step title="Copying file: &apos;SchoolAiChatbotBackend.runtimeconfig.json&apos;" date="2025-12-17T22:28:57.014" /><!-- duration: 16ms -->
          <step title="Deleting app_offline.htm" date="2025-12-17T22:28:57.030" /><!-- duration: 0ms -->
          <step title="Finished successfully." date="2025-12-17T22:28:57.045" /><!-- duration: 0ms -->
        </step><!-- duration: 2922ms -->
        <step title="Running post deployment command(s)..." date="2025-12-17T22:28:57.092" /><!-- duration: 0ms -->
        <step title="Triggering recycle (preview mode disabled)." date="2025-12-17T22:28:57.139" /><!-- duration: 0ms -->
        <step title="Ignoring FS watcher based recycle request as this is a classic Windows app." date="2025-12-17T22:28:57.139" /><!-- duration: 0ms -->
        <step title="Deployment successful. DEPLOYMENTINFO: deploymentPath = ZipDeploy. Extract zip. , deployer = ZipDeploy, os = windows, sku = Free, siteName = smartstudy-api, siteHostName = smartstudy-api-athtbtapcvdjesbe.centralindia-01.azurewebsites.net, deploymentStatus = Success" date="2025-12-17T22:28:57.186" /><!-- duration: 0ms -->
        <step title="Purge deployment items" date="2025-12-17T22:28:57.280" >
          <step title="Remove 1dbf679db, Success, received at 12/17/2025 5:40:45 PM" date="2025-12-17T22:28:57.326" /><!-- duration: 0ms -->
        </step><!-- duration: 47ms -->
      </step><!-- duration: 3438ms -->
    </step><!-- duration: 3688ms -->
    <step title="Cleaning up temp files" date="2025-12-17T22:28:57.373" /><!-- duration: 0ms -->
    <step title="Skip function trigger and logicapp sync because function is not enabled." date="2025-12-17T22:28:57.373" /><!-- duration: 17ms -->
  </step><!-- duration: 4360ms -->
  <step title="LockFile &apos;C:\home\site\locks\deployments.lock&apos; released" date="2025-12-17T22:28:57.421" /><!-- duration: 0ms -->
  <step title="Deleting shutdown sentinel file" date="2025-12-17T22:28:57.437" SemaphoreCount="8" /><!-- duration: 0ms -->
</step><!-- duration: 4454ms -->
