<step title="Incoming Request" date="2025-12-15T07:36:30.454" instance="a6e48b" url="/api/publish?type=zip&amp;clean=True" method="POST" type="request" pid="2760,2,24" Cache-Control="no-cache" Content-Length="12470642" Content-Type="application/octet-stream" Accept="*/*" Accept-Encoding="gzip, deflate" Authorization="Bea..." Host="smartstudy-api-athtbtapcvdjesbe.scm.centralindia-01.azurewebsites.net" User-Agent="AZURECLI/2.80.0 (MSI)" x-ms-client-request-id="c0b09beb-d988-11f0-895b-7404f1536f46" X-ARR-LOG-ID="c0b09beb-d988-11f0-895b-7404f1536f46" CLIENT-IP="38.254.185.59:62635" X-SITE-DEPLOYMENT-ID="smartstudy-api" WAS-DEFAULT-HOSTNAME="smartstudy-api-athtbtapcvdjesbe.scm.centralindia-01.azurewebsites.net" X-Forwarded-Proto="https" X-AppService-Proto="https" X-Forwarded-TlsVersion="1.3" X-WAWS-Unencoded-URL="/api/publish?type=zip&amp;clean=True" >
  <step title="Cleanup Xml Logs" date="2025-12-15T07:36:30.454" /><!-- duration: 16ms -->
  <step title="OneDeploy" date="2025-12-15T07:36:30.486" >
    <step title="Starting PushDeployAsync" date="2025-12-15T07:36:30.486" /><!-- duration: 16ms -->
    <step title="Updating shutdown sentinel last write time" date="2025-12-15T07:36:30.501" SemaphoreCount="7" /><!-- duration: 0ms -->
    <step title="LockFile &apos;C:\home\site\locks\deployments.lock&apos; acquired" date="2025-12-15T07:36:30.517" /><!-- duration: 0ms -->
    <step title="Saving request content to C:\local\Temp\zipdeploy\tcxdvqlc.zip" date="2025-12-15T07:36:30.532" >
      <step title="Total 12,470,642 bytes written to C:\local\Temp\zipdeploy\tcxdvqlc.zip" date="2025-12-15T07:36:30.736" /><!-- duration: 16ms -->
    </step><!-- duration: 219ms -->
    <step title="LockFile &apos;C:\home\site\locks\deployments.lock&apos; released" date="2025-12-15T07:36:30.751" /><!-- duration: 16ms -->
    <step title="Deleting shutdown sentinel file" date="2025-12-15T07:36:30.767" SemaphoreCount="8" /><!-- duration: 0ms -->
    <step title="Starting FetchDeploy" date="2025-12-15T07:36:30.782" /><!-- duration: 0ms -->
    <step title="Attempting to fetch target branch HEAD" date="2025-12-15T07:36:30.782" /><!-- duration: 0ms -->
    <step title="Updating shutdown sentinel last write time" date="2025-12-15T07:36:30.798" SemaphoreCount="7" /><!-- duration: 0ms -->
    <step title="LockFile &apos;C:\home\site\locks\deployments.lock&apos; acquired" date="2025-12-15T07:36:30.798" /><!-- duration: 16ms -->
    <step title="Performing fetch based deployment" date="2025-12-15T07:36:30.814" >
      <step title="Creating temporary deployment" date="2025-12-15T07:36:30.814" /><!-- duration: 31ms -->
      <step title="Fetching changes." date="2025-12-15T07:36:30.892" /><!-- duration: 16ms -->
      <step title="Starting LocalZipHandler" date="2025-12-15T07:36:30.907" /><!-- duration: 0ms -->
      <step title="Starting LocalZipFetch" date="2025-12-15T07:36:30.923" /><!-- duration: 0ms -->
      <step title="Cleaning up temp folders from previous zip deployments and extracting pushed zip file C:\local\Temp\zipdeploy\tcxdvqlc.zip (11.89 MB) to C:\local\Temp\zipdeploy\extracted" date="2025-12-15T07:36:30.923" /><!-- duration: 16ms -->
      <step title="Cleaning up temp folders from previous zip deployments and extracting pushed zip file C:\local\Temp\zipdeploy\tcxdvqlc.zip (11.89 MB) to C:\local\Temp\zipdeploy\extracted" date="2025-12-15T07:36:30.939" >
        <step title="Renaming extractTargetDirectory(C:\local\Temp\zipdeploy\extracted) to tempDirectory(C:\local\Temp\zipdeploy\0fnuh4n2.jyx)" date="2025-12-15T07:36:30.954" /><!-- duration: 0ms -->
        <step title="Extracting 107 entries to C:\local\Temp\zipdeploy\extracted directory" date="2025-12-15T07:36:30.970" >
          <step title="Extracting to C:\local\Temp\zipdeploy\extracted\runtimes\unix\lib\net6.0\Microsoft.Data.SqlClient.dll ..." date="2025-12-15T07:36:30.970" /><!-- duration: 16ms -->
          <step title="Extracting to C:\local\Temp\zipdeploy\extracted\runtimes\unix\lib\net6.0\System.Drawing.Common.dll ..." date="2025-12-15T07:36:30.986" /><!-- duration: 16ms -->
          <step title="Extracting to C:\local\Temp\zipdeploy\extracted\runtimes\win\lib\net6.0\Microsoft.Data.SqlClient.dll ..." date="2025-12-15T07:36:31.001" /><!-- duration: 31ms -->
          <step title="Extracting to C:\local\Temp\zipdeploy\extracted\runtimes\win\lib\net6.0\Microsoft.Win32.SystemEvents.dll ..." date="2025-12-15T07:36:31.032" /><!-- duration: 0ms -->
          <step title="Extracting to C:\local\Temp\zipdeploy\extracted\runtimes\win\lib\net6.0\System.Drawing.Common.dll ..." date="2025-12-15T07:36:31.032" /><!-- duration: 16ms -->
          <step title="Omitting extracting file traces ..." date="2025-12-15T07:36:31.048" /><!-- duration: 16ms -->
        </step><!-- duration: 469ms -->
      </step><!-- duration: 516ms -->
      <step title="None repository commit" date="2025-12-15T07:36:31.454" >
        <step title="Commit id: 51606648a67e4e1e84ecadf664262d95" date="2025-12-15T07:36:31.454" Message="OneDeploy" AuthorName="N/A" AuthorEmail="N/A" /><!-- duration: 16ms -->
      </step><!-- duration: 16ms -->
      <step title="Before sending BuildRequestReceived status to /api/updatedeploystatus" date="2025-12-15T07:36:31.470" /><!-- duration: 0ms -->
      <step title="DeploymentManager.Deploy(id:51606648a67e4e1e84ecadf664262d95)" date="2025-12-15T07:36:31.486" >
        <step title="Collecting changeset information" date="2025-12-15T07:36:31.486" /><!-- duration: 78ms -->
        <step title="Updating submodules" date="2025-12-15T07:36:31.579" >
          <step title="Updating submodules." date="2025-12-15T07:36:31.611" /><!-- duration: 0ms -->
        </step><!-- duration: 47ms -->
        <step title="Preparing deployment for commit id &apos;51606648a6&apos;." date="2025-12-15T07:36:31.658" /><!-- duration: 16ms -->
        <step title="Determining deployment builder" date="2025-12-15T07:36:31.704" >
          <step title="Builder is OneDeployBuilder" date="2025-12-15T07:36:31.704" /><!-- duration: 0ms -->
        </step><!-- duration: 16ms -->
        <step title="Copying SSH keys" date="2025-12-15T07:36:31.720" /><!-- duration: 16ms -->
        <step title="Building" date="2025-12-15T07:36:31.736" >
          <step title="Running build. Project type: OneDeploy" date="2025-12-15T07:36:31.783" /><!-- duration: 0ms -->
          <step title="Copying the manifest" date="2025-12-15T07:36:31.829" /><!-- duration: 0ms -->
          <step title="Clean deploying to C:\home\site\wwwroot" date="2025-12-15T07:36:31.876" /><!-- duration: 0ms -->
          <step title="Generating deployment script." date="2025-12-15T07:36:31.923" /><!-- duration: 16ms -->
          <step title="Generating deployment script" date="2025-12-15T07:36:31.939" >
            <step title="Using cached version of the deployment script for command: -y --no-dot-deployment -r &quot;C:\local\Temp\zipdeploy\extracted&quot; -o &quot;C:\home\site\deployments\tools&quot; --basic --sitePath &quot;C:\local\Temp\zipdeploy\extracted&quot;" date="2025-12-15T07:36:31.954" /><!-- duration: 0ms -->
            <step title="Using cached version of deployment script (command: &apos;azure -y --no-dot-deployment -r &quot;C:\local\Temp\zipdeploy\extracted&quot; -o &quot;C:\home\site\deployments\tools&quot; --basic --sitePath &quot;C:\local\Temp\zipdeploy\extracted&quot;&apos;)." date="2025-12-15T07:36:31.970" /><!-- duration: 0ms -->
          </step><!-- duration: 63ms -->
          <step title="Running deployment command..." date="2025-12-15T07:36:32.033" /><!-- duration: 0ms -->
          <step title="Command: &quot;C:\home\site\deployments\tools\deploy.cmd&quot;" date="2025-12-15T07:36:32.048" /><!-- duration: 16ms -->
          <step title="Executing external process" date="2025-12-15T07:36:32.064" type="process" path="starter.cmd" arguments="&quot;C:\home\site\deployments\tools\deploy.cmd&quot;" >
            <step title="Handling Basic Web Site deployment." date="2025-12-15T07:36:32.204" /><!-- duration: 0ms -->
            <step title="Creating app_offline.htm" date="2025-12-15T07:36:32.376" /><!-- duration: 0ms -->
            <step title="KuduSync.NET from: &apos;C:\local\Temp\zipdeploy\extracted&apos; to: &apos;C:\home\site\wwwroot&apos;" date="2025-12-15T07:36:32.408" /><!-- duration: 0ms -->
            <step title="Deleting file: &apos;logs\stdout_20251215073033_12108.log&apos;" date="2025-12-15T07:36:32.423" /><!-- duration: 0ms -->
            <step title="Deleting directory: &apos;logs&apos;" date="2025-12-15T07:36:32.439" /><!-- duration: 0ms -->
            <step title="Deleting file: &apos;appsettings.Development.json&apos;" date="2025-12-15T07:36:32.454" /><!-- duration: 0ms -->
            <step title="Deleting file: &apos;appsettings.Production.json&apos;" date="2025-12-15T07:36:32.470" /><!-- duration: 0ms -->
            <step title="Deleting file: &apos;Microsoft.Extensions.Caching.Abstractions.dll&apos;" date="2025-12-15T07:36:32.486" /><!-- duration: 0ms -->
            <step title="Deleting file: &apos;Microsoft.Extensions.Configuration.Abstractions.dll&apos;" date="2025-12-15T07:36:32.501" /><!-- duration: 16ms -->
            <step title="Deleting file: &apos;Microsoft.Extensions.Primitives.dll&apos;" date="2025-12-15T07:36:32.517" /><!-- duration: 16ms -->
            <step title="Deleting file: &apos;MySqlConnector.dll&apos;" date="2025-12-15T07:36:32.533" /><!-- duration: 16ms -->
            <step title="Deleting file: &apos;Pomelo.EntityFrameworkCore.MySql.dll&apos;" date="2025-12-15T07:36:32.548" /><!-- duration: 16ms -->
            <step title="Deleting file: &apos;SchoolAiChatbotBackend.staticwebassets.endpoints.json&apos;" date="2025-12-15T07:36:32.579" /><!-- duration: 0ms -->
            <step title="Copying file: &apos;Azure.Core.dll&apos;" date="2025-12-15T07:36:32.595" /><!-- duration: 0ms -->
            <step title="Copying file: &apos;Azure.Identity.dll&apos;" date="2025-12-15T07:36:32.611" /><!-- duration: 16ms -->
            <step title="Copying file: &apos;Microsoft.AspNetCore.Authentication.JwtBearer.dll&apos;" date="2025-12-15T07:36:32.626" /><!-- duration: 16ms -->
            <step title="Copying file: &apos;Microsoft.AspNetCore.OpenApi.dll&apos;" date="2025-12-15T07:36:32.658" /><!-- duration: 16ms -->
            <step title="Copying file: &apos;Microsoft.Bcl.AsyncInterfaces.dll&apos;" date="2025-12-15T07:36:32.689" /><!-- duration: 0ms -->
            <step title="Copying file: &apos;Microsoft.Data.SqlClient.dll&apos;" date="2025-12-15T07:36:32.704" /><!-- duration: 0ms -->
            <step title="Copying file: &apos;Microsoft.EntityFrameworkCore.Abstractions.dll&apos;" date="2025-12-15T07:36:32.720" /><!-- duration: 0ms -->
            <step title="Copying file: &apos;Microsoft.EntityFrameworkCore.dll&apos;" date="2025-12-15T07:36:32.736" /><!-- duration: 0ms -->
            <step title="Copying file: &apos;Microsoft.EntityFrameworkCore.InMemory.dll&apos;" date="2025-12-15T07:36:32.751" /><!-- duration: 0ms -->
            <step title="Copying file: &apos;Microsoft.EntityFrameworkCore.Relational.dll&apos;" date="2025-12-15T07:36:32.767" /><!-- duration: 16ms -->
            <step title="Copying file: &apos;Microsoft.EntityFrameworkCore.SqlServer.dll&apos;" date="2025-12-15T07:36:32.783" /><!-- duration: 16ms -->
            <step title="Copying file: &apos;Microsoft.Extensions.Caching.Memory.dll&apos;" date="2025-12-15T07:36:32.814" /><!-- duration: 0ms -->
            <step title="Copying file: &apos;Microsoft.Extensions.DependencyInjection.Abstractions.dll&apos;" date="2025-12-15T07:36:32.829" /><!-- duration: 0ms -->
            <step title="Copying file: &apos;Microsoft.Extensions.DependencyInjection.dll&apos;" date="2025-12-15T07:36:32.845" /><!-- duration: 0ms -->
            <step title="Copying file: &apos;Microsoft.Extensions.Logging.Abstractions.dll&apos;" date="2025-12-15T07:36:32.845" /><!-- duration: 16ms -->
            <step title="Copying file: &apos;Microsoft.Extensions.Logging.dll&apos;" date="2025-12-15T07:36:32.939" /><!-- duration: 0ms -->
            <step title="Copying file: &apos;Microsoft.Extensions.Options.dll&apos;" date="2025-12-15T07:36:32.954" /><!-- duration: 0ms -->
            <step title="Copying file: &apos;Microsoft.Identity.Client.dll&apos;" date="2025-12-15T07:36:32.970" /><!-- duration: 16ms -->
            <step title="Copying file: &apos;Microsoft.Identity.Client.Extensions.Msal.dll&apos;" date="2025-12-15T07:36:32.986" /><!-- duration: 0ms -->
            <step title="Copying file: &apos;Microsoft.IdentityModel.Abstractions.dll&apos;" date="2025-12-15T07:36:33.017" /><!-- duration: 0ms -->
            <step title="Copying file: &apos;Microsoft.IdentityModel.JsonWebTokens.dll&apos;" date="2025-12-15T07:36:33.033" /><!-- duration: 0ms -->
            <step title="Copying file: &apos;Microsoft.IdentityModel.Logging.dll&apos;" date="2025-12-15T07:36:33.048" /><!-- duration: 0ms -->
            <step title="Copying file: &apos;Microsoft.IdentityModel.Protocols.dll&apos;" date="2025-12-15T07:36:33.064" /><!-- duration: 0ms -->
            <step title="Copying file: &apos;Microsoft.IdentityModel.Protocols.OpenIdConnect.dll&apos;" date="2025-12-15T07:36:33.079" /><!-- duration: 0ms -->
            <step title="Copying file: &apos;Microsoft.IdentityModel.Tokens.dll&apos;" date="2025-12-15T07:36:33.095" /><!-- duration: 0ms -->
            <step title="Copying file: &apos;Microsoft.OpenApi.dll&apos;" date="2025-12-15T07:36:33.111" /><!-- duration: 0ms -->
            <step title="Copying file: &apos;Microsoft.SqlServer.Server.dll&apos;" date="2025-12-15T07:36:33.126" /><!-- duration: 0ms -->
            <step title="Copying file: &apos;Microsoft.Win32.SystemEvents.dll&apos;" date="2025-12-15T07:36:33.142" /><!-- duration: 0ms -->
            <step title="Copying file: &apos;Newtonsoft.Json.dll&apos;" date="2025-12-15T07:36:33.158" /><!-- duration: 0ms -->
            <step title="Copying file: &apos;OpenAI.dll&apos;" date="2025-12-15T07:36:33.173" /><!-- duration: 0ms -->
            <step title="Copying file: &apos;SchoolAiChatbotBackend.deps.json&apos;" date="2025-12-15T07:36:33.189" /><!-- duration: 0ms -->
            <step title="Copying file: &apos;SchoolAiChatbotBackend.dll&apos;" date="2025-12-15T07:36:33.204" /><!-- duration: 0ms -->
            <step title="Copying file: &apos;SchoolAiChatbotBackend.exe&apos;" date="2025-12-15T07:36:33.220" /><!-- duration: 0ms -->
            <step title="Copying file: &apos;SchoolAiChatbotBackend.pdb&apos;" date="2025-12-15T07:36:33.236" /><!-- duration: 0ms -->
            <step title="Copying file: &apos;SchoolAiChatbotBackend.runtimeconfig.json&apos;" date="2025-12-15T07:36:33.251" /><!-- duration: 0ms -->
            <step title="Copying file: &apos;Swashbuckle.AspNetCore.Swagger.dll&apos;" date="2025-12-15T07:36:33.267" /><!-- duration: 0ms -->
            <step title="Copying file: &apos;Swashbuckle.AspNetCore.SwaggerGen.dll&apos;" date="2025-12-15T07:36:33.283" /><!-- duration: 0ms -->
            <step title="Copying file: &apos;Swashbuckle.AspNetCore.SwaggerUI.dll&apos;" date="2025-12-15T07:36:33.298" /><!-- duration: 0ms -->
            <step title="Omitting next output lines..." date="2025-12-15T07:36:33.314" /><!-- duration: 0ms -->
            <step title="Finished successfully." date="2025-12-15T07:36:38.642" /><!-- duration: 0ms -->
          </step><!-- duration: 6594ms -->
          <step title="Build completed succesfully." date="2025-12-15T07:36:38.689" /><!-- duration: 16ms -->
          <step title="Running post deployment command(s)..." date="2025-12-15T07:36:38.736" /><!-- duration: 0ms -->
          <step title="Requesting site restart" date="2025-12-15T07:36:38.783" /><!-- duration: 0ms -->
          <step title="Requesting site restart" date="2025-12-15T07:36:38.798" /><!-- duration: 0ms -->
          <step title="Requesting site restart. Attempt #1" date="2025-12-15T07:36:38.830" /><!-- duration: 0ms -->
          <step title="Requesting site restart. Attempt #1" date="2025-12-15T07:36:38.845" /><!-- duration: 0ms -->
          <step title="Successfully requested a restart. Attempt #1" date="2025-12-15T07:36:38.955" /><!-- duration: 0ms -->
          <step title="Successfully requested a restart. Attempt #1" date="2025-12-15T07:36:38.970" /><!-- duration: 0ms -->
          <step title="Deployment successful. DEPLOYMENTINFO: deploymentPath = OneDeploy, deployer = OneDeploy, os = windows, sku = Free, siteName = smartstudy-api, siteHostName = smartstudy-api-athtbtapcvdjesbe.centralindia-01.azurewebsites.net, deploymentStatus = Success" date="2025-12-15T07:36:39.017" /><!-- duration: 16ms -->
          <step title="Purge deployment items" date="2025-12-15T07:36:39.111" >
            <step title="Remove a2347e8b1, Success, received at 12/14/2025 11:19:14 AM" date="2025-12-15T07:36:39.158" /><!-- duration: 16ms -->
          </step><!-- duration: 63ms -->
        </step><!-- duration: 7469ms -->
      </step><!-- duration: 7719ms -->
      <step title="Cleaning up temp files" date="2025-12-15T07:36:39.205" /><!-- duration: 0ms -->
      <step title="Skip function trigger and logicapp sync because function is not enabled." date="2025-12-15T07:36:39.220" /><!-- duration: 0ms -->
    </step><!-- duration: 8453ms -->
    <step title="LockFile &apos;C:\home\site\locks\deployments.lock&apos; released" date="2025-12-15T07:36:39.267" /><!-- duration: 0ms -->
    <step title="Deleting shutdown sentinel file" date="2025-12-15T07:36:39.283" SemaphoreCount="8" /><!-- duration: 0ms -->
  </step><!-- duration: 8797ms -->
  <step title="Outgoing response" date="2025-12-15T07:36:39.283" type="response" statusCode="200" statusText="OK" Server="Microsoft-IIS/10.0" x-ms-request-id="c0b09beb-d988-11f0-895b-7404f1536f46" Cache-Control="private" X-AspNet-Version="4.0.30319" /><!-- duration: 16ms -->
</step><!-- duration: 8844ms -->
