<step title="Incoming Request" date="2025-12-18T13:51:51.848" instance="a6e48b" url="/api/publish?type=zip&amp;async=True" method="POST" type="request" pid="11932,2,8" Cache-Control="no-cache" Content-Length="12489352" Content-Type="application/octet-stream" Accept="*/*" Accept-Encoding="gzip, deflate" Authorization="Bea..." Host="smartstudy-api-athtbtapcvdjesbe.scm.centralindia-01.azurewebsites.net" User-Agent="AZURECLI/2.80.0 (MSI)" x-ms-client-request-id="ad2d8715-dc18-11f0-93f8-7404f1536f46" X-ARR-LOG-ID="ad2d8715-dc18-11f0-93f8-7404f1536f46" CLIENT-IP="38.254.185.42:53915" X-SITE-DEPLOYMENT-ID="smartstudy-api" WAS-DEFAULT-HOSTNAME="smartstudy-api-athtbtapcvdjesbe.scm.centralindia-01.azurewebsites.net" X-Forwarded-Proto="https" X-AppService-Proto="https" X-Forwarded-TlsVersion="1.3" X-WAWS-Unencoded-URL="/api/publish?type=zip&amp;async=True" >
  <step title="OneDeploy" date="2025-12-18T13:51:52.067" >
    <step title="Starting PushDeployAsync" date="2025-12-18T13:51:52.082" /><!-- duration: 0ms -->
    <step title="Updating shutdown sentinel last write time" date="2025-12-18T13:51:52.098" SemaphoreCount="7" /><!-- duration: 16ms -->
    <step title="LockFile &apos;C:\home\site\locks\deployments.lock&apos; acquired" date="2025-12-18T13:51:52.114" /><!-- duration: 0ms -->
    <step title="Saving request content to C:\local\Temp\zipdeploy\ygsy1s4k.zip" date="2025-12-18T13:51:52.129" >
      <step title="Total 12,489,352 bytes written to C:\local\Temp\zipdeploy\ygsy1s4k.zip" date="2025-12-18T13:51:52.239" /><!-- duration: 0ms -->
    </step><!-- duration: 109ms -->
    <step title="LockFile &apos;C:\home\site\locks\deployments.lock&apos; released" date="2025-12-18T13:51:52.239" /><!-- duration: 16ms -->
    <step title="Deleting shutdown sentinel file" date="2025-12-18T13:51:52.254" SemaphoreCount="8" /><!-- duration: 0ms -->
    <step title="Starting FetchDeploy" date="2025-12-18T13:51:52.270" /><!-- duration: 0ms -->
    <step title="Start deployment in the background" date="2025-12-18T13:51:52.270" /><!-- duration: 63ms -->
  </step><!-- duration: 266ms -->
  <step title="Outgoing response" date="2025-12-18T13:51:52.348" type="response" statusCode="202" statusText="Accepted" Server="Microsoft-IIS/10.0" x-ms-request-id="ad2d8715-dc18-11f0-93f8-7404f1536f46" Retry-After="30" Cache-Control="private" X-AspNet-Version="4.0.30319" Location="https://smartstudy-api-athtbtapcvdjesbe.scm.centralindia-01.azurewebsites.net/api/deployments/latest?deployer=OneDeploy&amp;time=2025-12-18_13-51-52Z" /><!-- duration: 0ms -->
</step><!-- duration: 500ms -->
