<step title="Incoming Request" date="2025-12-17T21:56:59.666" instance="a6e48b" url="/api/publish?async=true&amp;deployer=GITHUB_ONE_DEPLOY&amp;type=zip&amp;message=%7B%22type%22%3A%22deployment%22%2C%22sha%22%3A%22e2bdb4c768ffcbe03ed6b94ad3199fb56bdb596a%22%2C%22repoName%22%3A%22sadabyakod%2Fschool-ai-chatbot%22%2C%22actor%22%3A%22sadabyakod%22%2C%22slotName%22%3A%22Production%22%2C%22commitMessage%22%3A%22Add%20comprehensive%20console%20logging%20for%20API%20debugging%20-%20exam%20endpoints%22%7D" method="POST" type="request" pid="10056,2,8" Transfer-Encoding="chunked" Content-Type="application/octet-stream" Authorization="Bea..." Cookie="ARRAffinity=a6e48b9e9d2653435be7b61998d8624b44115214104213d6c8b8c526cc56dc70;Path=/;HttpOnly;Secure;Domain=smartstudy-api-athtbtapcvdjesbe.scm.centralindia-01.azurewebsites.net; ARRAffinitySameSite=a6e48b9e9d2653435be7b61998d8624b44115214104213d6c8b8c526cc56dc70;Path=/;HttpOnly;SameSite=None;Secure;Domain=smartstudy-api-athtbtapcvdjesbe.scm.centralindia-01.azurewebsites.net" Host="smartstudy-api-athtbtapcvdjesbe.scm.centralindia-01.azurewebsites.net" User-Agent="GITHUBACTIONS_DeployWebAppToAzure_b38e683445ac2cccfa8cd358babf8f5a5158c9572d0969b43cb3c24e61907cfe" X-ARR-LOG-ID="17b1475c-4afa-4236-a478-b36a683667bf" CLIENT-IP="52.159.228.211:10264" X-SITE-DEPLOYMENT-ID="smartstudy-api" WAS-DEFAULT-HOSTNAME="smartstudy-api-athtbtapcvdjesbe.scm.centralindia-01.azurewebsites.net" X-Forwarded-Proto="https" X-AppService-Proto="https" X-Forwarded-TlsVersion="1.3" X-WAWS-Unencoded-URL="/api/publish?async=true&amp;deployer=GITHUB_ONE_DEPLOY&amp;type=zip&amp;message=%7B%22type%22%3A%22deployment%22%2C%22sha%22%3A%22e2bdb4c768ffcbe03ed6b94ad3199fb56bdb596a%22%2C%22repoName%22%3A%22sadabyakod%2Fschool-ai-chatbot%22%2C%22actor%22%3A%22sadabyakod%22%2C%22slotName%22%3A%22Production%22%2C%22commitMessage%22%3A%22Add%20comprehensive%20console%20logging%20for%20API%20debugging%20-%20exam%20endpoints%22%7D" >
  <step title="OneDeploy" date="2025-12-17T21:57:00.166" >
    <step title="Starting PushDeployAsync" date="2025-12-17T21:57:00.197" /><!-- duration: 0ms -->
    <step title="Updating shutdown sentinel last write time" date="2025-12-17T21:57:00.228" SemaphoreCount="7" /><!-- duration: 16ms -->
    <step title="LockFile &apos;C:\home\site\locks\deployments.lock&apos; acquired" date="2025-12-17T21:57:00.244" /><!-- duration: 0ms -->
    <step title="Saving request content to C:\local\Temp\zipdeploy\ynjxzrm1.zip" date="2025-12-17T21:57:00.259" >
      <step title="Total 13,816,731 bytes written to C:\local\Temp\zipdeploy\ynjxzrm1.zip" date="2025-12-17T21:57:03.275" /><!-- duration: 0ms -->
    </step><!-- duration: 3031ms -->
    <step title="LockFile &apos;C:\home\site\locks\deployments.lock&apos; released" date="2025-12-17T21:57:03.291" /><!-- duration: 0ms -->
    <step title="Deleting shutdown sentinel file" date="2025-12-17T21:57:03.306" SemaphoreCount="8" /><!-- duration: 0ms -->
    <step title="Starting FetchDeploy" date="2025-12-17T21:57:03.322" /><!-- duration: 0ms -->
    <step title="Start deployment in the background" date="2025-12-17T21:57:03.322" /><!-- duration: 78ms -->
  </step><!-- duration: 3250ms -->
  <step title="Outgoing response" date="2025-12-17T21:57:03.416" type="response" statusCode="202" statusText="Accepted" Server="Microsoft-IIS/10.0" x-ms-request-id="17b1475c-4afa-4236-a478-b36a683667bf" Retry-After="30" Cache-Control="private" X-AspNet-Version="4.0.30319" Location="https://smartstudy-api-athtbtapcvdjesbe.scm.centralindia-01.azurewebsites.net/api/deployments/latest?deployer=OneDeploy&amp;time=2025-12-17_21-57-03Z" /><!-- duration: 0ms -->
</step><!-- duration: 3766ms -->
