<step title="Incoming Request" date="2025-12-18T13:17:53.896" instance="a6e48b" url="/api/publish?type=zip&amp;async=True" method="POST" type="request" pid="15808,2,8" Cache-Control="no-cache" Content-Length="12488964" Content-Type="application/octet-stream" Accept="*/*" Accept-Encoding="gzip, deflate" Authorization="Bea..." Host="smartstudy-api-athtbtapcvdjesbe.scm.centralindia-01.azurewebsites.net" User-Agent="AZURECLI/2.80.0 (MSI)" x-ms-client-request-id="f0a4101c-dc13-11f0-94f5-7404f1536f46" X-ARR-LOG-ID="f0a4101c-dc13-11f0-94f5-7404f1536f46" CLIENT-IP="38.254.185.42:62714" X-SITE-DEPLOYMENT-ID="smartstudy-api" WAS-DEFAULT-HOSTNAME="smartstudy-api-athtbtapcvdjesbe.scm.centralindia-01.azurewebsites.net" X-Forwarded-Proto="https" X-AppService-Proto="https" X-Forwarded-TlsVersion="1.3" X-WAWS-Unencoded-URL="/api/publish?type=zip&amp;async=True" >
  <step title="OneDeploy" date="2025-12-18T13:17:54.115" >
    <step title="Starting PushDeployAsync" date="2025-12-18T13:17:54.131" /><!-- duration: 0ms -->
    <step title="Updating shutdown sentinel last write time" date="2025-12-18T13:17:54.146" SemaphoreCount="7" /><!-- duration: 16ms -->
    <step title="LockFile &apos;C:\home\site\locks\deployments.lock&apos; acquired" date="2025-12-18T13:17:54.162" /><!-- duration: 0ms -->
    <step title="Saving request content to C:\local\Temp\zipdeploy\3gqwfyur.zip" date="2025-12-18T13:17:54.162" >
      <step title="Total 12,488,964 bytes written to C:\local\Temp\zipdeploy\3gqwfyur.zip" date="2025-12-18T13:17:54.256" /><!-- duration: 16ms -->
    </step><!-- duration: 109ms -->
    <step title="LockFile &apos;C:\home\site\locks\deployments.lock&apos; released" date="2025-12-18T13:17:54.271" /><!-- duration: 16ms -->
    <step title="Deleting shutdown sentinel file" date="2025-12-18T13:17:54.287" SemaphoreCount="8" /><!-- duration: 0ms -->
    <step title="Starting FetchDeploy" date="2025-12-18T13:17:54.303" /><!-- duration: 0ms -->
    <step title="Start deployment in the background" date="2025-12-18T13:17:54.303" /><!-- duration: 63ms -->
  </step><!-- duration: 250ms -->
  <step title="Outgoing response" date="2025-12-18T13:17:54.381" type="response" statusCode="202" statusText="Accepted" Server="Microsoft-IIS/10.0" x-ms-request-id="f0a4101c-dc13-11f0-94f5-7404f1536f46" Retry-After="30" Cache-Control="private" X-AspNet-Version="4.0.30319" Location="https://smartstudy-api-athtbtapcvdjesbe.scm.centralindia-01.azurewebsites.net/api/deployments/latest?deployer=OneDeploy&amp;time=2025-12-18_13-17-54Z" /><!-- duration: 0ms -->
</step><!-- duration: 484ms -->
