<step title="Incoming Request" date="2025-12-18T14:48:12.187" instance="a6e48b" url="/api/publish?type=zip&amp;async=True" method="POST" type="request" pid="12332,2,8" Cache-Control="no-cache" Content-Length="12489673" Content-Type="application/octet-stream" Accept="*/*" Accept-Encoding="gzip, deflate" Authorization="Bea..." Host="smartstudy-api-athtbtapcvdjesbe.scm.centralindia-01.azurewebsites.net" User-Agent="AZURECLI/2.80.0 (MSI)" x-ms-client-request-id="8bfe7134-dc20-11f0-a029-7404f1536f46" X-ARR-LOG-ID="8bfe7134-dc20-11f0-a029-7404f1536f46" CLIENT-IP="38.254.185.42:49730" X-SITE-DEPLOYMENT-ID="smartstudy-api" WAS-DEFAULT-HOSTNAME="smartstudy-api-athtbtapcvdjesbe.scm.centralindia-01.azurewebsites.net" X-Forwarded-Proto="https" X-AppService-Proto="https" X-Forwarded-TlsVersion="1.3" X-WAWS-Unencoded-URL="/api/publish?type=zip&amp;async=True" >
  <step title="OneDeploy" date="2025-12-18T14:48:12.390" >
    <step title="Starting PushDeployAsync" date="2025-12-18T14:48:12.405" /><!-- duration: 0ms -->
    <step title="Updating shutdown sentinel last write time" date="2025-12-18T14:48:12.437" SemaphoreCount="7" /><!-- duration: 0ms -->
    <step title="LockFile &apos;C:\home\site\locks\deployments.lock&apos; acquired" date="2025-12-18T14:48:12.437" /><!-- duration: 16ms -->
    <step title="Saving request content to C:\local\Temp\zipdeploy\kktcyfaw.zip" date="2025-12-18T14:48:12.452" >
      <step title="Total 12,489,673 bytes written to C:\local\Temp\zipdeploy\kktcyfaw.zip" date="2025-12-18T14:48:12.671" /><!-- duration: 16ms -->
    </step><!-- duration: 234ms -->
    <step title="LockFile &apos;C:\home\site\locks\deployments.lock&apos; released" date="2025-12-18T14:48:12.687" /><!-- duration: 16ms -->
    <step title="Deleting shutdown sentinel file" date="2025-12-18T14:48:12.702" SemaphoreCount="8" /><!-- duration: 0ms -->
    <step title="Starting FetchDeploy" date="2025-12-18T14:48:12.702" /><!-- duration: 16ms -->
    <step title="Start deployment in the background" date="2025-12-18T14:48:12.718" /><!-- duration: 62ms -->
  </step><!-- duration: 391ms -->
  <step title="Outgoing response" date="2025-12-18T14:48:12.796" type="response" statusCode="202" statusText="Accepted" Server="Microsoft-IIS/10.0" x-ms-request-id="8bfe7134-dc20-11f0-a029-7404f1536f46" Retry-After="30" Cache-Control="private" X-AspNet-Version="4.0.30319" Location="https://smartstudy-api-athtbtapcvdjesbe.scm.centralindia-01.azurewebsites.net/api/deployments/latest?deployer=OneDeploy&amp;time=2025-12-18_14-48-12Z" /><!-- duration: 0ms -->
</step><!-- duration: 609ms -->
