<step title="Incoming Request" date="2025-12-17T18:56:36.431" instance="a6e48b" url="/api/publish?type=zip" method="POST" type="request" pid="3164,2,65" Cache-Control="no-cache" Content-Length="12476262" Content-Type="application/octet-stream" Accept="*/*" Accept-Encoding="gzip, deflate" Authorization="Bea..." Host="smartstudy-api-athtbtapcvdjesbe.scm.centralindia-01.azurewebsites.net" User-Agent="AZURECLI/2.80.0 (MSI)" x-ms-client-request-id="1a80a641-db7a-11f0-be32-7404f1536f46" X-ARR-LOG-ID="1a80a641-db7a-11f0-be32-7404f1536f46" CLIENT-IP="38.254.185.243:56101" X-SITE-DEPLOYMENT-ID="smartstudy-api" WAS-DEFAULT-HOSTNAME="smartstudy-api-athtbtapcvdjesbe.scm.centralindia-01.azurewebsites.net" X-Forwarded-Proto="https" X-AppService-Proto="https" X-Forwarded-TlsVersion="1.3" X-WAWS-Unencoded-URL="/api/publish?type=zip" >
  <step title="Cleanup Xml Logs" date="2025-12-17T18:56:36.431" /><!-- duration: 16ms -->
  <step title="OneDeploy" date="2025-12-17T18:56:36.447" >
    <step title="Starting PushDeployAsync" date="2025-12-17T18:56:36.478" /><!-- duration: 16ms -->
    <step title="Updating shutdown sentinel last write time" date="2025-12-17T18:56:36.494" SemaphoreCount="7" /><!-- duration: 16ms -->
    <step title="LockFile &apos;C:\home\site\locks\deployments.lock&apos; acquired" date="2025-12-17T18:56:36.509" /><!-- duration: 16ms -->
    <step title="Saving request content to C:\local\Temp\zipdeploy\l0ob3bku.zip" date="2025-12-17T18:56:36.525" >
      <step title="Total 12,476,262 bytes written to C:\local\Temp\zipdeploy\l0ob3bku.zip" date="2025-12-17T18:56:36.587" /><!-- duration: 0ms -->
    </step><!-- duration: 78ms -->
    <step title="LockFile &apos;C:\home\site\locks\deployments.lock&apos; released" date="2025-12-17T18:56:36.619" /><!-- duration: 0ms -->
    <step title="Deleting shutdown sentinel file" date="2025-12-17T18:56:36.619" SemaphoreCount="8" /><!-- duration: 16ms -->
    <step title="Starting FetchDeploy" date="2025-12-17T18:56:36.634" /><!-- duration: 0ms -->
    <step title="Attempting to fetch target branch HEAD" date="2025-12-17T18:56:36.634" /><!-- duration: 16ms -->
    <step title="Updating shutdown sentinel last write time" date="2025-12-17T18:56:36.650" SemaphoreCount="7" /><!-- duration: 0ms -->
    <step title="LockFile &apos;C:\home\site\locks\deployments.lock&apos; acquired" date="2025-12-17T18:56:36.666" /><!-- duration: 0ms -->
    <step title="Performing fetch based deployment" date="2025-12-17T18:56:36.666" >
      <step title="Creating temporary deployment" date="2025-12-17T18:56:36.666" /><!-- duration: 31ms -->
      <step title="Fetching changes." date="2025-12-17T18:56:36.728" /><!-- duration: 0ms -->
      <step title="Starting LocalZipHandler" date="2025-12-17T18:56:36.744" /><!-- duration: 0ms -->
      <step title="Starting LocalZipFetch" date="2025-12-17T18:56:36.759" /><!-- duration: 0ms -->
      <step title="Cleaning up temp folders from previous zip deployments and extracting pushed zip file C:\local\Temp\zipdeploy\l0ob3bku.zip (11.90 MB) to C:\local\Temp\zipdeploy\extracted" date="2025-12-17T18:56:36.759" /><!-- duration: 16ms -->
      <step title="Cleaning up temp folders from previous zip deployments and extracting pushed zip file C:\local\Temp\zipdeploy\l0ob3bku.zip (11.90 MB) to C:\local\Temp\zipdeploy\extracted" date="2025-12-17T18:56:36.775" >
        <step title="Renaming extractTargetDirectory(C:\local\Temp\zipdeploy\extracted) to tempDirectory(C:\local\Temp\zipdeploy\z3hkmckd.v1b)" date="2025-12-17T18:56:36.775" /><!-- duration: 16ms -->
        <step title="Extracting 107 entries to C:\local\Temp\zipdeploy\extracted directory" date="2025-12-17T18:56:36.791" >
          <step title="Extracting to C:\local\Temp\zipdeploy\extracted\runtimes\unix\lib\net6.0\Microsoft.Data.SqlClient.dll ..." date="2025-12-17T18:56:36.791" /><!-- duration: 31ms -->
          <step title="Extracting to C:\local\Temp\zipdeploy\extracted\runtimes\unix\lib\net6.0\System.Drawing.Common.dll ..." date="2025-12-17T18:56:36.822" /><!-- duration: 16ms -->
          <step title="Extracting to C:\local\Temp\zipdeploy\extracted\runtimes\win\lib\net6.0\Microsoft.Data.SqlClient.dll ..." date="2025-12-17T18:56:36.837" /><!-- duration: 16ms -->
          <step title="Extracting to C:\local\Temp\zipdeploy\extracted\runtimes\win\lib\net6.0\Microsoft.Win32.SystemEvents.dll ..." date="2025-12-17T18:56:36.853" /><!-- duration: 16ms -->
          <step title="Extracting to C:\local\Temp\zipdeploy\extracted\runtimes\win\lib\net6.0\System.Drawing.Common.dll ..." date="2025-12-17T18:56:36.869" /><!-- duration: 16ms -->
          <step title="Omitting extracting file traces ..." date="2025-12-17T18:56:36.884" /><!-- duration: 0ms -->
        </step><!-- duration: 484ms -->
      </step><!-- duration: 500ms -->
      <step title="None repository commit" date="2025-12-17T18:56:37.291" >
        <step title="Commit id: 3e9002fe50bc487da5e398512b648dfc" date="2025-12-17T18:56:37.291" Message="OneDeploy" AuthorName="N/A" AuthorEmail="N/A" /><!-- duration: 0ms -->
      </step><!-- duration: 0ms -->
      <step title="Before sending BuildRequestReceived status to /api/updatedeploystatus" date="2025-12-17T18:56:37.306" /><!-- duration: 0ms -->
      <step title="DeploymentManager.Deploy(id:3e9002fe50bc487da5e398512b648dfc)" date="2025-12-17T18:56:37.306" >
        <step title="Collecting changeset information" date="2025-12-17T18:56:37.322" /><!-- duration: 31ms -->
        <step title="Updating submodules" date="2025-12-17T18:56:37.369" >
          <step title="Updating submodules." date="2025-12-17T18:56:37.416" /><!-- duration: 0ms -->
        </step><!-- duration: 47ms -->
        <step title="Preparing deployment for commit id &apos;3e9002fe50&apos;." date="2025-12-17T18:56:37.462" /><!-- duration: 0ms -->
        <step title="Determining deployment builder" date="2025-12-17T18:56:37.509" >
          <step title="Builder is OneDeployBuilder" date="2025-12-17T18:56:37.525" /><!-- duration: 0ms -->
        </step><!-- duration: 16ms -->
        <step title="Copying SSH keys" date="2025-12-17T18:56:37.541" /><!-- duration: 16ms -->
        <step title="Building" date="2025-12-17T18:56:37.556" >
          <step title="Running build. Project type: OneDeploy" date="2025-12-17T18:56:37.587" /><!-- duration: 16ms -->
          <step title="Copying the manifest" date="2025-12-17T18:56:37.634" /><!-- duration: 0ms -->
          <step title="Clean deploying to C:\home\site\wwwroot" date="2025-12-17T18:56:37.697" /><!-- duration: 0ms -->
          <step title="Generating deployment script." date="2025-12-17T18:56:37.744" /><!-- duration: 0ms -->
          <step title="Generating deployment script" date="2025-12-17T18:56:37.744" >
            <step title="Using cached version of the deployment script for command: -y --no-dot-deployment -r &quot;C:\local\Temp\zipdeploy\extracted&quot; -o &quot;C:\home\site\deployments\tools&quot; --basic --sitePath &quot;C:\local\Temp\zipdeploy\extracted&quot;" date="2025-12-17T18:56:37.759" /><!-- duration: 16ms -->
            <step title="Using cached version of deployment script (command: &apos;azure -y --no-dot-deployment -r &quot;C:\local\Temp\zipdeploy\extracted&quot; -o &quot;C:\home\site\deployments\tools&quot; --basic --sitePath &quot;C:\local\Temp\zipdeploy\extracted&quot;&apos;)." date="2025-12-17T18:56:37.791" /><!-- duration: 0ms -->
          </step><!-- duration: 63ms -->
          <step title="Running deployment command..." date="2025-12-17T18:56:37.869" /><!-- duration: 16ms -->
          <step title="Command: &quot;C:\home\site\deployments\tools\deploy.cmd&quot;" date="2025-12-17T18:56:37.884" /><!-- duration: 16ms -->
          <step title="Executing external process" date="2025-12-17T18:56:37.900" type="process" path="starter.cmd" arguments="&quot;C:\home\site\deployments\tools\deploy.cmd&quot;" >
            <step title="Handling Basic Web Site deployment." date="2025-12-17T18:56:38.025" /><!-- duration: 0ms -->
            <step title="Creating app_offline.htm" date="2025-12-17T18:56:38.509" /><!-- duration: 0ms -->
            <step title="KuduSync.NET from: &apos;C:\local\Temp\zipdeploy\extracted&apos; to: &apos;C:\home\site\wwwroot&apos;" date="2025-12-17T18:56:38.525" /><!-- duration: 0ms -->
            <step title="Deleting file: &apos;logs\app-20251217.log&apos;" date="2025-12-17T18:56:38.541" /><!-- duration: 0ms -->
            <step title="Deleting file: &apos;logs\stdout_20251217185457_17524.log&apos;" date="2025-12-17T18:56:38.556" /><!-- duration: 0ms -->
            <step title="Deleting directory: &apos;logs&apos;" date="2025-12-17T18:56:38.572" /><!-- duration: 16ms -->
            <step title="Deleting app_offline.htm" date="2025-12-17T18:56:38.588" /><!-- duration: 16ms -->
            <step title="Finished successfully." date="2025-12-17T18:56:38.619" /><!-- duration: 0ms -->
          </step><!-- duration: 719ms -->
          <step title="Build completed succesfully." date="2025-12-17T18:56:38.666" /><!-- duration: 0ms -->
          <step title="Running post deployment command(s)..." date="2025-12-17T18:56:38.713" /><!-- duration: 0ms -->
          <step title="Requesting site restart" date="2025-12-17T18:56:38.759" /><!-- duration: 0ms -->
          <step title="Requesting site restart" date="2025-12-17T18:56:38.775" /><!-- duration: 0ms -->
          <step title="Requesting site restart. Attempt #1" date="2025-12-17T18:56:38.806" /><!-- duration: 16ms -->
          <step title="Requesting site restart. Attempt #1" date="2025-12-17T18:56:38.822" /><!-- duration: 16ms -->
          <step title="Successfully requested a restart. Attempt #1" date="2025-12-17T18:56:38.947" /><!-- duration: 0ms -->
          <step title="Successfully requested a restart. Attempt #1" date="2025-12-17T18:56:38.947" /><!-- duration: 0ms -->
          <step title="Deployment successful. DEPLOYMENTINFO: deploymentPath = OneDeploy, deployer = OneDeploy, os = windows, sku = Free, siteName = smartstudy-api, siteHostName = smartstudy-api-athtbtapcvdjesbe.centralindia-01.azurewebsites.net, deploymentStatus = Success" date="2025-12-17T18:56:38.994" /><!-- duration: 0ms -->
          <step title="Purge deployment items" date="2025-12-17T18:56:39.103" >
            <step title="Remove e743b4f6d, Success, received at 12/15/2025 7:29:23 AM" date="2025-12-17T18:56:39.166" /><!-- duration: 0ms -->
          </step><!-- duration: 63ms -->
        </step><!-- duration: 1672ms -->
      </step><!-- duration: 1922ms -->
      <step title="Cleaning up temp files" date="2025-12-17T18:56:39.244" /><!-- duration: 0ms -->
      <step title="Skip function trigger and logicapp sync because function is not enabled." date="2025-12-17T18:56:39.244" /><!-- duration: 16ms -->
    </step><!-- duration: 2625ms -->
    <step title="LockFile &apos;C:\home\site\locks\deployments.lock&apos; released" date="2025-12-17T18:56:39.291" /><!-- duration: 0ms -->
    <step title="Deleting shutdown sentinel file" date="2025-12-17T18:56:39.306" SemaphoreCount="8" /><!-- duration: 0ms -->
  </step><!-- duration: 2859ms -->
  <step title="Outgoing response" date="2025-12-17T18:56:39.322" type="response" statusCode="200" statusText="OK" Server="Microsoft-IIS/10.0" x-ms-request-id="1a80a641-db7a-11f0-be32-7404f1536f46" Cache-Control="private" X-AspNet-Version="4.0.30319" /><!-- duration: 0ms -->
</step><!-- duration: 2891ms -->
