<step title="Incoming Request" date="2025-12-14T15:39:33.533" instance="22a7da" url="/api/publish?async=true&amp;deployer=GITHUB_ONE_DEPLOY&amp;type=zip&amp;message=%7B%22type%22%3A%22deployment%22%2C%22sha%22%3A%22cc884307dceb1f3bf3fbcb7b0fc1b707abbc6f47%22%2C%22repoName%22%3A%22sadabyakod%2Fschool-ai-chatbot%22%2C%22actor%22%3A%22sadabyakod%22%2C%22slotName%22%3A%22Production%22%2C%22commitMessage%22%3A%22Add%20MOBILE-EXAM-RESULT-API.md%20-%20Complete%20mobile%20integration%20guide%20for%20exam%20results%20with%20MCQ%20%2B%20subjective%20feedback%22%7D" method="POST" type="request" pid="9544,2,9" Transfer-Encoding="chunked" Content-Type="application/octet-stream" Authorization="Bea..." Cookie="ARRAffinity=22a7daa836b64a8ce56c907737553d08297ff2e76cd06a1f52c29956b9a85c17;Path=/;HttpOnly;Secure;Domain=smartstudy-api-athtbtapcvdjesbe.scm.centralindia-01.azurewebsites.net; ARRAffinitySameSite=22a7daa836b64a8ce56c907737553d08297ff2e76cd06a1f52c29956b9a85c17;Path=/;HttpOnly;SameSite=None;Secure;Domain=smartstudy-api-athtbtapcvdjesbe.scm.centralindia-01.azurewebsites.net" Host="smartstudy-api-athtbtapcvdjesbe.scm.centralindia-01.azurewebsites.net" User-Agent="GITHUBACTIONS_DeployWebAppToAzure_b38e683445ac2cccfa8cd358babf8f5a5158c9572d0969b43cb3c24e61907cfe" X-ARR-LOG-ID="5e810d05-cd9c-4716-8f74-46bb883bf473" CLIENT-IP="20.169.74.16:11271" X-SITE-DEPLOYMENT-ID="smartstudy-api" WAS-DEFAULT-HOSTNAME="smartstudy-api-athtbtapcvdjesbe.scm.centralindia-01.azurewebsites.net" X-Forwarded-Proto="https" X-AppService-Proto="https" X-Forwarded-TlsVersion="1.3" X-WAWS-Unencoded-URL="/api/publish?async=true&amp;deployer=GITHUB_ONE_DEPLOY&amp;type=zip&amp;message=%7B%22type%22%3A%22deployment%22%2C%22sha%22%3A%22cc884307dceb1f3bf3fbcb7b0fc1b707abbc6f47%22%2C%22repoName%22%3A%22sadabyakod%2Fschool-ai-chatbot%22%2C%22actor%22%3A%22sadabyakod%22%2C%22slotName%22%3A%22Production%22%2C%22commitMessage%22%3A%22Add%20MOBILE-EXAM-RESULT-API.md%20-%20Complete%20mobile%20integration%20guide%20for%20exam%20results%20with%20MCQ%20%2B%20subjective%20feedback%22%7D" >
  <step title="OneDeploy" date="2025-12-14T15:39:34.034" >
    <step title="Starting PushDeployAsync" date="2025-12-14T15:39:34.065" /><!-- duration: 0ms -->
    <step title="Updating shutdown sentinel last write time" date="2025-12-14T15:39:34.080" SemaphoreCount="7" /><!-- duration: 16ms -->
    <step title="LockFile &apos;C:\home\site\locks\deployments.lock&apos; acquired" date="2025-12-14T15:39:34.096" /><!-- duration: 0ms -->
    <step title="Saving request content to C:\local\Temp\zipdeploy\phv1qwld.zip" date="2025-12-14T15:39:34.096" >
      <step title="Total 13,796,136 bytes written to C:\local\Temp\zipdeploy\phv1qwld.zip" date="2025-12-14T15:39:37.081" /><!-- duration: 0ms -->
    </step><!-- duration: 2985ms -->
    <step title="LockFile &apos;C:\home\site\locks\deployments.lock&apos; released" date="2025-12-14T15:39:37.096" /><!-- duration: 0ms -->
    <step title="Deleting shutdown sentinel file" date="2025-12-14T15:39:37.112" SemaphoreCount="8" /><!-- duration: 0ms -->
    <step title="Starting FetchDeploy" date="2025-12-14T15:39:37.112" /><!-- duration: 0ms -->
    <step title="Start deployment in the background" date="2025-12-14T15:39:37.127" /><!-- duration: 47ms -->
  </step><!-- duration: 3156ms -->
  <step title="Outgoing response" date="2025-12-14T15:39:37.190" type="response" statusCode="202" statusText="Accepted" Server="Microsoft-IIS/10.0" x-ms-request-id="5e810d05-cd9c-4716-8f74-46bb883bf473" Retry-After="30" Cache-Control="private" X-AspNet-Version="4.0.30319" Location="https://smartstudy-api-athtbtapcvdjesbe.scm.centralindia-01.azurewebsites.net/api/deployments/latest?deployer=OneDeploy&amp;time=2025-12-14_15-39-37Z" /><!-- duration: 0ms -->
</step><!-- duration: 3672ms -->
