<step title="Incoming Request" date="2025-12-17T22:14:43.757" instance="a6e48b" url="/api/zipdeploy?isAsync=true" method="POST" type="request" pid="10056,2,78" Cache-Control="no-cache" Content-Length="12484472" Content-Type="application/octet-stream" Accept="*/*" Accept-Encoding="gzip, deflate" Authorization="Bea..." Host="smartstudy-api-athtbtapcvdjesbe.scm.centralindia-01.azurewebsites.net" User-Agent="AZURECLI/2.80.0 (MSI)" x-ms-client-request-id="c60cd025-db95-11f0-8666-7404f1536f46" X-ARR-LOG-ID="c60cd025-db95-11f0-8666-7404f1536f46" CLIENT-IP="27.63.240.60:58311" X-SITE-DEPLOYMENT-ID="smartstudy-api" WAS-DEFAULT-HOSTNAME="smartstudy-api-athtbtapcvdjesbe.scm.centralindia-01.azurewebsites.net" X-Forwarded-Proto="https" X-AppService-Proto="https" X-Forwarded-TlsVersion="1.3" X-WAWS-Unencoded-URL="/api/zipdeploy?isAsync=true" >
  <step title="Cleanup Xml Logs" date="2025-12-17T22:14:43.773" /><!-- duration: 0ms -->
  <step title="ZipPushDeploy" date="2025-12-17T22:14:43.788" >
    <step title="ZipDeploy. Extract zip. " date="2025-12-17T22:14:43.788" /><!-- duration: 16ms -->
    <step title="Starting PushDeployAsync" date="2025-12-17T22:14:43.804" /><!-- duration: 0ms -->
    <step title="Updating shutdown sentinel last write time" date="2025-12-17T22:14:43.820" SemaphoreCount="7" /><!-- duration: 16ms -->
    <step title="LockFile &apos;C:\home\site\locks\deployments.lock&apos; acquired" date="2025-12-17T22:14:43.851" /><!-- duration: 16ms -->
    <step title="Saving request content to C:\local\Temp\zipdeploy\41fxw0ns.zip" date="2025-12-17T22:14:43.867" >
      <step title="Total 12,484,472 bytes written to C:\local\Temp\zipdeploy\41fxw0ns.zip" date="2025-12-17T22:14:55.867" /><!-- duration: 0ms -->
    </step><!-- duration: 12001ms -->
    <step title="LockFile &apos;C:\home\site\locks\deployments.lock&apos; released" date="2025-12-17T22:14:55.883" /><!-- duration: 0ms -->
    <step title="Deleting shutdown sentinel file" date="2025-12-17T22:14:55.899" SemaphoreCount="8" /><!-- duration: 0ms -->
    <step title="Starting FetchDeploy" date="2025-12-17T22:14:55.899" /><!-- duration: 16ms -->
    <step title="Start deployment in the background" date="2025-12-17T22:14:55.914" /><!-- duration: 62ms -->
  </step><!-- duration: 12204ms -->
  <step title="Outgoing response" date="2025-12-17T22:14:55.992" type="response" statusCode="202" statusText="Accepted" Server="Microsoft-IIS/10.0" x-ms-request-id="c60cd025-db95-11f0-8666-7404f1536f46" Retry-After="30" Cache-Control="private" X-AspNet-Version="4.0.30319" Location="https://smartstudy-api-athtbtapcvdjesbe.scm.centralindia-01.azurewebsites.net/api/deployments/latest?deployer=ZipDeploy&amp;time=2025-12-17_22-14-55Z" /><!-- duration: 0ms -->
</step><!-- duration: 12235ms -->
