<step title="Incoming Request" date="2025-12-18T10:37:05.260" instance="a6e48b" url="/api/zipdeploy?isAsync=true" method="POST" type="request" pid="13488,2,21" Cache-Control="no-cache" Content-Length="12486806" Content-Type="application/octet-stream" Accept="*/*" Accept-Encoding="gzip, deflate" Authorization="Bea..." Host="smartstudy-api-athtbtapcvdjesbe.scm.centralindia-01.azurewebsites.net" User-Agent="AZURECLI/2.80.0 (MSI)" x-ms-client-request-id="7abc8ea2-dbfd-11f0-affd-7404f1536f46" X-ARR-LOG-ID="7abc8ea2-dbfd-11f0-affd-7404f1536f46" CLIENT-IP="38.254.185.42:49696" X-SITE-DEPLOYMENT-ID="smartstudy-api" WAS-DEFAULT-HOSTNAME="smartstudy-api-athtbtapcvdjesbe.scm.centralindia-01.azurewebsites.net" X-Forwarded-Proto="https" X-AppService-Proto="https" X-Forwarded-TlsVersion="1.3" X-WAWS-Unencoded-URL="/api/zipdeploy?isAsync=true" >
  <step title="Cleanup Xml Logs" date="2025-12-18T10:37:05.276" /><!-- duration: 0ms -->
  <step title="ZipPushDeploy" date="2025-12-18T10:37:05.354" >
    <step title="ZipDeploy. Extract zip. " date="2025-12-18T10:37:05.354" /><!-- duration: 16ms -->
    <step title="Starting PushDeployAsync" date="2025-12-18T10:37:05.369" /><!-- duration: 0ms -->
    <step title="Updating shutdown sentinel last write time" date="2025-12-18T10:37:05.401" SemaphoreCount="7" /><!-- duration: 0ms -->
    <step title="LockFile &apos;C:\home\site\locks\deployments.lock&apos; acquired" date="2025-12-18T10:37:05.401" /><!-- duration: 0ms -->
    <step title="Saving request content to C:\local\Temp\zipdeploy\3jwfeish.zip" date="2025-12-18T10:37:05.416" >
      <step title="Total 12,486,806 bytes written to C:\local\Temp\zipdeploy\3jwfeish.zip" date="2025-12-18T10:37:27.980" /><!-- duration: 0ms -->
    </step><!-- duration: 22579ms -->
    <step title="LockFile &apos;C:\home\site\locks\deployments.lock&apos; released" date="2025-12-18T10:37:27.995" /><!-- duration: 0ms -->
    <step title="Deleting shutdown sentinel file" date="2025-12-18T10:37:28.011" SemaphoreCount="8" /><!-- duration: 0ms -->
    <step title="Starting FetchDeploy" date="2025-12-18T10:37:28.027" /><!-- duration: 0ms -->
    <step title="Start deployment in the background" date="2025-12-18T10:37:28.027" /><!-- duration: 109ms -->
  </step><!-- duration: 22782ms -->
  <step title="Outgoing response" date="2025-12-18T10:37:28.152" type="response" statusCode="202" statusText="Accepted" Server="Microsoft-IIS/10.0" x-ms-request-id="7abc8ea2-dbfd-11f0-affd-7404f1536f46" Retry-After="30" Cache-Control="private" X-AspNet-Version="4.0.30319" Location="https://smartstudy-api-athtbtapcvdjesbe.scm.centralindia-01.azurewebsites.net/api/deployments/latest?deployer=ZipDeploy&amp;time=2025-12-18_10-37-28Z" /><!-- duration: 16ms -->
</step><!-- duration: 22907ms -->
