<step title="BackgroundTrace" date="2025-12-18T11:04:14.116" instance="a6e48b" url="/api/publish" method="POST" >
  <step title="Cleanup Xml Logs" date="2025-12-18T11:04:14.116" /><!-- duration: 16ms -->
  <step title="Updating shutdown sentinel last write time" date="2025-12-18T11:04:14.147" SemaphoreCount="7" /><!-- duration: 0ms -->
  <step title="LockFile &apos;C:\home\site\locks\deployments.lock&apos; acquired" date="2025-12-18T11:04:14.147" /><!-- duration: 16ms -->
  <step title="Creating temporary deployment" date="2025-12-18T11:04:14.163" /><!-- duration: 31ms -->
  <step title="Performing fetch based deployment" date="2025-12-18T11:04:14.194" >
    <step title="Fetching changes." date="2025-12-18T11:04:14.241" /><!-- duration: 0ms -->
    <step title="Starting LocalZipHandler" date="2025-12-18T11:04:14.241" /><!-- duration: 0ms -->
    <step title="Cleaning up temp folders from previous zip deployments and extracting pushed zip file C:\local\Temp\zipdeploy\mmsozv1p.zip (11.91 MB) to C:\local\Temp\zipdeploy\extracted" date="2025-12-18T11:04:14.272" /><!-- duration: 16ms -->
    <step title="Cleaning up temp folders from previous zip deployments and extracting pushed zip file C:\local\Temp\zipdeploy\mmsozv1p.zip (11.91 MB) to C:\local\Temp\zipdeploy\extracted" date="2025-12-18T11:04:14.288" >
      <step title="Renaming extractTargetDirectory(C:\local\Temp\zipdeploy\extracted) to tempDirectory(C:\local\Temp\zipdeploy\tupcrplu.5zp)" date="2025-12-18T11:04:14.288" /><!-- duration: 16ms -->
      <step title="Extracting 107 entries to C:\local\Temp\zipdeploy\extracted directory" date="2025-12-18T11:04:14.303" >
        <step title="Extracting to C:\local\Temp\zipdeploy\extracted\runtimes\unix\lib\net6.0\Microsoft.Data.SqlClient.dll ..." date="2025-12-18T11:04:14.303" /><!-- duration: 31ms -->
        <step title="Extracting to C:\local\Temp\zipdeploy\extracted\runtimes\unix\lib\net6.0\System.Drawing.Common.dll ..." date="2025-12-18T11:04:14.335" /><!-- duration: 16ms -->
        <step title="Extracting to C:\local\Temp\zipdeploy\extracted\runtimes\win\lib\net6.0\Microsoft.Data.SqlClient.dll ..." date="2025-12-18T11:04:14.350" /><!-- duration: 16ms -->
        <step title="Extracting to C:\local\Temp\zipdeploy\extracted\runtimes\win\lib\net6.0\Microsoft.Win32.SystemEvents.dll ..." date="2025-12-18T11:04:14.381" /><!-- duration: 0ms -->
        <step title="Extracting to C:\local\Temp\zipdeploy\extracted\runtimes\win\lib\net6.0\System.Drawing.Common.dll ..." date="2025-12-18T11:04:14.381" /><!-- duration: 16ms -->
        <step title="Omitting extracting file traces ..." date="2025-12-18T11:04:14.397" /><!-- duration: 16ms -->
      </step><!-- duration: 484ms -->
    </step><!-- duration: 516ms -->
    <step title="Before sending BuildRequestReceived status to /api/updatedeploystatus" date="2025-12-18T11:04:14.803" /><!-- duration: 0ms -->
    <step title="DeploymentManager.Deploy(id:c2e7b079fae9417c94ad74d9a2a1a475)" date="2025-12-18T11:04:14.803" >
      <step title="Collecting changeset information" date="2025-12-18T11:04:14.819" /><!-- duration: 31ms -->
      <step title="Updating submodules" date="2025-12-18T11:04:14.850" >
        <step title="Updating submodules." date="2025-12-18T11:04:14.897" /><!-- duration: 0ms -->
      </step><!-- duration: 47ms -->
      <step title="Preparing deployment for commit id &apos;c2e7b079fa&apos;." date="2025-12-18T11:04:14.928" /><!-- duration: 16ms -->
      <step title="Determining deployment builder" date="2025-12-18T11:04:14.960" >
        <step title="Builder is OneDeployBuilder" date="2025-12-18T11:04:14.975" /><!-- duration: 0ms -->
      </step><!-- duration: 16ms -->
      <step title="Copying SSH keys" date="2025-12-18T11:04:14.991" /><!-- duration: 16ms -->
      <step title="Building" date="2025-12-18T11:04:15.006" >
        <step title="Running build. Project type: OneDeploy" date="2025-12-18T11:04:15.038" /><!-- duration: 0ms -->
        <step title="Copying the manifest" date="2025-12-18T11:04:15.085" /><!-- duration: 0ms -->
        <step title="Clean deploying to C:\home\site\wwwroot" date="2025-12-18T11:04:15.163" /><!-- duration: 0ms -->
        <step title="Generating deployment script." date="2025-12-18T11:04:15.194" /><!-- duration: 0ms -->
        <step title="Generating deployment script" date="2025-12-18T11:04:15.210" >
          <step title="Using cached version of the deployment script for command: -y --no-dot-deployment -r &quot;C:\local\Temp\zipdeploy\extracted&quot; -o &quot;C:\home\site\deployments\tools&quot; --basic --sitePath &quot;C:\local\Temp\zipdeploy\extracted&quot;" date="2025-12-18T11:04:15.225" /><!-- duration: 0ms -->
          <step title="Using cached version of deployment script (command: &apos;azure -y --no-dot-deployment -r &quot;C:\local\Temp\zipdeploy\extracted&quot; -o &quot;C:\home\site\deployments\tools&quot; --basic --sitePath &quot;C:\local\Temp\zipdeploy\extracted&quot;&apos;)." date="2025-12-18T11:04:15.241" /><!-- duration: 16ms -->
        </step><!-- duration: 47ms -->
        <step title="Running deployment command..." date="2025-12-18T11:04:15.288" /><!-- duration: 0ms -->
        <step title="Command: &quot;C:\home\site\deployments\tools\deploy.cmd&quot;" date="2025-12-18T11:04:15.303" /><!-- duration: 0ms -->
        <step title="Executing external process" date="2025-12-18T11:04:15.303" type="process" path="starter.cmd" arguments="&quot;C:\home\site\deployments\tools\deploy.cmd&quot;" >
          <step title="Handling Basic Web Site deployment." date="2025-12-18T11:04:15.444" /><!-- duration: 0ms -->
          <step title="Creating app_offline.htm" date="2025-12-18T11:04:15.585" /><!-- duration: 16ms -->
          <step title="KuduSync.NET from: &apos;C:\local\Temp\zipdeploy\extracted&apos; to: &apos;C:\home\site\wwwroot&apos;" date="2025-12-18T11:04:15.600" /><!-- duration: 0ms -->
          <step title="Copying file: &apos;SchoolAiChatbotBackend.dll&apos;" date="2025-12-18T11:04:15.616" /><!-- duration: 0ms -->
          <step title="Copying file: &apos;SchoolAiChatbotBackend.exe&apos;" date="2025-12-18T11:04:15.631" /><!-- duration: 0ms -->
          <step title="Copying file: &apos;SchoolAiChatbotBackend.pdb&apos;" date="2025-12-18T11:04:15.647" /><!-- duration: 0ms -->
          <step title="Deleting app_offline.htm" date="2025-12-18T11:04:15.663" /><!-- duration: 0ms -->
          <step title="Finished successfully." date="2025-12-18T11:04:15.663" /><!-- duration: 16ms -->
        </step><!-- duration: 375ms -->
        <step title="Build completed succesfully." date="2025-12-18T11:04:15.710" /><!-- duration: 0ms -->
        <step title="Running post deployment command(s)..." date="2025-12-18T11:04:15.756" /><!-- duration: 0ms -->
        <step title="Requesting site restart" date="2025-12-18T11:04:15.788" /><!-- duration: 16ms -->
        <step title="Requesting site restart" date="2025-12-18T11:04:15.803" /><!-- duration: 0ms -->
        <step title="Requesting site restart. Attempt #1" date="2025-12-18T11:04:15.835" /><!-- duration: 16ms -->
        <step title="Requesting site restart. Attempt #1" date="2025-12-18T11:04:15.850" /><!-- duration: 0ms -->
        <step title="Successfully requested a restart. Attempt #1" date="2025-12-18T11:04:16.022" /><!-- duration: 0ms -->
        <step title="Successfully requested a restart. Attempt #1" date="2025-12-18T11:04:16.038" /><!-- duration: 0ms -->
        <step title="Deployment successful. DEPLOYMENTINFO: deploymentPath = OneDeploy, deployer = OneDeploy, os = windows, sku = Free, siteName = smartstudy-api, siteHostName = smartstudy-api-athtbtapcvdjesbe.centralindia-01.azurewebsites.net, deploymentStatus = Success" date="2025-12-18T11:04:16.069" /><!-- duration: 0ms -->
        <step title="Purge deployment items" date="2025-12-18T11:04:16.178" >
          <step title="Remove 9669139c5, Success, received at 12/17/2025 10:20:41 PM" date="2025-12-18T11:04:16.288" /><!-- duration: 16ms -->
        </step><!-- duration: 125ms -->
      </step><!-- duration: 1313ms -->
    </step><!-- duration: 1516ms -->
    <step title="Cleaning up temp files" date="2025-12-18T11:04:16.319" /><!-- duration: 16ms -->
    <step title="Skip function trigger and logicapp sync because function is not enabled." date="2025-12-18T11:04:16.335" /><!-- duration: 16ms -->
  </step><!-- duration: 2188ms -->
  <step title="LockFile &apos;C:\home\site\locks\deployments.lock&apos; released" date="2025-12-18T11:04:16.381" /><!-- duration: 16ms -->
  <step title="Deleting shutdown sentinel file" date="2025-12-18T11:04:16.397" SemaphoreCount="8" /><!-- duration: 0ms -->
</step><!-- duration: 2297ms -->
