<step title="Incoming Request" date="2025-12-17T12:38:37.972" instance="a6e48b" url="/api/publish?async=true&amp;deployer=GITHUB_ONE_DEPLOY&amp;type=zip&amp;message=%7B%22type%22%3A%22deployment%22%2C%22sha%22%3A%2296cb40f84ae6269bb52d271735cffdc793f75ada%22%2C%22repoName%22%3A%22sadabyakod%2Fschool-ai-chatbot%22%2C%22actor%22%3A%22sadabyakod%22%2C%22slotName%22%3A%22Production%22%2C%22commitMessage%22%3A%22fix%3A%20align%20queue%20message%20format%20with%20Azure%20Function%20model%5Cn%5Cn-%20Changed%20WrittenSubmissionId%20from%20string%20to%20Guid%20type%5Cn-%20Changed%20Priority%20from%20string%20%27normal%27%20to%20int%201%5Cn-%20Added%20JsonPropertyName%20attributes%20to%20match%20Azure%20Function%27s%20model%5Cn-%20This%20fixes%20the%20issue%20where%20backend%20uploads%20weren%27t%20processed%20by%20Azure%20Function%22%7D" method="POST" type="request" pid="12100,2,11" Transfer-Encoding="chunked" Content-Type="application/octet-stream" Authorization="Bea..." Cookie="ARRAffinity=a6e48b9e9d2653435be7b61998d8624b44115214104213d6c8b8c526cc56dc70;Path=/;HttpOnly;Secure;Domain=smartstudy-api-athtbtapcvdjesbe.scm.centralindia-01.azurewebsites.net; ARRAffinitySameSite=a6e48b9e9d2653435be7b61998d8624b44115214104213d6c8b8c526cc56dc70;Path=/;HttpOnly;SameSite=None;Secure;Domain=smartstudy-api-athtbtapcvdjesbe.scm.centralindia-01.azurewebsites.net" Host="smartstudy-api-athtbtapcvdjesbe.scm.centralindia-01.azurewebsites.net" User-Agent="GITHUBACTIONS_DeployWebAppToAzure_b38e683445ac2cccfa8cd358babf8f5a5158c9572d0969b43cb3c24e61907cfe" X-ARR-LOG-ID="0a359866-cfda-4053-b901-62298cee736e" CLIENT-IP="135.232.200.32:37888" X-SITE-DEPLOYMENT-ID="smartstudy-api" WAS-DEFAULT-HOSTNAME="smartstudy-api-athtbtapcvdjesbe.scm.centralindia-01.azurewebsites.net" X-Forwarded-Proto="https" X-AppService-Proto="https" X-Forwarded-TlsVersion="1.3" X-WAWS-Unencoded-URL="/api/publish?async=true&amp;deployer=GITHUB_ONE_DEPLOY&amp;type=zip&amp;message=%7B%22type%22%3A%22deployment%22%2C%22sha%22%3A%2296cb40f84ae6269bb52d271735cffdc793f75ada%22%2C%22repoName%22%3A%22sadabyakod%2Fschool-ai-chatbot%22%2C%22actor%22%3A%22sadabyakod%22%2C%22slotName%22%3A%22Production%22%2C%22commitMessage%22%3A%22fix%3A%20align%20queue%20message%20format%20with%20Azure%20Function%20model%5Cn%5Cn-%20Changed%20WrittenSubmissionId%20from%20string%20to%20Guid%20type%5Cn-%20Changed%20Priority%20from%20string%20%27normal%27%20to%20int%201%5Cn-%20Added%20JsonPropertyName%20attributes%20to%20match%20Azure%20Function%27s%20model%5Cn-%20This%20fixes%20the%20issue%20where%20backend%20uploads%20weren%27t%20processed%20by%20Azure%20Function%22%7D" >
  <step title="OneDeploy" date="2025-12-17T12:38:38.456" >
    <step title="Starting PushDeployAsync" date="2025-12-17T12:38:38.472" /><!-- duration: 0ms -->
    <step title="Updating shutdown sentinel last write time" date="2025-12-17T12:38:38.503" SemaphoreCount="7" /><!-- duration: 0ms -->
    <step title="LockFile &apos;C:\home\site\locks\deployments.lock&apos; acquired" date="2025-12-17T12:38:38.503" /><!-- duration: 0ms -->
    <step title="Saving request content to C:\local\Temp\zipdeploy\qb3l3dmy.zip" date="2025-12-17T12:38:38.518" >
      <step title="Total 13,808,305 bytes written to C:\local\Temp\zipdeploy\qb3l3dmy.zip" date="2025-12-17T12:38:41.019" /><!-- duration: 16ms -->
    </step><!-- duration: 2517ms -->
    <step title="LockFile &apos;C:\home\site\locks\deployments.lock&apos; released" date="2025-12-17T12:38:41.035" /><!-- duration: 0ms -->
    <step title="Deleting shutdown sentinel file" date="2025-12-17T12:38:41.051" SemaphoreCount="8" /><!-- duration: 0ms -->
    <step title="Starting FetchDeploy" date="2025-12-17T12:38:41.066" /><!-- duration: 0ms -->
    <step title="Start deployment in the background" date="2025-12-17T12:38:41.066" /><!-- duration: 125ms -->
  </step><!-- duration: 2735ms -->
  <step title="Outgoing response" date="2025-12-17T12:38:41.191" type="response" statusCode="202" statusText="Accepted" Server="Microsoft-IIS/10.0" x-ms-request-id="0a359866-cfda-4053-b901-62298cee736e" Retry-After="30" Cache-Control="private" X-AspNet-Version="4.0.30319" Location="https://smartstudy-api-athtbtapcvdjesbe.scm.centralindia-01.azurewebsites.net/api/deployments/latest?deployer=OneDeploy&amp;time=2025-12-17_12-38-41Z" /><!-- duration: 16ms -->
</step><!-- duration: 3235ms -->
