<step title="Incoming Request" date="2025-12-16T13:34:58.485" instance="a6e48b" url="/api/publish?async=true&amp;deployer=GITHUB_ONE_DEPLOY&amp;type=zip&amp;message=%7B%22type%22%3A%22deployment%22%2C%22sha%22%3A%22aa2d194c4fb4a3ebfaabfc8f42e4347bb8fba270%22%2C%22repoName%22%3A%22sadabyakod%2Fschool-ai-chatbot%22%2C%22actor%22%3A%22sadabyakod%22%2C%22slotName%22%3A%22Production%22%2C%22commitMessage%22%3A%22feat%3A%20separate%20answer%20sheets%20container%20from%20textbooks%20-%20Add%20dedicated%20students-answer-sheets%20container%20for%20answer%20sheet%20storage%20-%20Update%20FileStorageService%20to%20use%20new%20container%20-%20Update%20cleanup%20method%20to%20use%20correct%20container%20-%20Update%20local%20path%20naming%20for%20consistency%22%7D" method="POST" type="request" pid="12616,2,7" Transfer-Encoding="chunked" Content-Type="application/octet-stream" Authorization="Bea..." Cookie="ARRAffinity=a6e48b9e9d2653435be7b61998d8624b44115214104213d6c8b8c526cc56dc70;Path=/;HttpOnly;Secure;Domain=smartstudy-api-athtbtapcvdjesbe.scm.centralindia-01.azurewebsites.net; ARRAffinitySameSite=a6e48b9e9d2653435be7b61998d8624b44115214104213d6c8b8c526cc56dc70;Path=/;HttpOnly;SameSite=None;Secure;Domain=smartstudy-api-athtbtapcvdjesbe.scm.centralindia-01.azurewebsites.net" Host="smartstudy-api-athtbtapcvdjesbe.scm.centralindia-01.azurewebsites.net" User-Agent="GITHUBACTIONS_DeployWebAppToAzure_b38e683445ac2cccfa8cd358babf8f5a5158c9572d0969b43cb3c24e61907cfe" X-ARR-LOG-ID="f11d8db9-80f8-4809-ba80-99d909fcb533" CLIENT-IP="68.154.119.208:56320" X-SITE-DEPLOYMENT-ID="smartstudy-api" WAS-DEFAULT-HOSTNAME="smartstudy-api-athtbtapcvdjesbe.scm.centralindia-01.azurewebsites.net" X-Forwarded-Proto="https" X-AppService-Proto="https" X-Forwarded-TlsVersion="1.3" X-WAWS-Unencoded-URL="/api/publish?async=true&amp;deployer=GITHUB_ONE_DEPLOY&amp;type=zip&amp;message=%7B%22type%22%3A%22deployment%22%2C%22sha%22%3A%22aa2d194c4fb4a3ebfaabfc8f42e4347bb8fba270%22%2C%22repoName%22%3A%22sadabyakod%2Fschool-ai-chatbot%22%2C%22actor%22%3A%22sadabyakod%22%2C%22slotName%22%3A%22Production%22%2C%22commitMessage%22%3A%22feat%3A%20separate%20answer%20sheets%20container%20from%20textbooks%20-%20Add%20dedicated%20students-answer-sheets%20container%20for%20answer%20sheet%20storage%20-%20Update%20FileStorageService%20to%20use%20new%20container%20-%20Update%20cleanup%20method%20to%20use%20correct%20container%20-%20Update%20local%20path%20naming%20for%20consistency%22%7D" >
  <step title="OneDeploy" date="2025-12-16T13:34:58.938" >
    <step title="Starting PushDeployAsync" date="2025-12-16T13:34:58.970" /><!-- duration: 0ms -->
    <step title="Updating shutdown sentinel last write time" date="2025-12-16T13:34:59.001" SemaphoreCount="7" /><!-- duration: 0ms -->
    <step title="LockFile &apos;C:\home\site\locks\deployments.lock&apos; acquired" date="2025-12-16T13:34:59.017" /><!-- duration: 0ms -->
    <step title="Saving request content to C:\local\Temp\zipdeploy\jpx1fy03.zip" date="2025-12-16T13:34:59.017" >
      <step title="Total 13,808,240 bytes written to C:\local\Temp\zipdeploy\jpx1fy03.zip" date="2025-12-16T13:35:00.751" /><!-- duration: 0ms -->
    </step><!-- duration: 1734ms -->
    <step title="LockFile &apos;C:\home\site\locks\deployments.lock&apos; released" date="2025-12-16T13:35:00.767" /><!-- duration: 0ms -->
    <step title="Deleting shutdown sentinel file" date="2025-12-16T13:35:00.782" SemaphoreCount="8" /><!-- duration: 0ms -->
    <step title="Starting FetchDeploy" date="2025-12-16T13:35:00.782" /><!-- duration: 16ms -->
    <step title="Start deployment in the background" date="2025-12-16T13:35:00.798" /><!-- duration: 125ms -->
  </step><!-- duration: 1984ms -->
  <step title="Outgoing response" date="2025-12-16T13:35:00.938" type="response" statusCode="202" statusText="Accepted" Server="Microsoft-IIS/10.0" x-ms-request-id="f11d8db9-80f8-4809-ba80-99d909fcb533" Retry-After="30" Cache-Control="private" X-AspNet-Version="4.0.30319" Location="https://smartstudy-api-athtbtapcvdjesbe.scm.centralindia-01.azurewebsites.net/api/deployments/latest?deployer=OneDeploy&amp;time=2025-12-16_13-35-00Z" /><!-- duration: 0ms -->
</step><!-- duration: 2453ms -->
