<step title="Incoming Request" date="2025-12-18T16:58:21.763" instance="a6e48b" url="/api/zipdeploy?isAsync=true" method="POST" type="request" pid="17084,2,76" Cache-Control="no-cache" Content-Length="12490517" Content-Type="application/octet-stream" Accept="*/*" Accept-Encoding="gzip, deflate" Authorization="Bea..." Host="smartstudy-api-athtbtapcvdjesbe.scm.centralindia-01.azurewebsites.net" User-Agent="AZURECLI/2.80.0 (MSI)" x-ms-client-request-id="bd894f67-dc32-11f0-9462-7404f1536f46" X-ARR-LOG-ID="bd894f67-dc32-11f0-9462-7404f1536f46" CLIENT-IP="38.254.185.106:60206" X-SITE-DEPLOYMENT-ID="smartstudy-api" WAS-DEFAULT-HOSTNAME="smartstudy-api-athtbtapcvdjesbe.scm.centralindia-01.azurewebsites.net" X-Forwarded-Proto="https" X-AppService-Proto="https" X-Forwarded-TlsVersion="1.3" X-WAWS-Unencoded-URL="/api/zipdeploy?isAsync=true" >
  <step title="Cleanup Xml Logs" date="2025-12-18T16:58:21.763" >
    <step title="Cleanup Infos" date="2025-12-18T16:58:21.779" totalFiles="202" totalCleanup="42" /><!-- duration: 328ms -->
  </step><!-- duration: 344ms -->
  <step title="ZipPushDeploy" date="2025-12-18T16:58:22.122" >
    <step title="ZipDeploy. Extract zip. " date="2025-12-18T16:58:22.122" /><!-- duration: 16ms -->
    <step title="Starting PushDeployAsync" date="2025-12-18T16:58:22.138" /><!-- duration: 0ms -->
    <step title="Updating shutdown sentinel last write time" date="2025-12-18T16:58:22.154" SemaphoreCount="7" /><!-- duration: 0ms -->
    <step title="LockFile &apos;C:\home\site\locks\deployments.lock&apos; acquired" date="2025-12-18T16:58:22.169" /><!-- duration: 0ms -->
    <step title="Saving request content to C:\local\Temp\zipdeploy\nxwrmf4n.zip" date="2025-12-18T16:58:22.169" >
      <step title="Total 12,490,517 bytes written to C:\local\Temp\zipdeploy\nxwrmf4n.zip" date="2025-12-18T16:58:22.263" /><!-- duration: 0ms -->
    </step><!-- duration: 94ms -->
    <step title="LockFile &apos;C:\home\site\locks\deployments.lock&apos; released" date="2025-12-18T16:58:22.279" /><!-- duration: 0ms -->
    <step title="Deleting shutdown sentinel file" date="2025-12-18T16:58:22.279" SemaphoreCount="8" /><!-- duration: 16ms -->
    <step title="Starting FetchDeploy" date="2025-12-18T16:58:22.294" /><!-- duration: 0ms -->
    <step title="Start deployment in the background" date="2025-12-18T16:58:22.294" /><!-- duration: 63ms -->
  </step><!-- duration: 250ms -->
  <step title="Outgoing response" date="2025-12-18T16:58:22.372" type="response" statusCode="202" statusText="Accepted" Server="Microsoft-IIS/10.0" x-ms-request-id="bd894f67-dc32-11f0-9462-7404f1536f46" Retry-After="30" Cache-Control="private" X-AspNet-Version="4.0.30319" Location="https://smartstudy-api-athtbtapcvdjesbe.scm.centralindia-01.azurewebsites.net/api/deployments/latest?deployer=ZipDeploy&amp;time=2025-12-18_16-58-22Z" /><!-- duration: 0ms -->
</step><!-- duration: 609ms -->
