<step title="BackgroundTrace" date="2025-12-17T12:38:41.082" instance="a6e48b" url="/api/publish" method="POST" >
  <step title="Updating shutdown sentinel last write time" date="2025-12-17T12:38:41.082" SemaphoreCount="7" /><!-- duration: 0ms -->
  <step title="LockFile &apos;C:\home\site\locks\deployments.lock&apos; acquired" date="2025-12-17T12:38:41.098" /><!-- duration: 0ms -->
  <step title="Creating temporary deployment" date="2025-12-17T12:38:41.098" /><!-- duration: 78ms -->
  <step title="Performing fetch based deployment" date="2025-12-17T12:38:41.191" >
    <step title="Fetching changes." date="2025-12-17T12:38:41.254" /><!-- duration: 16ms -->
    <step title="Starting LocalZipHandler" date="2025-12-17T12:38:41.285" /><!-- duration: 0ms -->
    <step title="Cleaning up temp folders from previous zip deployments and extracting pushed zip file C:\local\Temp\zipdeploy\qb3l3dmy.zip (13.17 MB) to C:\local\Temp\zipdeploy\extracted" date="2025-12-17T12:38:41.348" /><!-- duration: 16ms -->
    <step title="Cleaning up temp folders from previous zip deployments and extracting pushed zip file C:\local\Temp\zipdeploy\qb3l3dmy.zip (13.17 MB) to C:\local\Temp\zipdeploy\extracted" date="2025-12-17T12:38:41.379" >
      <step title="Extracting 115 entries to C:\local\Temp\zipdeploy\extracted directory" date="2025-12-17T12:38:41.395" >
        <step title="Extracting to C:\local\Temp\zipdeploy\extracted\appsettings.json ..." date="2025-12-17T12:38:41.395" /><!-- duration: 16ms -->
        <step title="Extracting to C:\local\Temp\zipdeploy\extracted\appsettings.template.json ..." date="2025-12-17T12:38:41.410" /><!-- duration: 0ms -->
        <step title="Extracting to C:\local\Temp\zipdeploy\extracted\Azure.Core.dll ..." date="2025-12-17T12:38:41.426" /><!-- duration: 0ms -->
        <step title="Extracting to C:\local\Temp\zipdeploy\extracted\Azure.Identity.dll ..." date="2025-12-17T12:38:41.441" /><!-- duration: 0ms -->
        <step title="Extracting to C:\local\Temp\zipdeploy\extracted\Azure.Storage.Blobs.dll ..." date="2025-12-17T12:38:41.441" /><!-- duration: 31ms -->
        <step title="Omitting extracting file traces ..." date="2025-12-17T12:38:41.488" /><!-- duration: 16ms -->
      </step><!-- duration: 531ms -->
    </step><!-- duration: 547ms -->
    <step title="Before sending BuildRequestReceived status to /api/updatedeploystatus" date="2025-12-17T12:38:41.941" /><!-- duration: 0ms -->
    <step title="DeploymentManager.Deploy(id:be8ee14b64e34e07aeb622ed1881c19b)" date="2025-12-17T12:38:41.941" >
      <step title="Collecting changeset information" date="2025-12-17T12:38:41.957" /><!-- duration: 31ms -->
      <step title="Updating submodules" date="2025-12-17T12:38:42.004" >
        <step title="Updating submodules." date="2025-12-17T12:38:42.035" /><!-- duration: 0ms -->
      </step><!-- duration: 47ms -->
      <step title="Preparing deployment for commit id &apos;be8ee14b64&apos;." date="2025-12-17T12:38:42.098" /><!-- duration: 0ms -->
      <step title="Determining deployment builder" date="2025-12-17T12:38:42.129" >
        <step title="Builder is OneDeployBuilder" date="2025-12-17T12:38:42.145" /><!-- duration: 0ms -->
      </step><!-- duration: 16ms -->
      <step title="Copying SSH keys" date="2025-12-17T12:38:42.160" /><!-- duration: 78ms -->
      <step title="Building" date="2025-12-17T12:38:42.238" >
        <step title="Running build. Project type: OneDeploy" date="2025-12-17T12:38:42.270" /><!-- duration: 16ms -->
        <step title="Copying the manifest" date="2025-12-17T12:38:42.316" /><!-- duration: 0ms -->
        <step title="Clean deploying to C:\home\site\wwwroot" date="2025-12-17T12:38:42.379" /><!-- duration: 0ms -->
        <step title="Generating deployment script." date="2025-12-17T12:38:42.410" /><!-- duration: 16ms -->
        <step title="Generating deployment script" date="2025-12-17T12:38:42.426" >
          <step title="Using cached version of the deployment script for command: -y --no-dot-deployment -r &quot;C:\local\Temp\zipdeploy\extracted&quot; -o &quot;C:\home\site\deployments\tools&quot; --basic --sitePath &quot;C:\local\Temp\zipdeploy\extracted&quot;" date="2025-12-17T12:38:42.457" /><!-- duration: 0ms -->
          <step title="Using cached version of deployment script (command: &apos;azure -y --no-dot-deployment -r &quot;C:\local\Temp\zipdeploy\extracted&quot; -o &quot;C:\home\site\deployments\tools&quot; --basic --sitePath &quot;C:\local\Temp\zipdeploy\extracted&quot;&apos;)." date="2025-12-17T12:38:42.488" /><!-- duration: 0ms -->
        </step><!-- duration: 63ms -->
        <step title="Running deployment command..." date="2025-12-17T12:38:42.535" /><!-- duration: 0ms -->
        <step title="Command: &quot;C:\home\site\deployments\tools\deploy.cmd&quot;" date="2025-12-17T12:38:42.535" /><!-- duration: 16ms -->
        <step title="Executing external process" date="2025-12-17T12:38:42.551" type="process" path="starter.cmd" arguments="&quot;C:\home\site\deployments\tools\deploy.cmd&quot;" >
          <step title="Handling Basic Web Site deployment." date="2025-12-17T12:38:42.691" /><!-- duration: 16ms -->
          <step title="Creating app_offline.htm" date="2025-12-17T12:38:43.238" /><!-- duration: 16ms -->
          <step title="KuduSync.NET from: &apos;C:\local\Temp\zipdeploy\extracted&apos; to: &apos;C:\home\site\wwwroot&apos;" date="2025-12-17T12:38:43.254" /><!-- duration: 16ms -->
          <step title="Deleting file: &apos;logs\app-20251216.log&apos;" date="2025-12-17T12:38:43.270" /><!-- duration: 16ms -->
          <step title="Deleting file: &apos;logs\app-20251217.log&apos;" date="2025-12-17T12:38:43.285" /><!-- duration: 16ms -->
          <step title="Deleting file: &apos;logs\stdout_20251216134054_17284.log&apos;" date="2025-12-17T12:38:43.301" /><!-- duration: 16ms -->
          <step title="Deleting file: &apos;logs\stdout_20251216142918_14900.log&apos;" date="2025-12-17T12:38:43.316" /><!-- duration: 16ms -->
          <step title="Deleting file: &apos;logs\stdout_20251216160710_8960.log&apos;" date="2025-12-17T12:38:43.332" /><!-- duration: 16ms -->
          <step title="Deleting file: &apos;logs\stdout_20251216161948_14836.log&apos;" date="2025-12-17T12:38:43.348" /><!-- duration: 16ms -->
          <step title="Deleting file: &apos;logs\stdout_20251216172924_6336.log&apos;" date="2025-12-17T12:38:43.379" /><!-- duration: 0ms -->
          <step title="Deleting file: &apos;logs\stdout_20251216185702_10804.log&apos;" date="2025-12-17T12:38:43.395" /><!-- duration: 0ms -->
          <step title="Deleting file: &apos;logs\stdout_20251217010911_14568.log&apos;" date="2025-12-17T12:38:43.395" /><!-- duration: 16ms -->
          <step title="Deleting file: &apos;logs\stdout_20251217051328_16128.log&apos;" date="2025-12-17T12:38:43.410" /><!-- duration: 16ms -->
          <step title="Deleting file: &apos;logs\stdout_20251217111026_17180.log&apos;" date="2025-12-17T12:38:43.426" /><!-- duration: 16ms -->
          <step title="Deleting file: &apos;logs\stdout_20251217121046_1012.log&apos;" date="2025-12-17T12:38:43.457" /><!-- duration: 0ms -->
          <step title="Deleting directory: &apos;logs&apos;" date="2025-12-17T12:38:43.473" /><!-- duration: 0ms -->
          <step title="Copying file: &apos;appsettings.json&apos;" date="2025-12-17T12:38:43.504" /><!-- duration: 0ms -->
          <step title="Copying file: &apos;appsettings.template.json&apos;" date="2025-12-17T12:38:43.520" /><!-- duration: 0ms -->
          <step title="Copying file: &apos;Azure.Core.dll&apos;" date="2025-12-17T12:38:43.535" /><!-- duration: 0ms -->
          <step title="Copying file: &apos;Azure.Identity.dll&apos;" date="2025-12-17T12:38:43.551" /><!-- duration: 0ms -->
          <step title="Copying file: &apos;Azure.Storage.Blobs.dll&apos;" date="2025-12-17T12:38:43.566" /><!-- duration: 0ms -->
          <step title="Copying file: &apos;Azure.Storage.Common.dll&apos;" date="2025-12-17T12:38:43.582" /><!-- duration: 0ms -->
          <step title="Copying file: &apos;Azure.Storage.Queues.dll&apos;" date="2025-12-17T12:38:43.613" /><!-- duration: 16ms -->
          <step title="Copying file: &apos;Google.Api.CommonProtos.dll&apos;" date="2025-12-17T12:38:43.629" /><!-- duration: 16ms -->
          <step title="Copying file: &apos;Google.Api.Gax.dll&apos;" date="2025-12-17T12:38:43.645" /><!-- duration: 16ms -->
          <step title="Copying file: &apos;Google.Api.Gax.Grpc.dll&apos;" date="2025-12-17T12:38:43.660" /><!-- duration: 16ms -->
          <step title="Copying file: &apos;Google.Apis.Auth.dll&apos;" date="2025-12-17T12:38:43.676" /><!-- duration: 16ms -->
          <step title="Copying file: &apos;Google.Apis.Core.dll&apos;" date="2025-12-17T12:38:43.691" /><!-- duration: 0ms -->
          <step title="Copying file: &apos;Google.Apis.dll&apos;" date="2025-12-17T12:38:43.723" /><!-- duration: 0ms -->
          <step title="Copying file: &apos;Google.Cloud.Vision.V1.dll&apos;" date="2025-12-17T12:38:43.738" /><!-- duration: 0ms -->
          <step title="Copying file: &apos;Google.LongRunning.dll&apos;" date="2025-12-17T12:38:43.754" /><!-- duration: 0ms -->
          <step title="Copying file: &apos;Google.Protobuf.dll&apos;" date="2025-12-17T12:38:43.770" /><!-- duration: 0ms -->
          <step title="Copying file: &apos;Grpc.Auth.dll&apos;" date="2025-12-17T12:38:43.770" /><!-- duration: 16ms -->
          <step title="Copying file: &apos;Grpc.Core.Api.dll&apos;" date="2025-12-17T12:38:43.785" /><!-- duration: 16ms -->
          <step title="Copying file: &apos;Grpc.Net.Client.dll&apos;" date="2025-12-17T12:38:43.816" /><!-- duration: 0ms -->
          <step title="Copying file: &apos;Grpc.Net.Common.dll&apos;" date="2025-12-17T12:38:43.832" /><!-- duration: 0ms -->
          <step title="Copying file: &apos;Microsoft.AspNetCore.Authentication.JwtBearer.dll&apos;" date="2025-12-17T12:38:43.848" /><!-- duration: 0ms -->
          <step title="Copying file: &apos;Microsoft.AspNetCore.OpenApi.dll&apos;" date="2025-12-17T12:38:43.863" /><!-- duration: 0ms -->
          <step title="Copying file: &apos;Microsoft.Bcl.AsyncInterfaces.dll&apos;" date="2025-12-17T12:38:43.879" /><!-- duration: 16ms -->
          <step title="Copying file: &apos;Microsoft.Data.SqlClient.dll&apos;" date="2025-12-17T12:38:43.895" /><!-- duration: 16ms -->
          <step title="Copying file: &apos;Microsoft.EntityFrameworkCore.Abstractions.dll&apos;" date="2025-12-17T12:38:43.910" /><!-- duration: 16ms -->
          <step title="Copying file: &apos;Microsoft.EntityFrameworkCore.dll&apos;" date="2025-12-17T12:38:43.941" /><!-- duration: 0ms -->
          <step title="Copying file: &apos;Microsoft.EntityFrameworkCore.InMemory.dll&apos;" date="2025-12-17T12:38:43.957" /><!-- duration: 16ms -->
          <step title="Copying file: &apos;Microsoft.EntityFrameworkCore.Relational.dll&apos;" date="2025-12-17T12:38:43.988" /><!-- duration: 0ms -->
          <step title="Copying file: &apos;Microsoft.EntityFrameworkCore.SqlServer.dll&apos;" date="2025-12-17T12:38:44.004" /><!-- duration: 0ms -->
          <step title="Copying file: &apos;Microsoft.Extensions.Caching.Memory.dll&apos;" date="2025-12-17T12:38:44.004" /><!-- duration: 47ms -->
          <step title="Copying file: &apos;Microsoft.Extensions.DependencyInjection.Abstractions.dll&apos;" date="2025-12-17T12:38:44.066" /><!-- duration: 16ms -->
          <step title="Copying file: &apos;Microsoft.Extensions.DependencyInjection.dll&apos;" date="2025-12-17T12:38:44.082" /><!-- duration: 16ms -->
          <step title="Copying file: &apos;Microsoft.Extensions.DependencyModel.dll&apos;" date="2025-12-17T12:38:44.098" /><!-- duration: 16ms -->
          <step title="Copying file: &apos;Microsoft.Extensions.Logging.Abstractions.dll&apos;" date="2025-12-17T12:38:44.113" /><!-- duration: 16ms -->
          <step title="Copying file: &apos;Microsoft.Extensions.Logging.dll&apos;" date="2025-12-17T12:38:44.145" /><!-- duration: 0ms -->
          <step title="Omitting next output lines..." date="2025-12-17T12:38:44.160" /><!-- duration: 0ms -->
          <step title="Finished successfully." date="2025-12-17T12:38:46.488" /><!-- duration: 0ms -->
        </step><!-- duration: 3953ms -->
        <step title="Build completed succesfully." date="2025-12-17T12:38:46.535" /><!-- duration: 16ms -->
        <step title="Running post deployment command(s)..." date="2025-12-17T12:38:46.598" /><!-- duration: 16ms -->
        <step title="Requesting site restart" date="2025-12-17T12:38:46.645" /><!-- duration: 16ms -->
        <step title="Requesting site restart" date="2025-12-17T12:38:46.660" /><!-- duration: 16ms -->
        <step title="Requesting site restart. Attempt #1" date="2025-12-17T12:38:46.707" /><!-- duration: 16ms -->
        <step title="Requesting site restart. Attempt #1" date="2025-12-17T12:38:46.723" /><!-- duration: 0ms -->
        <step title="Successfully requested a restart. Attempt #1" date="2025-12-17T12:38:47.051" /><!-- duration: 0ms -->
        <step title="Successfully requested a restart. Attempt #1" date="2025-12-17T12:38:47.051" /><!-- duration: 16ms -->
        <step title="Deployment successful. DEPLOYMENTINFO: deploymentPath = OneDeploy, deployer = OneDeploy, os = windows, sku = Free, siteName = smartstudy-api, siteHostName = smartstudy-api-athtbtapcvdjesbe.centralindia-01.azurewebsites.net, deploymentStatus = Success" date="2025-12-17T12:38:47.098" /><!-- duration: 0ms -->
        <step title="Purge deployment items" date="2025-12-17T12:38:47.176" >
          <step title="Remove c76ca3b31, Success, received at 12/14/2025 12:32:55 PM" date="2025-12-17T12:38:47.270" /><!-- duration: 0ms -->
        </step><!-- duration: 109ms -->
      </step><!-- duration: 5063ms -->
    </step><!-- duration: 5360ms -->
    <step title="Cleaning up temp files" date="2025-12-17T12:38:47.317" /><!-- duration: 0ms -->
    <step title="Skip function trigger and logicapp sync because function is not enabled." date="2025-12-17T12:38:47.317" /><!-- duration: 16ms -->
  </step><!-- duration: 6172ms -->
  <step title="LockFile &apos;C:\home\site\locks\deployments.lock&apos; released" date="2025-12-17T12:38:47.379" /><!-- duration: 0ms -->
  <step title="Deleting shutdown sentinel file" date="2025-12-17T12:38:47.395" SemaphoreCount="8" /><!-- duration: 0ms -->
</step><!-- duration: 6313ms -->
