<step title="Incoming Request" date="2025-12-17T18:54:20.254" instance="a6e48b" url="/api/publish?type=zip" method="POST" type="request" pid="3164,2,133" Cache-Control="no-cache" Content-Length="12476262" Content-Type="application/octet-stream" Accept="*/*" Accept-Encoding="gzip, deflate" Authorization="Bea..." Host="smartstudy-api-athtbtapcvdjesbe.scm.centralindia-01.azurewebsites.net" User-Agent="AZURECLI/2.80.0 (MSI)" x-ms-client-request-id="c80b4f20-db79-11f0-a189-7404f1536f46" X-ARR-LOG-ID="c80b4f20-db79-11f0-a189-7404f1536f46" CLIENT-IP="38.254.185.243:62147" X-SITE-DEPLOYMENT-ID="smartstudy-api" WAS-DEFAULT-HOSTNAME="smartstudy-api-athtbtapcvdjesbe.scm.centralindia-01.azurewebsites.net" X-Forwarded-Proto="https" X-AppService-Proto="https" X-Forwarded-TlsVersion="1.3" X-WAWS-Unencoded-URL="/api/publish?type=zip" >
  <step title="Cleanup Xml Logs" date="2025-12-17T18:54:20.254" /><!-- duration: 16ms -->
  <step title="OneDeploy" date="2025-12-17T18:54:20.285" >
    <step title="Starting PushDeployAsync" date="2025-12-17T18:54:20.285" /><!-- duration: 0ms -->
    <step title="Updating shutdown sentinel last write time" date="2025-12-17T18:54:20.301" SemaphoreCount="7" /><!-- duration: 0ms -->
    <step title="LockFile &apos;C:\home\site\locks\deployments.lock&apos; acquired" date="2025-12-17T18:54:20.316" /><!-- duration: 0ms -->
    <step title="Saving request content to C:\local\Temp\zipdeploy\2wtfq11v.zip" date="2025-12-17T18:54:20.316" >
      <step title="Total 12,476,262 bytes written to C:\local\Temp\zipdeploy\2wtfq11v.zip" date="2025-12-17T18:54:20.379" /><!-- duration: 0ms -->
    </step><!-- duration: 63ms -->
    <step title="LockFile &apos;C:\home\site\locks\deployments.lock&apos; released" date="2025-12-17T18:54:20.394" /><!-- duration: 0ms -->
    <step title="Deleting shutdown sentinel file" date="2025-12-17T18:54:20.410" SemaphoreCount="8" /><!-- duration: 0ms -->
    <step title="Starting FetchDeploy" date="2025-12-17T18:54:20.410" /><!-- duration: 0ms -->
    <step title="Attempting to fetch target branch HEAD" date="2025-12-17T18:54:20.426" /><!-- duration: 0ms -->
    <step title="Updating shutdown sentinel last write time" date="2025-12-17T18:54:20.426" SemaphoreCount="7" /><!-- duration: 0ms -->
    <step title="LockFile &apos;C:\home\site\locks\deployments.lock&apos; acquired" date="2025-12-17T18:54:20.441" /><!-- duration: 0ms -->
    <step title="Performing fetch based deployment" date="2025-12-17T18:54:20.441" >
      <step title="Creating temporary deployment" date="2025-12-17T18:54:20.457" /><!-- duration: 31ms -->
      <step title="Fetching changes." date="2025-12-17T18:54:20.519" /><!-- duration: 0ms -->
      <step title="Starting LocalZipHandler" date="2025-12-17T18:54:20.535" /><!-- duration: 0ms -->
      <step title="Starting LocalZipFetch" date="2025-12-17T18:54:20.535" /><!-- duration: 0ms -->
      <step title="Cleaning up temp folders from previous zip deployments and extracting pushed zip file C:\local\Temp\zipdeploy\2wtfq11v.zip (11.90 MB) to C:\local\Temp\zipdeploy\extracted" date="2025-12-17T18:54:20.551" /><!-- duration: 0ms -->
      <step title="Cleaning up temp folders from previous zip deployments and extracting pushed zip file C:\local\Temp\zipdeploy\2wtfq11v.zip (11.90 MB) to C:\local\Temp\zipdeploy\extracted" date="2025-12-17T18:54:20.566" >
        <step title="Renaming extractTargetDirectory(C:\local\Temp\zipdeploy\extracted) to tempDirectory(C:\local\Temp\zipdeploy\ne5myxxk.shk)" date="2025-12-17T18:54:20.566" /><!-- duration: 0ms -->
        <step title="Extracting 107 entries to C:\local\Temp\zipdeploy\extracted directory" date="2025-12-17T18:54:20.582" >
          <step title="Extracting to C:\local\Temp\zipdeploy\extracted\runtimes\unix\lib\net6.0\Microsoft.Data.SqlClient.dll ..." date="2025-12-17T18:54:20.582" /><!-- duration: 31ms -->
          <step title="Extracting to C:\local\Temp\zipdeploy\extracted\runtimes\unix\lib\net6.0\System.Drawing.Common.dll ..." date="2025-12-17T18:54:20.613" /><!-- duration: 16ms -->
          <step title="Extracting to C:\local\Temp\zipdeploy\extracted\runtimes\win\lib\net6.0\Microsoft.Data.SqlClient.dll ..." date="2025-12-17T18:54:20.629" /><!-- duration: 16ms -->
          <step title="Extracting to C:\local\Temp\zipdeploy\extracted\runtimes\win\lib\net6.0\Microsoft.Win32.SystemEvents.dll ..." date="2025-12-17T18:54:20.644" /><!-- duration: 16ms -->
          <step title="Extracting to C:\local\Temp\zipdeploy\extracted\runtimes\win\lib\net6.0\System.Drawing.Common.dll ..." date="2025-12-17T18:54:20.660" /><!-- duration: 16ms -->
          <step title="Omitting extracting file traces ..." date="2025-12-17T18:54:20.676" /><!-- duration: 0ms -->
        </step><!-- duration: 484ms -->
      </step><!-- duration: 500ms -->
      <step title="None repository commit" date="2025-12-17T18:54:21.066" >
        <step title="Commit id: c431c1f87b6f4a4b9c0818cf74578fc8" date="2025-12-17T18:54:21.082" Message="OneDeploy" AuthorName="N/A" AuthorEmail="N/A" /><!-- duration: 0ms -->
      </step><!-- duration: 16ms -->
      <step title="Before sending BuildRequestReceived status to /api/updatedeploystatus" date="2025-12-17T18:54:21.082" /><!-- duration: 16ms -->
      <step title="DeploymentManager.Deploy(id:c431c1f87b6f4a4b9c0818cf74578fc8)" date="2025-12-17T18:54:21.098" >
        <step title="Collecting changeset information" date="2025-12-17T18:54:21.098" /><!-- duration: 47ms -->
        <step title="Updating submodules" date="2025-12-17T18:54:21.144" >
          <step title="Updating submodules." date="2025-12-17T18:54:21.176" /><!-- duration: 0ms -->
        </step><!-- duration: 47ms -->
        <step title="Preparing deployment for commit id &apos;c431c1f87b&apos;." date="2025-12-17T18:54:21.223" /><!-- duration: 0ms -->
        <step title="Determining deployment builder" date="2025-12-17T18:54:21.269" >
          <step title="Builder is OneDeployBuilder" date="2025-12-17T18:54:21.269" /><!-- duration: 0ms -->
        </step><!-- duration: 16ms -->
        <step title="Copying SSH keys" date="2025-12-17T18:54:21.301" /><!-- duration: 0ms -->
        <step title="Building" date="2025-12-17T18:54:21.301" >
          <step title="Running build. Project type: OneDeploy" date="2025-12-17T18:54:21.348" /><!-- duration: 0ms -->
          <step title="Copying the manifest" date="2025-12-17T18:54:21.394" /><!-- duration: 0ms -->
          <step title="Clean deploying to C:\home\site\wwwroot" date="2025-12-17T18:54:21.457" /><!-- duration: 0ms -->
          <step title="Generating deployment script." date="2025-12-17T18:54:21.535" /><!-- duration: 0ms -->
          <step title="Generating deployment script" date="2025-12-17T18:54:21.551" >
            <step title="Using cached version of the deployment script for command: -y --no-dot-deployment -r &quot;C:\local\Temp\zipdeploy\extracted&quot; -o &quot;C:\home\site\deployments\tools&quot; --basic --sitePath &quot;C:\local\Temp\zipdeploy\extracted&quot;" date="2025-12-17T18:54:21.567" /><!-- duration: 0ms -->
            <step title="Using cached version of deployment script (command: &apos;azure -y --no-dot-deployment -r &quot;C:\local\Temp\zipdeploy\extracted&quot; -o &quot;C:\home\site\deployments\tools&quot; --basic --sitePath &quot;C:\local\Temp\zipdeploy\extracted&quot;&apos;)." date="2025-12-17T18:54:21.582" /><!-- duration: 16ms -->
          </step><!-- duration: 63ms -->
          <step title="Running deployment command..." date="2025-12-17T18:54:21.645" /><!-- duration: 0ms -->
          <step title="Command: &quot;C:\home\site\deployments\tools\deploy.cmd&quot;" date="2025-12-17T18:54:21.660" /><!-- duration: 0ms -->
          <step title="Executing external process" date="2025-12-17T18:54:21.676" type="process" path="starter.cmd" arguments="&quot;C:\home\site\deployments\tools\deploy.cmd&quot;" >
            <step title="Handling Basic Web Site deployment." date="2025-12-17T18:54:21.801" /><!-- duration: 16ms -->
            <step title="Creating app_offline.htm" date="2025-12-17T18:54:24.660" /><!-- duration: 16ms -->
            <step title="KuduSync.NET from: &apos;C:\local\Temp\zipdeploy\extracted&apos; to: &apos;C:\home\site\wwwroot&apos;" date="2025-12-17T18:54:24.676" /><!-- duration: 16ms -->
            <step title="Deleting file: &apos;logs\app-20251217.log&apos;" date="2025-12-17T18:54:24.707" /><!-- duration: 0ms -->
            <step title="Deleting file: &apos;logs\stdout_20251217184726_7676.log&apos;" date="2025-12-17T18:54:24.723" /><!-- duration: 0ms -->
            <step title="Deleting directory: &apos;logs&apos;" date="2025-12-17T18:54:24.723" /><!-- duration: 16ms -->
            <step title="Copying file: &apos;SchoolAiChatbotBackend.dll&apos;" date="2025-12-17T18:54:24.754" /><!-- duration: 0ms -->
            <step title="Copying file: &apos;SchoolAiChatbotBackend.exe&apos;" date="2025-12-17T18:54:24.754" /><!-- duration: 16ms -->
            <step title="Copying file: &apos;SchoolAiChatbotBackend.pdb&apos;" date="2025-12-17T18:54:24.785" /><!-- duration: 0ms -->
            <step title="Deleting app_offline.htm" date="2025-12-17T18:54:24.801" /><!-- duration: 0ms -->
            <step title="Finished successfully." date="2025-12-17T18:54:24.816" /><!-- duration: 0ms -->
          </step><!-- duration: 3156ms -->
          <step title="Build completed succesfully." date="2025-12-17T18:54:24.863" /><!-- duration: 0ms -->
          <step title="Running post deployment command(s)..." date="2025-12-17T18:54:24.911" /><!-- duration: 0ms -->
          <step title="Requesting site restart" date="2025-12-17T18:54:24.942" /><!-- duration: 16ms -->
          <step title="Requesting site restart" date="2025-12-17T18:54:24.957" /><!-- duration: 16ms -->
          <step title="Requesting site restart. Attempt #1" date="2025-12-17T18:54:25.004" /><!-- duration: 0ms -->
          <step title="Requesting site restart. Attempt #1" date="2025-12-17T18:54:25.004" /><!-- duration: 16ms -->
          <step title="Successfully requested a restart. Attempt #1" date="2025-12-17T18:54:25.114" /><!-- duration: 16ms -->
          <step title="Successfully requested a restart. Attempt #1" date="2025-12-17T18:54:25.129" /><!-- duration: 0ms -->
          <step title="Deployment successful. DEPLOYMENTINFO: deploymentPath = OneDeploy, deployer = OneDeploy, os = windows, sku = Free, siteName = smartstudy-api, siteHostName = smartstudy-api-athtbtapcvdjesbe.centralindia-01.azurewebsites.net, deploymentStatus = Success" date="2025-12-17T18:54:25.207" /><!-- duration: 0ms -->
          <step title="Purge deployment items" date="2025-12-17T18:54:25.301" >
            <step title="Remove 1a6db7e02, Success, received at 12/14/2025 3:39:37 PM" date="2025-12-17T18:54:25.348" /><!-- duration: 0ms -->
          </step><!-- duration: 63ms -->
        </step><!-- duration: 4079ms -->
      </step><!-- duration: 4282ms -->
      <step title="Cleaning up temp files" date="2025-12-17T18:54:25.379" /><!-- duration: 16ms -->
      <step title="Skip function trigger and logicapp sync because function is not enabled." date="2025-12-17T18:54:25.395" /><!-- duration: 16ms -->
    </step><!-- duration: 5000ms -->
    <step title="LockFile &apos;C:\home\site\locks\deployments.lock&apos; released" date="2025-12-17T18:54:25.442" /><!-- duration: 16ms -->
    <step title="Deleting shutdown sentinel file" date="2025-12-17T18:54:25.457" SemaphoreCount="8" /><!-- duration: 0ms -->
  </step><!-- duration: 5188ms -->
  <step title="Outgoing response" date="2025-12-17T18:54:25.473" type="response" statusCode="200" statusText="OK" Server="Microsoft-IIS/10.0" x-ms-request-id="c80b4f20-db79-11f0-a189-7404f1536f46" Cache-Control="private" X-AspNet-Version="4.0.30319" /><!-- duration: 0ms -->
</step><!-- duration: 5219ms -->
