﻿<?xml version="1.0" encoding="utf-8"?>
<deployment>
  <id>c38bb055bae846f9b7a6ea9e3d420dff</id>
  <author>N/A</author>
  <deployer>ZipDeploy</deployer>
  <authorEmail>N/A</authorEmail>
  <message>Created via a push deployment</message>
  <progress></progress>
  <status>Success</status>
  <statusText></statusText>
  <lastSuccessEndTime>2025-12-18T09:19:14.1868593Z</lastSuccessEndTime>
  <receivedTime>2025-12-18T09:19:10.8117589Z</receivedTime>
  <startTime>2025-12-18T09:19:10.952366Z</startTime>
  <endTime>2025-12-18T09:19:14.1868593Z</endTime>
  <complete>True</complete>
  <is_temp>False</is_temp>
  <is_readonly>True</is_readonly>
  <project_type>BASIC</project_type>
  <vsproject_id></vsproject_id>
</deployment>