﻿<?xml version="1.0" encoding="utf-8"?>
<deployment>
  <id>ba88f5aa70b24d8ea6e3e827ca7f2f10</id>
  <author>N/A</author>
  <deployer>OneDeploy</deployer>
  <authorEmail>N/A</authorEmail>
  <message>OneDeploy</message>
  <progress></progress>
  <status>Success</status>
  <statusText></statusText>
  <lastSuccessEndTime>2025-12-14T12:57:36.4829257Z</lastSuccessEndTime>
  <receivedTime>2025-12-14T12:57:31.6539402Z</receivedTime>
  <startTime>2025-12-14T12:57:31.8570707Z</startTime>
  <endTime>2025-12-14T12:57:36.4829257Z</endTime>
  <complete>True</complete>
  <is_temp>False</is_temp>
  <is_readonly>True</is_readonly>
  <project_type>OneDeploy</project_type>
  <vsproject_id></vsproject_id>
</deployment>