﻿<?xml version="1.0" encoding="utf-8"?>
<deployment>
  <id>e2b6e1587acf42838f9f81f4401acee9</id>
  <author>N/A</author>
  <deployer>OneDeploy</deployer>
  <authorEmail>N/A</authorEmail>
  <message>OneDeploy</message>
  <progress></progress>
  <status>Success</status>
  <statusText></statusText>
  <lastSuccessEndTime>2025-12-19T13:17:48.7074406Z</lastSuccessEndTime>
  <receivedTime>2025-12-19T13:17:44.8166972Z</receivedTime>
  <startTime>2025-12-19T13:17:44.9573273Z</startTime>
  <endTime>2025-12-19T13:17:48.7074406Z</endTime>
  <complete>True</complete>
  <is_temp>False</is_temp>
  <is_readonly>True</is_readonly>
  <project_type>OneDeploy</project_type>
  <vsproject_id></vsproject_id>
</deployment>