﻿<?xml version="1.0" encoding="utf-8"?>
<deployment>
  <id>dfff447f17a0473db73dcd33b0589415</id>
  <author>N/A</author>
  <deployer>OneDeploy</deployer>
  <authorEmail>N/A</authorEmail>
  <message>OneDeploy</message>
  <progress></progress>
  <status>Success</status>
  <statusText></statusText>
  <lastSuccessEndTime>2025-12-17T18:42:09.5708155Z</lastSuccessEndTime>
  <receivedTime>2025-12-17T18:42:05.7112743Z</receivedTime>
  <startTime>2025-12-17T18:42:05.8518908Z</startTime>
  <endTime>2025-12-17T18:42:09.5708155Z</endTime>
  <complete>True</complete>
  <is_temp>False</is_temp>
  <is_readonly>True</is_readonly>
  <project_type>OneDeploy</project_type>
  <vsproject_id></vsproject_id>
</deployment>