﻿<?xml version="1.0" encoding="utf-8"?>
<deployment>
  <id>c76ca3b314c74e4babd37402e6a141bb</id>
  <author>N/A</author>
  <deployer>OneDeploy</deployer>
  <authorEmail>N/A</authorEmail>
  <message>OneDeploy</message>
  <progress></progress>
  <status>Success</status>
  <statusText></statusText>
  <lastSuccessEndTime>2025-12-14T12:33:01.2372429Z</lastSuccessEndTime>
  <receivedTime>2025-12-14T12:32:55.9978395Z</receivedTime>
  <startTime>2025-12-14T12:32:56.1228439Z</startTime>
  <endTime>2025-12-14T12:33:01.2372429Z</endTime>
  <complete>True</complete>
  <is_temp>False</is_temp>
  <is_readonly>True</is_readonly>
  <project_type>OneDeploy</project_type>
  <vsproject_id></vsproject_id>
</deployment>