﻿<?xml version="1.0" encoding="utf-8"?>
<deployment>
  <id>1481c687c82f446d9f41ed7475daa965</id>
  <author>N/A</author>
  <deployer>ZipDeploy</deployer>
  <authorEmail>N/A</authorEmail>
  <message>Created via a push deployment</message>
  <progress></progress>
  <status>Success</status>
  <statusText></statusText>
  <lastSuccessEndTime>2025-12-18T08:35:26.4297393Z</lastSuccessEndTime>
  <receivedTime>2025-12-18T08:35:23.070264Z</receivedTime>
  <startTime>2025-12-18T08:35:23.195254Z</startTime>
  <endTime>2025-12-18T08:35:26.4297393Z</endTime>
  <complete>True</complete>
  <is_temp>False</is_temp>
  <is_readonly>True</is_readonly>
  <project_type>BASIC</project_type>
  <vsproject_id></vsproject_id>
</deployment>