﻿<?xml version="1.0" encoding="utf-8"?>
<deployment>
  <id>29ae4cd134824f54bfc8d65574f02cf7</id>
  <author>N/A</author>
  <deployer>OneDeploy</deployer>
  <authorEmail>N/A</authorEmail>
  <message>OneDeploy</message>
  <progress></progress>
  <status>Success</status>
  <statusText></statusText>
  <lastSuccessEndTime>2025-12-14T15:07:44.2389198Z</lastSuccessEndTime>
  <receivedTime>2025-12-14T15:07:39.3004077Z</receivedTime>
  <startTime>2025-12-14T15:07:39.4254128Z</startTime>
  <endTime>2025-12-14T15:07:44.2389198Z</endTime>
  <complete>True</complete>
  <is_temp>False</is_temp>
  <is_readonly>True</is_readonly>
  <project_type>OneDeploy</project_type>
  <vsproject_id></vsproject_id>
</deployment>