﻿<?xml version="1.0" encoding="utf-8"?>
<deployment>
  <id>c431c1f87b6f4a4b9c0818cf74578fc8</id>
  <author>N/A</author>
  <deployer>OneDeploy</deployer>
  <authorEmail>N/A</authorEmail>
  <message>OneDeploy</message>
  <progress></progress>
  <status>Success</status>
  <statusText></statusText>
  <lastSuccessEndTime>2025-12-17T18:54:25.2235574Z</lastSuccessEndTime>
  <receivedTime>2025-12-17T18:54:21.1137447Z</receivedTime>
  <startTime>2025-12-17T18:54:21.2543616Z</startTime>
  <endTime>2025-12-17T18:54:25.2235574Z</endTime>
  <complete>True</complete>
  <is_temp>False</is_temp>
  <is_readonly>True</is_readonly>
  <project_type>OneDeploy</project_type>
  <vsproject_id></vsproject_id>
</deployment>