{"TimeStamp":"2025-12-18T11:04:16Z","SiteName":"smartstudy-api","RequestId":"3ab2460c-dc01-11f0-9b5f-7404f1536f46","Kind":"OneDeploy","Status":"Success","Details":"{\"Id\":\"c2e7b079fae9417c94ad74d9a2a1a475\",\"Status\":4,\"StatusText\":\"\",\"AuthorEmail\":\"N/A\",\"Author\":\"N/A\",\"Message\":\"OneDeploy\",\"Progress\":\"\",\"Deployer\":\"OneDeploy\",\"ReceivedTime\":\"2025-12-18T11:04:14.8350245Z\",\"StartTime\":\"2025-12-18T11:04:14.9444007Z\",\"EndTime\":\"2025-12-18T11:04:16.085063Z\",\"LastSuccessEndTime\":\"2025-12-18T11:04:16.085063Z\",\"Complete\":true,\"IsTemporary\":false,\"IsReadOnly\":true,\"SiteName\":\"smartstudy-api\",\"HostName\":\"smartstudy-api-athtbtapcvdjesbe.scm.centralindia-01.azurewebsites.net\",\"ProjectType\":\"OneDeploy\",\"VsProjectId\":null}"}