﻿<?xml version="1.0" encoding="utf-8"?>
<deployment>
  <id>56a482a3a1384fe6b30ff5e1c59299f5</id>
  <author>N/A</author>
  <deployer>OneDeploy</deployer>
  <authorEmail>N/A</authorEmail>
  <message>OneDeploy</message>
  <progress></progress>
  <status>Success</status>
  <statusText></statusText>
  <lastSuccessEndTime>2025-12-14T13:37:18.6989773Z</lastSuccessEndTime>
  <receivedTime>2025-12-14T13:37:13.6987656Z</receivedTime>
  <startTime>2025-12-14T13:37:13.8393984Z</startTime>
  <endTime>2025-12-14T13:37:18.6989773Z</endTime>
  <complete>True</complete>
  <is_temp>False</is_temp>
  <is_readonly>True</is_readonly>
  <project_type>OneDeploy</project_type>
  <vsproject_id></vsproject_id>
</deployment>