﻿<?xml version="1.0" encoding="utf-8"?>
<deployment>
  <id>4f43c3eca63d4210a05d0f16e3792765</id>
  <author>N/A</author>
  <deployer>OneDeploy</deployer>
  <authorEmail>N/A</authorEmail>
  <message>OneDeploy</message>
  <progress></progress>
  <status>Success</status>
  <statusText></statusText>
  <lastSuccessEndTime>2025-12-19T13:36:08.5672954Z</lastSuccessEndTime>
  <receivedTime>2025-12-19T13:36:04.8001127Z</receivedTime>
  <startTime>2025-12-19T13:36:04.9251111Z</startTime>
  <endTime>2025-12-19T13:36:08.5672954Z</endTime>
  <complete>True</complete>
  <is_temp>False</is_temp>
  <is_readonly>True</is_readonly>
  <project_type>OneDeploy</project_type>
  <vsproject_id></vsproject_id>
</deployment>