{"TimeStamp":"2025-12-15T07:36:39Z","SiteName":"smartstudy-api","RequestId":"c0b09beb-d988-11f0-895b-7404f1536f46","Kind":"OneDeploy","Status":"Success","Details":"{\"Id\":\"51606648a67e4e1e84ecadf664262d95\",\"Status\":4,\"StatusText\":\"\",\"AuthorEmail\":\"N/A\",\"Author\":\"N/A\",\"Message\":\"OneDeploy\",\"Progress\":\"\",\"Deployer\":\"OneDeploy\",\"ReceivedTime\":\"2025-12-15T07:36:31.5017637Z\",\"StartTime\":\"2025-12-15T07:36:31.6892622Z\",\"EndTime\":\"2025-12-15T07:36:39.0488974Z\",\"LastSuccessEndTime\":\"2025-12-15T07:36:39.0488974Z\",\"Complete\":true,\"IsTemporary\":false,\"IsReadOnly\":true,\"SiteName\":\"smartstudy-api\",\"HostName\":\"smartstudy-api-athtbtapcvdjesbe.scm.centralindia-01.azurewebsites.net\",\"ProjectType\":\"OneDeploy\",\"VsProjectId\":null}"}