<step title="BackgroundTrace" date="2025-12-19T11:27:51.843" instance="a6e48b" url="/api/publish" method="POST" >
  <step title="Updating shutdown sentinel last write time" date="2025-12-19T11:27:51.843" SemaphoreCount="7" /><!-- duration: 0ms -->
  <step title="LockFile &apos;C:\home\site\locks\deployments.lock&apos; acquired" date="2025-12-19T11:27:51.859" /><!-- duration: 0ms -->
  <step title="Creating temporary deployment" date="2025-12-19T11:27:51.859" /><!-- duration: 47ms -->
  <step title="Performing fetch based deployment" date="2025-12-19T11:27:51.905" >
    <step title="Fetching changes." date="2025-12-19T11:27:51.952" /><!-- duration: 16ms -->
    <step title="Starting LocalZipHandler" date="2025-12-19T11:27:51.984" /><!-- duration: 16ms -->
    <step title="Cleaning up temp folders from previous zip deployments and extracting pushed zip file C:\local\Temp\zipdeploy\ukvf5gkf.zip (13.20 MB) to C:\local\Temp\zipdeploy\extracted" date="2025-12-19T11:27:52.015" /><!-- duration: 16ms -->
    <step title="Cleaning up temp folders from previous zip deployments and extracting pushed zip file C:\local\Temp\zipdeploy\ukvf5gkf.zip (13.20 MB) to C:\local\Temp\zipdeploy\extracted" date="2025-12-19T11:27:52.030" >
      <step title="Extracting 115 entries to C:\local\Temp\zipdeploy\extracted directory" date="2025-12-19T11:27:52.046" >
        <step title="Extracting to C:\local\Temp\zipdeploy\extracted\appsettings.json ..." date="2025-12-19T11:27:52.046" /><!-- duration: 16ms -->
        <step title="Extracting to C:\local\Temp\zipdeploy\extracted\appsettings.template.json ..." date="2025-12-19T11:27:52.062" /><!-- duration: 0ms -->
        <step title="Extracting to C:\local\Temp\zipdeploy\extracted\Azure.Core.dll ..." date="2025-12-19T11:27:52.077" /><!-- duration: 0ms -->
        <step title="Extracting to C:\local\Temp\zipdeploy\extracted\Azure.Identity.dll ..." date="2025-12-19T11:27:52.077" /><!-- duration: 16ms -->
        <step title="Extracting to C:\local\Temp\zipdeploy\extracted\Azure.Storage.Blobs.dll ..." date="2025-12-19T11:27:52.093" /><!-- duration: 16ms -->
        <step title="Omitting extracting file traces ..." date="2025-12-19T11:27:52.124" /><!-- duration: 0ms -->
      </step><!-- duration: 531ms -->
    </step><!-- duration: 563ms -->
    <step title="Before sending BuildRequestReceived status to /api/updatedeploystatus" date="2025-12-19T11:27:52.593" /><!-- duration: 0ms -->
    <step title="DeploymentManager.Deploy(id:ba33c7d6e9de4f9fb9870d391436df00)" date="2025-12-19T11:27:52.609" >
      <step title="Collecting changeset information" date="2025-12-19T11:27:52.609" /><!-- duration: 31ms -->
      <step title="Updating submodules" date="2025-12-19T11:27:52.656" >
        <step title="Updating submodules." date="2025-12-19T11:27:52.687" /><!-- duration: 0ms -->
      </step><!-- duration: 47ms -->
      <step title="Preparing deployment for commit id &apos;ba33c7d6e9&apos;." date="2025-12-19T11:27:52.734" /><!-- duration: 16ms -->
      <step title="Determining deployment builder" date="2025-12-19T11:27:52.781" >
        <step title="Builder is OneDeployBuilder" date="2025-12-19T11:27:52.796" /><!-- duration: 0ms -->
      </step><!-- duration: 16ms -->
      <step title="Copying SSH keys" date="2025-12-19T11:27:52.812" /><!-- duration: 16ms -->
      <step title="Building" date="2025-12-19T11:27:52.827" >
        <step title="Running build. Project type: OneDeploy" date="2025-12-19T11:27:52.859" /><!-- duration: 0ms -->
        <step title="Copying the manifest" date="2025-12-19T11:27:52.890" /><!-- duration: 16ms -->
        <step title="Clean deploying to C:\home\site\wwwroot" date="2025-12-19T11:27:52.952" /><!-- duration: 16ms -->
        <step title="Generating deployment script." date="2025-12-19T11:27:52.999" /><!-- duration: 16ms -->
        <step title="Generating deployment script" date="2025-12-19T11:27:53.015" >
          <step title="Using cached version of the deployment script for command: -y --no-dot-deployment -r &quot;C:\local\Temp\zipdeploy\extracted&quot; -o &quot;C:\home\site\deployments\tools&quot; --basic --sitePath &quot;C:\local\Temp\zipdeploy\extracted&quot;" date="2025-12-19T11:27:53.031" /><!-- duration: 0ms -->
          <step title="Using cached version of deployment script (command: &apos;azure -y --no-dot-deployment -r &quot;C:\local\Temp\zipdeploy\extracted&quot; -o &quot;C:\home\site\deployments\tools&quot; --basic --sitePath &quot;C:\local\Temp\zipdeploy\extracted&quot;&apos;)." date="2025-12-19T11:27:53.062" /><!-- duration: 0ms -->
        </step><!-- duration: 47ms -->
        <step title="Running deployment command..." date="2025-12-19T11:27:53.093" /><!-- duration: 16ms -->
        <step title="Command: &quot;C:\home\site\deployments\tools\deploy.cmd&quot;" date="2025-12-19T11:27:53.109" /><!-- duration: 0ms -->
        <step title="Executing external process" date="2025-12-19T11:27:53.124" type="process" path="starter.cmd" arguments="&quot;C:\home\site\deployments\tools\deploy.cmd&quot;" >
          <step title="Handling Basic Web Site deployment." date="2025-12-19T11:27:53.265" /><!-- duration: 0ms -->
          <step title="Creating app_offline.htm" date="2025-12-19T11:27:53.874" /><!-- duration: 16ms -->
          <step title="KuduSync.NET from: &apos;C:\local\Temp\zipdeploy\extracted&apos; to: &apos;C:\home\site\wwwroot&apos;" date="2025-12-19T11:27:53.890" /><!-- duration: 0ms -->
          <step title="Deleting file: &apos;logs\app-20251219.log&apos;" date="2025-12-19T11:27:53.906" /><!-- duration: 0ms -->
          <step title="Deleting file: &apos;logs\stdout_20251219095431_16980.log&apos;" date="2025-12-19T11:27:53.921" /><!-- duration: 0ms -->
          <step title="Deleting file: &apos;logs\stdout_20251219095512_20340.log&apos;" date="2025-12-19T11:27:53.937" /><!-- duration: 0ms -->
          <step title="Deleting file: &apos;logs\stdout_20251219110554_21328.log&apos;" date="2025-12-19T11:27:53.952" /><!-- duration: 0ms -->
          <step title="Deleting directory: &apos;logs&apos;" date="2025-12-19T11:27:53.952" /><!-- duration: 16ms -->
          <step title="Copying file: &apos;appsettings.json&apos;" date="2025-12-19T11:27:53.968" /><!-- duration: 16ms -->
          <step title="Copying file: &apos;appsettings.template.json&apos;" date="2025-12-19T11:27:53.984" /><!-- duration: 16ms -->
          <step title="Copying file: &apos;Azure.Core.dll&apos;" date="2025-12-19T11:27:53.999" /><!-- duration: 0ms -->
          <step title="Copying file: &apos;Azure.Identity.dll&apos;" date="2025-12-19T11:27:54.015" /><!-- duration: 0ms -->
          <step title="Copying file: &apos;Azure.Storage.Blobs.dll&apos;" date="2025-12-19T11:27:54.031" /><!-- duration: 0ms -->
          <step title="Copying file: &apos;Azure.Storage.Common.dll&apos;" date="2025-12-19T11:27:54.031" /><!-- duration: 16ms -->
          <step title="Copying file: &apos;Azure.Storage.Queues.dll&apos;" date="2025-12-19T11:27:54.046" /><!-- duration: 0ms -->
          <step title="Copying file: &apos;Google.Api.CommonProtos.dll&apos;" date="2025-12-19T11:27:54.062" /><!-- duration: 0ms -->
          <step title="Copying file: &apos;Google.Api.Gax.dll&apos;" date="2025-12-19T11:27:54.062" /><!-- duration: 16ms -->
          <step title="Copying file: &apos;Google.Api.Gax.Grpc.dll&apos;" date="2025-12-19T11:27:54.077" /><!-- duration: 0ms -->
          <step title="Copying file: &apos;Google.Apis.Auth.dll&apos;" date="2025-12-19T11:27:54.093" /><!-- duration: 0ms -->
          <step title="Copying file: &apos;Google.Apis.Core.dll&apos;" date="2025-12-19T11:27:54.109" /><!-- duration: 16ms -->
          <step title="Copying file: &apos;Google.Apis.dll&apos;" date="2025-12-19T11:27:54.124" /><!-- duration: 0ms -->
          <step title="Copying file: &apos;Google.Cloud.Vision.V1.dll&apos;" date="2025-12-19T11:27:54.140" /><!-- duration: 0ms -->
          <step title="Copying file: &apos;Google.LongRunning.dll&apos;" date="2025-12-19T11:27:54.140" /><!-- duration: 16ms -->
          <step title="Copying file: &apos;Google.Protobuf.dll&apos;" date="2025-12-19T11:27:54.156" /><!-- duration: 0ms -->
          <step title="Copying file: &apos;Grpc.Auth.dll&apos;" date="2025-12-19T11:27:54.171" /><!-- duration: 0ms -->
          <step title="Copying file: &apos;Grpc.Core.Api.dll&apos;" date="2025-12-19T11:27:54.171" /><!-- duration: 16ms -->
          <step title="Copying file: &apos;Grpc.Net.Client.dll&apos;" date="2025-12-19T11:27:54.187" /><!-- duration: 0ms -->
          <step title="Copying file: &apos;Grpc.Net.Common.dll&apos;" date="2025-12-19T11:27:54.202" /><!-- duration: 0ms -->
          <step title="Copying file: &apos;Microsoft.AspNetCore.Authentication.JwtBearer.dll&apos;" date="2025-12-19T11:27:54.218" /><!-- duration: 0ms -->
          <step title="Copying file: &apos;Microsoft.AspNetCore.OpenApi.dll&apos;" date="2025-12-19T11:27:54.234" /><!-- duration: 0ms -->
          <step title="Copying file: &apos;Microsoft.Bcl.AsyncInterfaces.dll&apos;" date="2025-12-19T11:27:54.234" /><!-- duration: 16ms -->
          <step title="Copying file: &apos;Microsoft.Data.SqlClient.dll&apos;" date="2025-12-19T11:27:54.249" /><!-- duration: 0ms -->
          <step title="Copying file: &apos;Microsoft.EntityFrameworkCore.Abstractions.dll&apos;" date="2025-12-19T11:27:54.265" /><!-- duration: 0ms -->
          <step title="Copying file: &apos;Microsoft.EntityFrameworkCore.dll&apos;" date="2025-12-19T11:27:54.265" /><!-- duration: 16ms -->
          <step title="Copying file: &apos;Microsoft.EntityFrameworkCore.InMemory.dll&apos;" date="2025-12-19T11:27:54.281" /><!-- duration: 16ms -->
          <step title="Copying file: &apos;Microsoft.EntityFrameworkCore.Relational.dll&apos;" date="2025-12-19T11:27:54.296" /><!-- duration: 16ms -->
          <step title="Copying file: &apos;Microsoft.EntityFrameworkCore.SqlServer.dll&apos;" date="2025-12-19T11:27:54.312" /><!-- duration: 16ms -->
          <step title="Copying file: &apos;Microsoft.Extensions.Caching.Memory.dll&apos;" date="2025-12-19T11:27:54.327" /><!-- duration: 16ms -->
          <step title="Copying file: &apos;Microsoft.Extensions.DependencyInjection.Abstractions.dll&apos;" date="2025-12-19T11:27:54.343" /><!-- duration: 0ms -->
          <step title="Copying file: &apos;Microsoft.Extensions.DependencyInjection.dll&apos;" date="2025-12-19T11:27:54.359" /><!-- duration: 0ms -->
          <step title="Copying file: &apos;Microsoft.Extensions.DependencyModel.dll&apos;" date="2025-12-19T11:27:54.374" /><!-- duration: 0ms -->
          <step title="Copying file: &apos;Microsoft.Extensions.Logging.Abstractions.dll&apos;" date="2025-12-19T11:27:54.390" /><!-- duration: 0ms -->
          <step title="Copying file: &apos;Microsoft.Extensions.Logging.dll&apos;" date="2025-12-19T11:27:54.406" /><!-- duration: 0ms -->
          <step title="Copying file: &apos;Microsoft.Extensions.Options.dll&apos;" date="2025-12-19T11:27:54.406" /><!-- duration: 16ms -->
          <step title="Copying file: &apos;Microsoft.Identity.Client.dll&apos;" date="2025-12-19T11:27:54.437" /><!-- duration: 0ms -->
          <step title="Copying file: &apos;Microsoft.Identity.Client.Extensions.Msal.dll&apos;" date="2025-12-19T11:27:54.437" /><!-- duration: 16ms -->
          <step title="Copying file: &apos;Microsoft.IdentityModel.Abstractions.dll&apos;" date="2025-12-19T11:27:54.453" /><!-- duration: 0ms -->
          <step title="Copying file: &apos;Microsoft.IdentityModel.JsonWebTokens.dll&apos;" date="2025-12-19T11:27:54.468" /><!-- duration: 0ms -->
          <step title="Copying file: &apos;Microsoft.IdentityModel.Logging.dll&apos;" date="2025-12-19T11:27:54.484" /><!-- duration: 0ms -->
          <step title="Copying file: &apos;Microsoft.IdentityModel.Protocols.dll&apos;" date="2025-12-19T11:27:54.499" /><!-- duration: 0ms -->
          <step title="Copying file: &apos;Microsoft.IdentityModel.Protocols.OpenIdConnect.dll&apos;" date="2025-12-19T11:27:54.499" /><!-- duration: 16ms -->
          <step title="Omitting next output lines..." date="2025-12-19T11:27:54.531" /><!-- duration: 16ms -->
          <step title="Finished successfully." date="2025-12-19T11:27:55.953" /><!-- duration: 0ms -->
        </step><!-- duration: 2844ms -->
        <step title="Build completed succesfully." date="2025-12-19T11:27:55.999" /><!-- duration: 0ms -->
        <step title="Running post deployment command(s)..." date="2025-12-19T11:27:56.031" /><!-- duration: 0ms -->
        <step title="Requesting site restart" date="2025-12-19T11:27:56.078" /><!-- duration: 16ms -->
        <step title="Requesting site restart" date="2025-12-19T11:27:56.093" /><!-- duration: 0ms -->
        <step title="Requesting site restart. Attempt #1" date="2025-12-19T11:27:56.140" /><!-- duration: 0ms -->
        <step title="Requesting site restart. Attempt #1" date="2025-12-19T11:27:56.140" /><!-- duration: 0ms -->
        <step title="Successfully requested a restart. Attempt #1" date="2025-12-19T11:27:56.437" /><!-- duration: 16ms -->
        <step title="Successfully requested a restart. Attempt #1" date="2025-12-19T11:27:56.453" /><!-- duration: 0ms -->
        <step title="Deployment successful. DEPLOYMENTINFO: deploymentPath = OneDeploy, deployer = OneDeploy, os = windows, sku = Free, siteName = smartstudy-api, siteHostName = smartstudy-api-athtbtapcvdjesbe.centralindia-01.azurewebsites.net, deploymentStatus = Success" date="2025-12-19T11:27:56.484" /><!-- duration: 16ms -->
        <step title="Purge deployment items" date="2025-12-19T11:27:56.593" >
          <step title="Remove 79c486f26, Success, received at 12/18/2025 1:30:40 PM" date="2025-12-19T11:27:56.640" /><!-- duration: 0ms -->
        </step><!-- duration: 63ms -->
      </step><!-- duration: 3844ms -->
    </step><!-- duration: 4063ms -->
    <step title="Cleaning up temp files" date="2025-12-19T11:27:56.671" /><!-- duration: 16ms -->
    <step title="Skip function trigger and logicapp sync because function is not enabled." date="2025-12-19T11:27:56.687" /><!-- duration: 31ms -->
  </step><!-- duration: 4844ms -->
  <step title="LockFile &apos;C:\home\site\locks\deployments.lock&apos; released" date="2025-12-19T11:27:56.765" /><!-- duration: 0ms -->
  <step title="Deleting shutdown sentinel file" date="2025-12-19T11:27:56.765" SemaphoreCount="8" /><!-- duration: 0ms -->
</step><!-- duration: 4938ms -->
