<step title="Incoming Request" date="2025-12-19T13:27:00.534" instance="a6e48b" url="/api/publish?type=zip" method="POST" type="request" pid="6112,2,55" Cache-Control="no-cache" Content-Length="12505257" Content-Type="application/octet-stream" Accept="*/*" Accept-Encoding="gzip, deflate" Authorization="Bea..." Host="smartstudy-api-athtbtapcvdjesbe.scm.centralindia-01.azurewebsites.net" User-Agent="AZURECLI/2.80.0 (MSI)" x-ms-client-request-id="61ff600f-dcde-11f0-8ea3-7404f1536f46" X-ARR-LOG-ID="61ff600f-dcde-11f0-8ea3-7404f1536f46" CLIENT-IP="38.254.185.239:65054" X-SITE-DEPLOYMENT-ID="smartstudy-api" WAS-DEFAULT-HOSTNAME="smartstudy-api-athtbtapcvdjesbe.scm.centralindia-01.azurewebsites.net" X-Forwarded-Proto="https" X-AppService-Proto="https" X-Forwarded-TlsVersion="1.3" X-WAWS-Unencoded-URL="/api/publish?type=zip" >
  <step title="Cleanup Xml Logs" date="2025-12-19T13:27:00.534" /><!-- duration: 16ms -->
  <step title="OneDeploy" date="2025-12-19T13:27:00.549" >
    <step title="Starting PushDeployAsync" date="2025-12-19T13:27:00.565" /><!-- duration: 0ms -->
    <step title="Updating shutdown sentinel last write time" date="2025-12-19T13:27:00.581" SemaphoreCount="7" /><!-- duration: 0ms -->
    <step title="LockFile &apos;C:\home\site\locks\deployments.lock&apos; acquired" date="2025-12-19T13:27:00.596" /><!-- duration: 0ms -->
    <step title="Saving request content to C:\local\Temp\zipdeploy\ktmc1j0t.zip" date="2025-12-19T13:27:00.596" >
      <step title="Total 12,505,257 bytes written to C:\local\Temp\zipdeploy\ktmc1j0t.zip" date="2025-12-19T13:27:01.487" /><!-- duration: 16ms -->
    </step><!-- duration: 906ms -->
    <step title="LockFile &apos;C:\home\site\locks\deployments.lock&apos; released" date="2025-12-19T13:27:01.503" /><!-- duration: 16ms -->
    <step title="Deleting shutdown sentinel file" date="2025-12-19T13:27:01.518" SemaphoreCount="8" /><!-- duration: 0ms -->
    <step title="Starting FetchDeploy" date="2025-12-19T13:27:01.534" /><!-- duration: 0ms -->
    <step title="Attempting to fetch target branch HEAD" date="2025-12-19T13:27:01.534" /><!-- duration: 0ms -->
    <step title="Updating shutdown sentinel last write time" date="2025-12-19T13:27:01.549" SemaphoreCount="7" /><!-- duration: 0ms -->
    <step title="LockFile &apos;C:\home\site\locks\deployments.lock&apos; acquired" date="2025-12-19T13:27:01.565" /><!-- duration: 0ms -->
    <step title="Performing fetch based deployment" date="2025-12-19T13:27:01.565" >
      <step title="Creating temporary deployment" date="2025-12-19T13:27:01.565" /><!-- duration: 31ms -->
      <step title="Fetching changes." date="2025-12-19T13:27:01.628" /><!-- duration: 0ms -->
      <step title="Starting LocalZipHandler" date="2025-12-19T13:27:01.643" /><!-- duration: 16ms -->
      <step title="Starting LocalZipFetch" date="2025-12-19T13:27:01.659" /><!-- duration: 0ms -->
      <step title="Cleaning up temp folders from previous zip deployments and extracting pushed zip file C:\local\Temp\zipdeploy\ktmc1j0t.zip (11.93 MB) to C:\local\Temp\zipdeploy\extracted" date="2025-12-19T13:27:01.674" /><!-- duration: 0ms -->
      <step title="Cleaning up temp folders from previous zip deployments and extracting pushed zip file C:\local\Temp\zipdeploy\ktmc1j0t.zip (11.93 MB) to C:\local\Temp\zipdeploy\extracted" date="2025-12-19T13:27:01.690" >
        <step title="Renaming extractTargetDirectory(C:\local\Temp\zipdeploy\extracted) to tempDirectory(C:\local\Temp\zipdeploy\dd1ssju2.q2n)" date="2025-12-19T13:27:01.690" /><!-- duration: 0ms -->
        <step title="Extracting 107 entries to C:\local\Temp\zipdeploy\extracted directory" date="2025-12-19T13:27:01.706" >
          <step title="Extracting to C:\local\Temp\zipdeploy\extracted\runtimes\unix\lib\net6.0\Microsoft.Data.SqlClient.dll ..." date="2025-12-19T13:27:01.706" /><!-- duration: 16ms -->
          <step title="Extracting to C:\local\Temp\zipdeploy\extracted\runtimes\unix\lib\net6.0\System.Drawing.Common.dll ..." date="2025-12-19T13:27:01.737" /><!-- duration: 0ms -->
          <step title="Extracting to C:\local\Temp\zipdeploy\extracted\runtimes\win\lib\net6.0\Microsoft.Data.SqlClient.dll ..." date="2025-12-19T13:27:01.737" /><!-- duration: 31ms -->
          <step title="Extracting to C:\local\Temp\zipdeploy\extracted\runtimes\win\lib\net6.0\Microsoft.Win32.SystemEvents.dll ..." date="2025-12-19T13:27:01.768" /><!-- duration: 0ms -->
          <step title="Extracting to C:\local\Temp\zipdeploy\extracted\runtimes\win\lib\net6.0\System.Drawing.Common.dll ..." date="2025-12-19T13:27:01.784" /><!-- duration: 0ms -->
          <step title="Omitting extracting file traces ..." date="2025-12-19T13:27:01.784" /><!-- duration: 16ms -->
        </step><!-- duration: 484ms -->
      </step><!-- duration: 500ms -->
      <step title="None repository commit" date="2025-12-19T13:27:02.190" >
        <step title="Commit id: 866e951485f04082bff941d4ac82ed56" date="2025-12-19T13:27:02.190" Message="OneDeploy" AuthorName="N/A" AuthorEmail="N/A" /><!-- duration: 16ms -->
      </step><!-- duration: 16ms -->
      <step title="Before sending BuildRequestReceived status to /api/updatedeploystatus" date="2025-12-19T13:27:02.206" /><!-- duration: 16ms -->
      <step title="DeploymentManager.Deploy(id:866e951485f04082bff941d4ac82ed56)" date="2025-12-19T13:27:02.221" >
        <step title="Collecting changeset information" date="2025-12-19T13:27:02.221" /><!-- duration: 47ms -->
        <step title="Updating submodules" date="2025-12-19T13:27:02.268" >
          <step title="Updating submodules." date="2025-12-19T13:27:02.299" /><!-- duration: 16ms -->
        </step><!-- duration: 47ms -->
        <step title="Preparing deployment for commit id &apos;866e951485&apos;." date="2025-12-19T13:27:02.346" /><!-- duration: 16ms -->
        <step title="Determining deployment builder" date="2025-12-19T13:27:02.393" >
          <step title="Builder is OneDeployBuilder" date="2025-12-19T13:27:02.409" /><!-- duration: 0ms -->
        </step><!-- duration: 16ms -->
        <step title="Copying SSH keys" date="2025-12-19T13:27:02.424" /><!-- duration: 16ms -->
        <step title="Building" date="2025-12-19T13:27:02.440" >
          <step title="Running build. Project type: OneDeploy" date="2025-12-19T13:27:02.471" /><!-- duration: 0ms -->
          <step title="Copying the manifest" date="2025-12-19T13:27:02.518" /><!-- duration: 0ms -->
          <step title="Clean deploying to C:\home\site\wwwroot" date="2025-12-19T13:27:02.581" /><!-- duration: 0ms -->
          <step title="Generating deployment script." date="2025-12-19T13:27:02.628" /><!-- duration: 0ms -->
          <step title="Generating deployment script" date="2025-12-19T13:27:02.628" >
            <step title="Using cached version of the deployment script for command: -y --no-dot-deployment -r &quot;C:\local\Temp\zipdeploy\extracted&quot; -o &quot;C:\home\site\deployments\tools&quot; --basic --sitePath &quot;C:\local\Temp\zipdeploy\extracted&quot;" date="2025-12-19T13:27:02.643" /><!-- duration: 0ms -->
            <step title="Using cached version of deployment script (command: &apos;azure -y --no-dot-deployment -r &quot;C:\local\Temp\zipdeploy\extracted&quot; -o &quot;C:\home\site\deployments\tools&quot; --basic --sitePath &quot;C:\local\Temp\zipdeploy\extracted&quot;&apos;)." date="2025-12-19T13:27:02.675" /><!-- duration: 0ms -->
          </step><!-- duration: 63ms -->
          <step title="Running deployment command..." date="2025-12-19T13:27:02.737" /><!-- duration: 0ms -->
          <step title="Command: &quot;C:\home\site\deployments\tools\deploy.cmd&quot;" date="2025-12-19T13:27:02.753" /><!-- duration: 0ms -->
          <step title="Executing external process" date="2025-12-19T13:27:02.753" type="process" path="starter.cmd" arguments="&quot;C:\home\site\deployments\tools\deploy.cmd&quot;" >
            <step title="Handling Basic Web Site deployment." date="2025-12-19T13:27:02.878" /><!-- duration: 0ms -->
            <step title="Creating app_offline.htm" date="2025-12-19T13:27:05.487" /><!-- duration: 0ms -->
            <step title="KuduSync.NET from: &apos;C:\local\Temp\zipdeploy\extracted&apos; to: &apos;C:\home\site\wwwroot&apos;" date="2025-12-19T13:27:05.503" /><!-- duration: 0ms -->
            <step title="Deleting file: &apos;logs\app-20251219.log&apos;" date="2025-12-19T13:27:05.518" /><!-- duration: 0ms -->
            <step title="Deleting file: &apos;logs\stdout_20251219132449_9004.log&apos;" date="2025-12-19T13:27:05.534" /><!-- duration: 0ms -->
            <step title="Deleting directory: &apos;logs&apos;" date="2025-12-19T13:27:05.550" /><!-- duration: 0ms -->
            <step title="Copying file: &apos;SchoolAiChatbotBackend.dll&apos;" date="2025-12-19T13:27:05.565" /><!-- duration: 0ms -->
            <step title="Copying file: &apos;SchoolAiChatbotBackend.exe&apos;" date="2025-12-19T13:27:05.581" /><!-- duration: 0ms -->
            <step title="Copying file: &apos;SchoolAiChatbotBackend.pdb&apos;" date="2025-12-19T13:27:05.597" /><!-- duration: 0ms -->
            <step title="Deleting app_offline.htm" date="2025-12-19T13:27:05.628" /><!-- duration: 0ms -->
            <step title="Finished successfully." date="2025-12-19T13:27:05.643" /><!-- duration: 0ms -->
          </step><!-- duration: 2907ms -->
          <step title="Build completed succesfully." date="2025-12-19T13:27:05.690" /><!-- duration: 0ms -->
          <step title="Running post deployment command(s)..." date="2025-12-19T13:27:05.737" /><!-- duration: 0ms -->
          <step title="Requesting site restart" date="2025-12-19T13:27:05.784" /><!-- duration: 0ms -->
          <step title="Requesting site restart" date="2025-12-19T13:27:05.800" /><!-- duration: 0ms -->
          <step title="Requesting site restart. Attempt #1" date="2025-12-19T13:27:05.831" /><!-- duration: 0ms -->
          <step title="Requesting site restart. Attempt #1" date="2025-12-19T13:27:05.847" /><!-- duration: 0ms -->
          <step title="Successfully requested a restart. Attempt #1" date="2025-12-19T13:27:05.956" /><!-- duration: 16ms -->
          <step title="Successfully requested a restart. Attempt #1" date="2025-12-19T13:27:05.972" /><!-- duration: 16ms -->
          <step title="Deployment successful. DEPLOYMENTINFO: deploymentPath = OneDeploy, deployer = OneDeploy, os = windows, sku = Free, siteName = smartstudy-api, siteHostName = smartstudy-api-athtbtapcvdjesbe.centralindia-01.azurewebsites.net, deploymentStatus = Success" date="2025-12-19T13:27:06.018" /><!-- duration: 0ms -->
          <step title="Purge deployment items" date="2025-12-19T13:27:06.128" >
            <step title="Remove 36cb5f94f, Success, received at 12/19/2025 9:54:20 AM" date="2025-12-19T13:27:06.175" /><!-- duration: 0ms -->
          </step><!-- duration: 63ms -->
        </step><!-- duration: 3782ms -->
      </step><!-- duration: 4016ms -->
      <step title="Cleaning up temp files" date="2025-12-19T13:27:06.237" /><!-- duration: 16ms -->
      <step title="Skip function trigger and logicapp sync because function is not enabled." date="2025-12-19T13:27:06.253" /><!-- duration: 0ms -->
    </step><!-- duration: 4735ms -->
    <step title="LockFile &apos;C:\home\site\locks\deployments.lock&apos; released" date="2025-12-19T13:27:06.300" /><!-- duration: 16ms -->
    <step title="Deleting shutdown sentinel file" date="2025-12-19T13:27:06.315" SemaphoreCount="8" /><!-- duration: 0ms -->
  </step><!-- duration: 5782ms -->
  <step title="Outgoing response" date="2025-12-19T13:27:06.331" type="response" statusCode="200" statusText="OK" Server="Microsoft-IIS/10.0" x-ms-request-id="61ff600f-dcde-11f0-8ea3-7404f1536f46" Cache-Control="private" X-AspNet-Version="4.0.30319" /><!-- duration: 0ms -->
</step><!-- duration: 5797ms -->
