<step title="BackgroundTrace" date="2025-12-18T11:33:33.447" instance="a6e48b" url="/api/publish" method="POST" >
  <step title="Updating shutdown sentinel last write time" date="2025-12-18T11:33:33.447" SemaphoreCount="7" /><!-- duration: 0ms -->
  <step title="LockFile &apos;C:\home\site\locks\deployments.lock&apos; acquired" date="2025-12-18T11:33:33.463" /><!-- duration: 0ms -->
  <step title="Creating temporary deployment" date="2025-12-18T11:33:33.463" /><!-- duration: 31ms -->
  <step title="Performing fetch based deployment" date="2025-12-18T11:33:33.510" >
    <step title="Fetching changes." date="2025-12-18T11:33:33.572" /><!-- duration: 16ms -->
    <step title="Starting LocalZipHandler" date="2025-12-18T11:33:33.588" /><!-- duration: 0ms -->
    <step title="Cleaning up temp folders from previous zip deployments and extracting pushed zip file C:\local\Temp\zipdeploy\udj3px5q.zip (11.91 MB) to C:\local\Temp\zipdeploy\extracted" date="2025-12-18T11:33:33.619" /><!-- duration: 16ms -->
    <step title="Cleaning up temp folders from previous zip deployments and extracting pushed zip file C:\local\Temp\zipdeploy\udj3px5q.zip (11.91 MB) to C:\local\Temp\zipdeploy\extracted" date="2025-12-18T11:33:33.635" >
      <step title="Extracting 107 entries to C:\local\Temp\zipdeploy\extracted directory" date="2025-12-18T11:33:33.650" >
        <step title="Extracting to C:\local\Temp\zipdeploy\extracted\runtimes\unix\lib\net6.0\Microsoft.Data.SqlClient.dll ..." date="2025-12-18T11:33:33.650" /><!-- duration: 31ms -->
        <step title="Extracting to C:\local\Temp\zipdeploy\extracted\runtimes\unix\lib\net6.0\System.Drawing.Common.dll ..." date="2025-12-18T11:33:33.682" /><!-- duration: 16ms -->
        <step title="Extracting to C:\local\Temp\zipdeploy\extracted\runtimes\win\lib\net6.0\Microsoft.Data.SqlClient.dll ..." date="2025-12-18T11:33:33.697" /><!-- duration: 31ms -->
        <step title="Extracting to C:\local\Temp\zipdeploy\extracted\runtimes\win\lib\net6.0\Microsoft.Win32.SystemEvents.dll ..." date="2025-12-18T11:33:33.728" /><!-- duration: 0ms -->
        <step title="Extracting to C:\local\Temp\zipdeploy\extracted\runtimes\win\lib\net6.0\System.Drawing.Common.dll ..." date="2025-12-18T11:33:33.728" /><!-- duration: 16ms -->
        <step title="Omitting extracting file traces ..." date="2025-12-18T11:33:33.744" /><!-- duration: 16ms -->
      </step><!-- duration: 500ms -->
    </step><!-- duration: 516ms -->
    <step title="Before sending BuildRequestReceived status to /api/updatedeploystatus" date="2025-12-18T11:33:34.150" /><!-- duration: 0ms -->
    <step title="DeploymentManager.Deploy(id:03df5be65f454001b4a75267d660e051)" date="2025-12-18T11:33:34.166" >
      <step title="Collecting changeset information" date="2025-12-18T11:33:34.182" /><!-- duration: 31ms -->
      <step title="Updating submodules" date="2025-12-18T11:33:34.213" >
        <step title="Updating submodules." date="2025-12-18T11:33:34.260" /><!-- duration: 16ms -->
      </step><!-- duration: 63ms -->
      <step title="Preparing deployment for commit id &apos;03df5be65f&apos;." date="2025-12-18T11:33:34.307" /><!-- duration: 0ms -->
      <step title="Determining deployment builder" date="2025-12-18T11:33:34.338" >
        <step title="Builder is OneDeployBuilder" date="2025-12-18T11:33:34.353" /><!-- duration: 0ms -->
      </step><!-- duration: 16ms -->
      <step title="Copying SSH keys" date="2025-12-18T11:33:34.385" /><!-- duration: 0ms -->
      <step title="Building" date="2025-12-18T11:33:34.385" >
        <step title="Running build. Project type: OneDeploy" date="2025-12-18T11:33:34.432" /><!-- duration: 0ms -->
        <step title="Copying the manifest" date="2025-12-18T11:33:34.463" /><!-- duration: 0ms -->
        <step title="Clean deploying to C:\home\site\wwwroot" date="2025-12-18T11:33:34.510" /><!-- duration: 0ms -->
        <step title="Generating deployment script." date="2025-12-18T11:33:34.557" /><!-- duration: 0ms -->
        <step title="Generating deployment script" date="2025-12-18T11:33:34.557" >
          <step title="Using cached version of the deployment script for command: -y --no-dot-deployment -r &quot;C:\local\Temp\zipdeploy\extracted&quot; -o &quot;C:\home\site\deployments\tools&quot; --basic --sitePath &quot;C:\local\Temp\zipdeploy\extracted&quot;" date="2025-12-18T11:33:34.572" /><!-- duration: 0ms -->
          <step title="Using cached version of deployment script (command: &apos;azure -y --no-dot-deployment -r &quot;C:\local\Temp\zipdeploy\extracted&quot; -o &quot;C:\home\site\deployments\tools&quot; --basic --sitePath &quot;C:\local\Temp\zipdeploy\extracted&quot;&apos;)." date="2025-12-18T11:33:34.603" /><!-- duration: 0ms -->
        </step><!-- duration: 47ms -->
        <step title="Running deployment command..." date="2025-12-18T11:33:34.666" /><!-- duration: 0ms -->
        <step title="Command: &quot;C:\home\site\deployments\tools\deploy.cmd&quot;" date="2025-12-18T11:33:34.682" /><!-- duration: 0ms -->
        <step title="Executing external process" date="2025-12-18T11:33:34.682" type="process" path="starter.cmd" arguments="&quot;C:\home\site\deployments\tools\deploy.cmd&quot;" >
          <step title="Handling Basic Web Site deployment." date="2025-12-18T11:33:34.807" /><!-- duration: 0ms -->
          <step title="Creating app_offline.htm" date="2025-12-18T11:33:37.400" /><!-- duration: 0ms -->
          <step title="KuduSync.NET from: &apos;C:\local\Temp\zipdeploy\extracted&apos; to: &apos;C:\home\site\wwwroot&apos;" date="2025-12-18T11:33:37.416" /><!-- duration: 0ms -->
          <step title="Deleting file: &apos;logs\app-20251218.log&apos;" date="2025-12-18T11:33:37.432" /><!-- duration: 0ms -->
          <step title="Deleting file: &apos;logs\stdout_20251218110447_19340.log&apos;" date="2025-12-18T11:33:37.432" /><!-- duration: 0ms -->
          <step title="Deleting file: &apos;logs\stdout_20251218112220_17648.log&apos;" date="2025-12-18T11:33:37.447" /><!-- duration: 0ms -->
          <step title="Deleting directory: &apos;logs&apos;" date="2025-12-18T11:33:37.463" /><!-- duration: 0ms -->
          <step title="Copying file: &apos;SchoolAiChatbotBackend.dll&apos;" date="2025-12-18T11:33:37.479" /><!-- duration: 0ms -->
          <step title="Copying file: &apos;SchoolAiChatbotBackend.exe&apos;" date="2025-12-18T11:33:37.494" /><!-- duration: 0ms -->
          <step title="Copying file: &apos;SchoolAiChatbotBackend.pdb&apos;" date="2025-12-18T11:33:37.494" /><!-- duration: 16ms -->
          <step title="Deleting app_offline.htm" date="2025-12-18T11:33:37.510" /><!-- duration: 0ms -->
          <step title="Finished successfully." date="2025-12-18T11:33:37.525" /><!-- duration: 0ms -->
        </step><!-- duration: 2844ms -->
        <step title="Build completed succesfully." date="2025-12-18T11:33:37.572" /><!-- duration: 0ms -->
        <step title="Running post deployment command(s)..." date="2025-12-18T11:33:37.619" /><!-- duration: 0ms -->
        <step title="Requesting site restart" date="2025-12-18T11:33:37.666" /><!-- duration: 16ms -->
        <step title="Requesting site restart" date="2025-12-18T11:33:37.682" /><!-- duration: 0ms -->
        <step title="Requesting site restart. Attempt #1" date="2025-12-18T11:33:37.729" /><!-- duration: 0ms -->
        <step title="Requesting site restart. Attempt #1" date="2025-12-18T11:33:37.729" /><!-- duration: 0ms -->
        <step title="Successfully requested a restart. Attempt #1" date="2025-12-18T11:33:38.057" /><!-- duration: 0ms -->
        <step title="Successfully requested a restart. Attempt #1" date="2025-12-18T11:33:38.057" /><!-- duration: 0ms -->
        <step title="Deployment successful. DEPLOYMENTINFO: deploymentPath = OneDeploy, deployer = OneDeploy, os = windows, sku = Free, siteName = smartstudy-api, siteHostName = smartstudy-api-athtbtapcvdjesbe.centralindia-01.azurewebsites.net, deploymentStatus = Success" date="2025-12-18T11:33:38.104" /><!-- duration: 0ms -->
        <step title="Purge deployment items" date="2025-12-18T11:33:38.244" >
          <step title="Remove 5e5791d80, Success, received at 12/17/2025 10:28:53 PM" date="2025-12-18T11:33:38.307" /><!-- duration: 0ms -->
        </step><!-- duration: 63ms -->
      </step><!-- duration: 3938ms -->
    </step><!-- duration: 4172ms -->
    <step title="Cleaning up temp files" date="2025-12-18T11:33:38.338" /><!-- duration: 0ms -->
    <step title="Skip function trigger and logicapp sync because function is not enabled." date="2025-12-18T11:33:38.354" /><!-- duration: 0ms -->
  </step><!-- duration: 4875ms -->
  <step title="LockFile &apos;C:\home\site\locks\deployments.lock&apos; released" date="2025-12-18T11:33:38.400" /><!-- duration: 0ms -->
  <step title="Deleting shutdown sentinel file" date="2025-12-18T11:33:38.416" SemaphoreCount="8" /><!-- duration: 0ms -->
</step><!-- duration: 4969ms -->
