<step title="Incoming Request" date="2025-12-18T17:46:24.138" instance="a6e48b" url="/api/zipdeploy?isAsync=true" method="POST" type="request" pid="17280,2,19" Cache-Control="no-cache" Content-Length="12488660" Content-Type="application/octet-stream" Accept="*/*" Accept-Encoding="gzip, deflate" Authorization="Bea..." Host="smartstudy-api-athtbtapcvdjesbe.scm.centralindia-01.azurewebsites.net" User-Agent="AZURECLI/2.80.0 (MSI)" x-ms-client-request-id="74c8d709-dc39-11f0-8584-7404f1536f46" X-ARR-LOG-ID="74c8d709-dc39-11f0-8584-7404f1536f46" CLIENT-IP="38.254.185.239:52387" X-SITE-DEPLOYMENT-ID="smartstudy-api" WAS-DEFAULT-HOSTNAME="smartstudy-api-athtbtapcvdjesbe.scm.centralindia-01.azurewebsites.net" X-Forwarded-Proto="https" X-AppService-Proto="https" X-Forwarded-TlsVersion="1.3" X-WAWS-Unencoded-URL="/api/zipdeploy?isAsync=true" >
  <step title="Cleanup Xml Logs" date="2025-12-18T17:46:24.154" /><!-- duration: 0ms -->
  <step title="ZipPushDeploy" date="2025-12-18T17:46:24.247" >
    <step title="ZipDeploy. Extract zip. " date="2025-12-18T17:46:24.263" /><!-- duration: 0ms -->
    <step title="Starting PushDeployAsync" date="2025-12-18T17:46:24.263" /><!-- duration: 0ms -->
    <step title="Updating shutdown sentinel last write time" date="2025-12-18T17:46:24.279" SemaphoreCount="7" /><!-- duration: 0ms -->
    <step title="LockFile &apos;C:\home\site\locks\deployments.lock&apos; acquired" date="2025-12-18T17:46:24.294" /><!-- duration: 0ms -->
    <step title="Saving request content to C:\local\Temp\zipdeploy\dwnhnehg.zip" date="2025-12-18T17:46:24.310" >
      <step title="Total 12,488,660 bytes written to C:\local\Temp\zipdeploy\dwnhnehg.zip" date="2025-12-18T17:46:25.247" /><!-- duration: 0ms -->
    </step><!-- duration: 938ms -->
    <step title="LockFile &apos;C:\home\site\locks\deployments.lock&apos; released" date="2025-12-18T17:46:25.263" /><!-- duration: 0ms -->
    <step title="Deleting shutdown sentinel file" date="2025-12-18T17:46:25.263" SemaphoreCount="8" /><!-- duration: 16ms -->
    <step title="Starting FetchDeploy" date="2025-12-18T17:46:25.279" /><!-- duration: 0ms -->
    <step title="Start deployment in the background" date="2025-12-18T17:46:25.279" /><!-- duration: 62ms -->
  </step><!-- duration: 1094ms -->
  <step title="Outgoing response" date="2025-12-18T17:46:25.341" type="response" statusCode="202" statusText="Accepted" Server="Microsoft-IIS/10.0" x-ms-request-id="74c8d709-dc39-11f0-8584-7404f1536f46" Retry-After="30" Cache-Control="private" X-AspNet-Version="4.0.30319" Location="https://smartstudy-api-athtbtapcvdjesbe.scm.centralindia-01.azurewebsites.net/api/deployments/latest?deployer=ZipDeploy&amp;time=2025-12-18_17-46-25Z" /><!-- duration: 16ms -->
</step><!-- duration: 1219ms -->
