<step title="Incoming Request" date="2025-12-18T08:20:21.845" instance="a6e48b" url="/api/zipdeploy?isAsync=true" method="POST" type="request" pid="19724,2,7" Cache-Control="no-cache" Connection="Keep-Alive" Content-Length="12484905" Content-Type="application/octet-stream" Accept="*/*" Accept-Encoding="gzip, deflate" Authorization="Bea..." Host="smartstudy-api-athtbtapcvdjesbe.scm.centralindia-01.azurewebsites.net" User-Agent="AZURECLI/2.80.0 (MSI)" x-ms-client-request-id="6061b9b6-dbea-11f0-8285-7404f1536f46" X-ARR-LOG-ID="6061b9b6-dbea-11f0-8285-7404f1536f46" CLIENT-IP="38.254.185.42:49796" X-SITE-DEPLOYMENT-ID="smartstudy-api" WAS-DEFAULT-HOSTNAME="smartstudy-api-athtbtapcvdjesbe.scm.centralindia-01.azurewebsites.net" X-Forwarded-Proto="https" X-AppService-Proto="https" X-Forwarded-TlsVersion="1.3" X-WAWS-Unencoded-URL="/api/zipdeploy?isAsync=true" X-MS-COLDSTART="1" >
  <step title="ZipPushDeploy" date="2025-12-18T08:20:22.392" >
    <step title="ZipDeploy. Extract zip. " date="2025-12-18T08:20:22.407" /><!-- duration: 16ms -->
    <step title="Starting PushDeployAsync" date="2025-12-18T08:20:22.423" /><!-- duration: 16ms -->
    <step title="Updating shutdown sentinel last write time" date="2025-12-18T08:20:22.470" SemaphoreCount="7" /><!-- duration: 0ms -->
    <step title="LockFile &apos;C:\home\site\locks\deployments.lock&apos; acquired" date="2025-12-18T08:20:22.470" /><!-- duration: 16ms -->
    <step title="Saving request content to C:\local\Temp\zipdeploy\raz0yhh0.zip" date="2025-12-18T08:20:22.486" >
      <step title="Total 12,484,905 bytes written to C:\local\Temp\zipdeploy\raz0yhh0.zip" date="2025-12-18T08:20:22.626" /><!-- duration: 16ms -->
    </step><!-- duration: 156ms -->
    <step title="LockFile &apos;C:\home\site\locks\deployments.lock&apos; released" date="2025-12-18T08:20:22.642" /><!-- duration: 16ms -->
    <step title="Deleting shutdown sentinel file" date="2025-12-18T08:20:22.657" SemaphoreCount="8" /><!-- duration: 0ms -->
    <step title="Starting FetchDeploy" date="2025-12-18T08:20:22.673" /><!-- duration: 0ms -->
    <step title="Start deployment in the background" date="2025-12-18T08:20:22.673" /><!-- duration: 94ms -->
  </step><!-- duration: 375ms -->
  <step title="Outgoing response" date="2025-12-18T08:20:22.814" type="response" statusCode="202" statusText="Accepted" Server="Microsoft-IIS/10.0" x-ms-request-id="6061b9b6-dbea-11f0-8285-7404f1536f46" Retry-After="30" Cache-Control="private" X-AspNet-Version="4.0.30319" Location="https://smartstudy-api-athtbtapcvdjesbe.scm.centralindia-01.azurewebsites.net/api/deployments/latest?deployer=ZipDeploy&amp;time=2025-12-18_08-20-22Z" /><!-- duration: 0ms -->
</step><!-- duration: 969ms -->
