<step title="Incoming Request" date="2025-12-18T11:33:25.548" instance="a6e48b" url="/api/publish?type=zip&amp;async=True" method="POST" type="request" pid="13628,2,7" Cache-Control="no-cache" Connection="Keep-Alive" Content-Length="12487587" Content-Type="application/octet-stream" Accept="*/*" Accept-Encoding="gzip, deflate" Authorization="Bea..." Host="smartstudy-api-athtbtapcvdjesbe.scm.centralindia-01.azurewebsites.net" User-Agent="AZURECLI/2.80.0 (MSI)" x-ms-client-request-id="57df0325-dc05-11f0-8f99-7404f1536f46" X-ARR-LOG-ID="57df0325-dc05-11f0-8f99-7404f1536f46" CLIENT-IP="38.254.185.42:52221" X-SITE-DEPLOYMENT-ID="smartstudy-api" WAS-DEFAULT-HOSTNAME="smartstudy-api-athtbtapcvdjesbe.scm.centralindia-01.azurewebsites.net" X-Forwarded-Proto="https" X-AppService-Proto="https" X-Forwarded-TlsVersion="1.3" X-WAWS-Unencoded-URL="/api/publish?type=zip&amp;async=True" X-MS-COLDSTART="1" >
  <step title="OneDeploy" date="2025-12-18T11:33:26.110" >
    <step title="Starting PushDeployAsync" date="2025-12-18T11:33:26.126" /><!-- duration: 16ms -->
    <step title="Updating shutdown sentinel last write time" date="2025-12-18T11:33:26.173" SemaphoreCount="7" /><!-- duration: 0ms -->
    <step title="LockFile &apos;C:\home\site\locks\deployments.lock&apos; acquired" date="2025-12-18T11:33:26.189" /><!-- duration: 0ms -->
    <step title="Saving request content to C:\local\Temp\zipdeploy\udj3px5q.zip" date="2025-12-18T11:33:26.189" >
      <step title="Total 12,487,587 bytes written to C:\local\Temp\zipdeploy\udj3px5q.zip" date="2025-12-18T11:33:33.385" /><!-- duration: 16ms -->
    </step><!-- duration: 7212ms -->
    <step title="LockFile &apos;C:\home\site\locks\deployments.lock&apos; released" date="2025-12-18T11:33:33.400" /><!-- duration: 16ms -->
    <step title="Deleting shutdown sentinel file" date="2025-12-18T11:33:33.416" SemaphoreCount="8" /><!-- duration: 0ms -->
    <step title="Starting FetchDeploy" date="2025-12-18T11:33:33.432" /><!-- duration: 0ms -->
    <step title="Start deployment in the background" date="2025-12-18T11:33:33.432" /><!-- duration: 78ms -->
  </step><!-- duration: 7399ms -->
  <step title="Outgoing response" date="2025-12-18T11:33:33.557" type="response" statusCode="202" statusText="Accepted" Server="Microsoft-IIS/10.0" x-ms-request-id="57df0325-dc05-11f0-8f99-7404f1536f46" Retry-After="30" Cache-Control="private" X-AspNet-Version="4.0.30319" Location="https://smartstudy-api-athtbtapcvdjesbe.scm.centralindia-01.azurewebsites.net/api/deployments/latest?deployer=OneDeploy&amp;time=2025-12-18_11-33-33Z" /><!-- duration: 0ms -->
</step><!-- duration: 8009ms -->
