<step title="BackgroundTrace" date="2025-12-19T09:31:51.559" instance="a6e48b" url="/api/publish" method="POST" >
  <step title="Updating shutdown sentinel last write time" date="2025-12-19T09:31:51.575" SemaphoreCount="7" /><!-- duration: 0ms -->
  <step title="LockFile &apos;C:\home\site\locks\deployments.lock&apos; acquired" date="2025-12-19T09:31:51.575" /><!-- duration: 0ms -->
  <step title="Creating temporary deployment" date="2025-12-19T09:31:51.590" /><!-- duration: 47ms -->
  <step title="Performing fetch based deployment" date="2025-12-19T09:31:51.637" >
    <step title="Fetching changes." date="2025-12-19T09:31:51.700" /><!-- duration: 16ms -->
    <step title="Starting LocalZipHandler" date="2025-12-19T09:31:51.715" /><!-- duration: 0ms -->
    <step title="Cleaning up temp folders from previous zip deployments and extracting pushed zip file C:\local\Temp\zipdeploy\wq02pgk5.zip (11.92 MB) to C:\local\Temp\zipdeploy\extracted" date="2025-12-19T09:31:51.746" /><!-- duration: 0ms -->
    <step title="Cleaning up temp folders from previous zip deployments and extracting pushed zip file C:\local\Temp\zipdeploy\wq02pgk5.zip (11.92 MB) to C:\local\Temp\zipdeploy\extracted" date="2025-12-19T09:31:51.762" >
      <step title="Extracting 107 entries to C:\local\Temp\zipdeploy\extracted directory" date="2025-12-19T09:31:51.762" >
        <step title="Extracting to C:\local\Temp\zipdeploy\extracted\runtimes\unix\lib\net6.0\Microsoft.Data.SqlClient.dll ..." date="2025-12-19T09:31:51.778" /><!-- duration: 31ms -->
        <step title="Extracting to C:\local\Temp\zipdeploy\extracted\runtimes\unix\lib\net6.0\System.Drawing.Common.dll ..." date="2025-12-19T09:31:51.809" /><!-- duration: 0ms -->
        <step title="Extracting to C:\local\Temp\zipdeploy\extracted\runtimes\win\lib\net6.0\Microsoft.Data.SqlClient.dll ..." date="2025-12-19T09:31:51.825" /><!-- duration: 31ms -->
        <step title="Extracting to C:\local\Temp\zipdeploy\extracted\runtimes\win\lib\net6.0\Microsoft.Win32.SystemEvents.dll ..." date="2025-12-19T09:31:51.856" /><!-- duration: 0ms -->
        <step title="Extracting to C:\local\Temp\zipdeploy\extracted\runtimes\win\lib\net6.0\System.Drawing.Common.dll ..." date="2025-12-19T09:31:51.871" /><!-- duration: 0ms -->
        <step title="Omitting extracting file traces ..." date="2025-12-19T09:31:51.887" /><!-- duration: 0ms -->
      </step><!-- duration: 516ms -->
    </step><!-- duration: 516ms -->
    <step title="Before sending BuildRequestReceived status to /api/updatedeploystatus" date="2025-12-19T09:31:52.293" /><!-- duration: 0ms -->
    <step title="DeploymentManager.Deploy(id:c5ad90d53bea40f0bb144f3e15f421f0)" date="2025-12-19T09:31:52.293" >
      <step title="Collecting changeset information" date="2025-12-19T09:31:52.309" /><!-- duration: 47ms -->
      <step title="Updating submodules" date="2025-12-19T09:31:52.371" >
        <step title="Updating submodules." date="2025-12-19T09:31:52.418" /><!-- duration: 0ms -->
      </step><!-- duration: 141ms -->
      <step title="Preparing deployment for commit id &apos;c5ad90d53b&apos;." date="2025-12-19T09:31:52.543" /><!-- duration: 16ms -->
      <step title="Determining deployment builder" date="2025-12-19T09:31:52.621" >
        <step title="Builder is OneDeployBuilder" date="2025-12-19T09:31:52.621" /><!-- duration: 16ms -->
      </step><!-- duration: 16ms -->
      <step title="Copying SSH keys" date="2025-12-19T09:31:52.653" /><!-- duration: 0ms -->
      <step title="Building" date="2025-12-19T09:31:52.653" >
        <step title="Running build. Project type: OneDeploy" date="2025-12-19T09:31:52.715" /><!-- duration: 0ms -->
        <step title="Copying the manifest" date="2025-12-19T09:31:52.762" /><!-- duration: 0ms -->
        <step title="Clean deploying to C:\home\site\wwwroot" date="2025-12-19T09:31:52.856" /><!-- duration: 16ms -->
        <step title="Generating deployment script." date="2025-12-19T09:31:52.903" /><!-- duration: 0ms -->
        <step title="Generating deployment script" date="2025-12-19T09:31:52.903" >
          <step title="Using cached version of the deployment script for command: -y --no-dot-deployment -r &quot;C:\local\Temp\zipdeploy\extracted&quot; -o &quot;C:\home\site\deployments\tools&quot; --basic --sitePath &quot;C:\local\Temp\zipdeploy\extracted&quot;" date="2025-12-19T09:31:52.918" /><!-- duration: 16ms -->
          <step title="Using cached version of deployment script (command: &apos;azure -y --no-dot-deployment -r &quot;C:\local\Temp\zipdeploy\extracted&quot; -o &quot;C:\home\site\deployments\tools&quot; --basic --sitePath &quot;C:\local\Temp\zipdeploy\extracted&quot;&apos;)." date="2025-12-19T09:31:52.950" /><!-- duration: 16ms -->
        </step><!-- duration: 62ms -->
        <step title="Running deployment command..." date="2025-12-19T09:31:53.012" /><!-- duration: 16ms -->
        <step title="Command: &quot;C:\home\site\deployments\tools\deploy.cmd&quot;" date="2025-12-19T09:31:53.028" /><!-- duration: 0ms -->
        <step title="Executing external process" date="2025-12-19T09:31:53.043" type="process" path="starter.cmd" arguments="&quot;C:\home\site\deployments\tools\deploy.cmd&quot;" >
          <step title="Handling Basic Web Site deployment." date="2025-12-19T09:31:53.325" /><!-- duration: 16ms -->
          <step title="Creating app_offline.htm" date="2025-12-19T09:31:53.778" /><!-- duration: 0ms -->
          <step title="KuduSync.NET from: &apos;C:\local\Temp\zipdeploy\extracted&apos; to: &apos;C:\home\site\wwwroot&apos;" date="2025-12-19T09:31:53.809" /><!-- duration: 16ms -->
          <step title="Deleting file: &apos;logs\app-20251218.log&apos;" date="2025-12-19T09:31:53.825" /><!-- duration: 0ms -->
          <step title="Deleting file: &apos;logs\app-20251219.log&apos;" date="2025-12-19T09:31:53.840" /><!-- duration: 0ms -->
          <step title="Deleting file: &apos;logs\stdout_20251218162131_18212.log&apos;" date="2025-12-19T09:31:53.856" /><!-- duration: 0ms -->
          <step title="Deleting file: &apos;logs\stdout_20251218164938_16728.log&apos;" date="2025-12-19T09:31:53.872" /><!-- duration: 0ms -->
          <step title="Deleting file: &apos;logs\stdout_20251218170026_16768.log&apos;" date="2025-12-19T09:31:53.872" /><!-- duration: 16ms -->
          <step title="Deleting file: &apos;logs\stdout_20251218173531_12940.log&apos;" date="2025-12-19T09:31:53.887" /><!-- duration: 0ms -->
          <step title="Deleting file: &apos;logs\stdout_20251218174529_2684.log&apos;" date="2025-12-19T09:31:53.903" /><!-- duration: 0ms -->
          <step title="Deleting file: &apos;logs\stdout_20251218174644_15124.log&apos;" date="2025-12-19T09:31:53.918" /><!-- duration: 0ms -->
          <step title="Deleting file: &apos;logs\stdout_20251219044641_8284.log&apos;" date="2025-12-19T09:31:53.918" /><!-- duration: 16ms -->
          <step title="Deleting file: &apos;logs\stdout_20251219051705_17624.log&apos;" date="2025-12-19T09:31:53.934" /><!-- duration: 0ms -->
          <step title="Deleting file: &apos;logs\stdout_20251219071529_12744.log&apos;" date="2025-12-19T09:31:53.950" /><!-- duration: 0ms -->
          <step title="Deleting file: &apos;logs\stdout_20251219080257_13128.log&apos;" date="2025-12-19T09:31:53.950" /><!-- duration: 16ms -->
          <step title="Deleting file: &apos;logs\stdout_20251219091113_17984.log&apos;" date="2025-12-19T09:31:53.965" /><!-- duration: 0ms -->
          <step title="Deleting directory: &apos;logs&apos;" date="2025-12-19T09:31:53.981" /><!-- duration: 16ms -->
          <step title="Copying file: &apos;appsettings.json&apos;" date="2025-12-19T09:31:53.997" /><!-- duration: 0ms -->
          <step title="Copying file: &apos;appsettings.template.json&apos;" date="2025-12-19T09:31:54.012" /><!-- duration: 0ms -->
          <step title="Copying file: &apos;SchoolAiChatbotBackend.deps.json&apos;" date="2025-12-19T09:31:54.043" /><!-- duration: 16ms -->
          <step title="Copying file: &apos;SchoolAiChatbotBackend.dll&apos;" date="2025-12-19T09:31:54.059" /><!-- duration: 0ms -->
          <step title="Copying file: &apos;SchoolAiChatbotBackend.exe&apos;" date="2025-12-19T09:31:55.747" /><!-- duration: 0ms -->
          <step title="Copying file: &apos;SchoolAiChatbotBackend.pdb&apos;" date="2025-12-19T09:31:55.762" /><!-- duration: 0ms -->
          <step title="Copying file: &apos;SchoolAiChatbotBackend.runtimeconfig.json&apos;" date="2025-12-19T09:31:55.762" /><!-- duration: 16ms -->
          <step title="Copying file: &apos;web.config&apos;" date="2025-12-19T09:31:55.778" /><!-- duration: 0ms -->
          <step title="Deleting app_offline.htm" date="2025-12-19T09:31:55.793" /><!-- duration: 0ms -->
          <step title="Finished successfully." date="2025-12-19T09:31:55.809" /><!-- duration: 0ms -->
        </step><!-- duration: 2766ms -->
        <step title="Build completed succesfully." date="2025-12-19T09:31:55.840" /><!-- duration: 16ms -->
        <step title="Running post deployment command(s)..." date="2025-12-19T09:31:55.887" /><!-- duration: 0ms -->
        <step title="Requesting site restart" date="2025-12-19T09:31:55.934" /><!-- duration: 0ms -->
        <step title="Requesting site restart" date="2025-12-19T09:31:55.934" /><!-- duration: 16ms -->
        <step title="Requesting site restart. Attempt #1" date="2025-12-19T09:31:55.981" /><!-- duration: 16ms -->
        <step title="Requesting site restart. Attempt #1" date="2025-12-19T09:31:55.997" /><!-- duration: 0ms -->
        <step title="Successfully requested a restart. Attempt #1" date="2025-12-19T09:31:56.309" /><!-- duration: 0ms -->
        <step title="Successfully requested a restart. Attempt #1" date="2025-12-19T09:31:56.325" /><!-- duration: 0ms -->
        <step title="Deployment successful. DEPLOYMENTINFO: deploymentPath = OneDeploy, deployer = OneDeploy, os = windows, sku = Free, siteName = smartstudy-api, siteHostName = smartstudy-api-athtbtapcvdjesbe.centralindia-01.azurewebsites.net, deploymentStatus = Success" date="2025-12-19T09:31:56.372" /><!-- duration: 0ms -->
        <step title="Purge deployment items" date="2025-12-19T09:31:56.887" >
          <step title="Remove 03df5be65, Success, received at 12/18/2025 11:33:34 AM" date="2025-12-19T09:31:56.950" /><!-- duration: 0ms -->
        </step><!-- duration: 63ms -->
      </step><!-- duration: 4313ms -->
    </step><!-- duration: 4688ms -->
    <step title="Cleaning up temp files" date="2025-12-19T09:31:56.981" /><!-- duration: 0ms -->
    <step title="Skip function trigger and logicapp sync because function is not enabled." date="2025-12-19T09:31:56.997" /><!-- duration: 0ms -->
  </step><!-- duration: 5391ms -->
  <step title="LockFile &apos;C:\home\site\locks\deployments.lock&apos; released" date="2025-12-19T09:31:57.044" /><!-- duration: 0ms -->
  <step title="Deleting shutdown sentinel file" date="2025-12-19T09:31:57.044" SemaphoreCount="8" /><!-- duration: 16ms -->
</step><!-- duration: 5500ms -->
