<step title="BackgroundTrace" date="2025-12-19T11:34:16.824" instance="a6e48b" url="/api/publish" method="POST" >
  <step title="Updating shutdown sentinel last write time" date="2025-12-19T11:34:16.824" SemaphoreCount="7" /><!-- duration: 0ms -->
  <step title="LockFile &apos;C:\home\site\locks\deployments.lock&apos; acquired" date="2025-12-19T11:34:16.839" /><!-- duration: 16ms -->
  <step title="Creating temporary deployment" date="2025-12-19T11:34:16.855" /><!-- duration: 16ms -->
  <step title="Performing fetch based deployment" date="2025-12-19T11:34:16.871" >
    <step title="Fetching changes." date="2025-12-19T11:34:16.902" /><!-- duration: 16ms -->
    <step title="Starting LocalZipHandler" date="2025-12-19T11:34:16.933" /><!-- duration: 0ms -->
    <step title="Cleaning up temp folders from previous zip deployments and extracting pushed zip file C:\local\Temp\zipdeploy\rgqfjtrp.zip (13.20 MB) to C:\local\Temp\zipdeploy\extracted" date="2025-12-19T11:34:16.949" /><!-- duration: 16ms -->
    <step title="Cleaning up temp folders from previous zip deployments and extracting pushed zip file C:\local\Temp\zipdeploy\rgqfjtrp.zip (13.20 MB) to C:\local\Temp\zipdeploy\extracted" date="2025-12-19T11:34:16.964" >
      <step title="Renaming extractTargetDirectory(C:\local\Temp\zipdeploy\extracted) to tempDirectory(C:\local\Temp\zipdeploy\pole2xpr.n2z)" date="2025-12-19T11:34:16.964" /><!-- duration: 0ms -->
      <step title="Extracting 115 entries to C:\local\Temp\zipdeploy\extracted directory" date="2025-12-19T11:34:16.980" >
        <step title="Extracting to C:\local\Temp\zipdeploy\extracted\appsettings.json ..." date="2025-12-19T11:34:16.980" /><!-- duration: 0ms -->
        <step title="Extracting to C:\local\Temp\zipdeploy\extracted\appsettings.template.json ..." date="2025-12-19T11:34:16.980" /><!-- duration: 16ms -->
        <step title="Extracting to C:\local\Temp\zipdeploy\extracted\Azure.Core.dll ..." date="2025-12-19T11:34:16.996" /><!-- duration: 16ms -->
        <step title="Extracting to C:\local\Temp\zipdeploy\extracted\Azure.Identity.dll ..." date="2025-12-19T11:34:17.011" /><!-- duration: 0ms -->
        <step title="Extracting to C:\local\Temp\zipdeploy\extracted\Azure.Storage.Blobs.dll ..." date="2025-12-19T11:34:17.027" /><!-- duration: 16ms -->
        <step title="Omitting extracting file traces ..." date="2025-12-19T11:34:17.042" /><!-- duration: 16ms -->
      </step><!-- duration: 516ms -->
    </step><!-- duration: 547ms -->
    <step title="Before sending BuildRequestReceived status to /api/updatedeploystatus" date="2025-12-19T11:34:17.511" /><!-- duration: 0ms -->
    <step title="DeploymentManager.Deploy(id:777dafe557f64de293549f99c03353c8)" date="2025-12-19T11:34:17.511" >
      <step title="Collecting changeset information" date="2025-12-19T11:34:17.527" /><!-- duration: 31ms -->
      <step title="Updating submodules" date="2025-12-19T11:34:17.558" >
        <step title="Updating submodules." date="2025-12-19T11:34:17.589" /><!-- duration: 16ms -->
      </step><!-- duration: 47ms -->
      <step title="Preparing deployment for commit id &apos;777dafe557&apos;." date="2025-12-19T11:34:17.652" /><!-- duration: 16ms -->
      <step title="Determining deployment builder" date="2025-12-19T11:34:17.699" >
        <step title="Builder is OneDeployBuilder" date="2025-12-19T11:34:17.714" /><!-- duration: 0ms -->
      </step><!-- duration: 16ms -->
      <step title="Copying SSH keys" date="2025-12-19T11:34:17.730" /><!-- duration: 0ms -->
      <step title="Building" date="2025-12-19T11:34:17.746" >
        <step title="Running build. Project type: OneDeploy" date="2025-12-19T11:34:17.777" /><!-- duration: 0ms -->
        <step title="Copying the manifest" date="2025-12-19T11:34:17.808" /><!-- duration: 0ms -->
        <step title="Clean deploying to C:\home\site\wwwroot" date="2025-12-19T11:34:17.855" /><!-- duration: 0ms -->
        <step title="Generating deployment script." date="2025-12-19T11:34:17.886" /><!-- duration: 16ms -->
        <step title="Generating deployment script" date="2025-12-19T11:34:17.902" >
          <step title="Using cached version of the deployment script for command: -y --no-dot-deployment -r &quot;C:\local\Temp\zipdeploy\extracted&quot; -o &quot;C:\home\site\deployments\tools&quot; --basic --sitePath &quot;C:\local\Temp\zipdeploy\extracted&quot;" date="2025-12-19T11:34:17.918" /><!-- duration: 0ms -->
          <step title="Using cached version of deployment script (command: &apos;azure -y --no-dot-deployment -r &quot;C:\local\Temp\zipdeploy\extracted&quot; -o &quot;C:\home\site\deployments\tools&quot; --basic --sitePath &quot;C:\local\Temp\zipdeploy\extracted&quot;&apos;)." date="2025-12-19T11:34:17.933" /><!-- duration: 0ms -->
        </step><!-- duration: 47ms -->
        <step title="Running deployment command..." date="2025-12-19T11:34:17.980" /><!-- duration: 0ms -->
        <step title="Command: &quot;C:\home\site\deployments\tools\deploy.cmd&quot;" date="2025-12-19T11:34:17.980" /><!-- duration: 0ms -->
        <step title="Executing external process" date="2025-12-19T11:34:17.996" type="process" path="starter.cmd" arguments="&quot;C:\home\site\deployments\tools\deploy.cmd&quot;" >
          <step title="Handling Basic Web Site deployment." date="2025-12-19T11:34:18.121" /><!-- duration: 0ms -->
          <step title="Creating app_offline.htm" date="2025-12-19T11:34:18.668" /><!-- duration: 0ms -->
          <step title="KuduSync.NET from: &apos;C:\local\Temp\zipdeploy\extracted&apos; to: &apos;C:\home\site\wwwroot&apos;" date="2025-12-19T11:34:18.683" /><!-- duration: 16ms -->
          <step title="Deleting file: &apos;logs\app-20251219.log&apos;" date="2025-12-19T11:34:18.699" /><!-- duration: 0ms -->
          <step title="Deleting file: &apos;logs\stdout_20251219112827_12184.log&apos;" date="2025-12-19T11:34:18.714" /><!-- duration: 0ms -->
          <step title="Deleting directory: &apos;logs&apos;" date="2025-12-19T11:34:18.730" /><!-- duration: 0ms -->
          <step title="Copying file: &apos;appsettings.json&apos;" date="2025-12-19T11:34:18.730" /><!-- duration: 0ms -->
          <step title="Copying file: &apos;appsettings.template.json&apos;" date="2025-12-19T11:34:18.746" /><!-- duration: 0ms -->
          <step title="Copying file: &apos;Azure.Core.dll&apos;" date="2025-12-19T11:34:18.761" /><!-- duration: 17ms -->
          <step title="Copying file: &apos;Azure.Identity.dll&apos;" date="2025-12-19T11:34:18.779" /><!-- duration: 0ms -->
          <step title="Copying file: &apos;Azure.Storage.Blobs.dll&apos;" date="2025-12-19T11:34:18.794" /><!-- duration: 0ms -->
          <step title="Copying file: &apos;Azure.Storage.Common.dll&apos;" date="2025-12-19T11:34:18.810" /><!-- duration: 0ms -->
          <step title="Copying file: &apos;Azure.Storage.Queues.dll&apos;" date="2025-12-19T11:34:18.810" /><!-- duration: 0ms -->
          <step title="Copying file: &apos;Google.Api.CommonProtos.dll&apos;" date="2025-12-19T11:34:18.826" /><!-- duration: 0ms -->
          <step title="Copying file: &apos;Google.Api.Gax.dll&apos;" date="2025-12-19T11:34:18.841" /><!-- duration: 0ms -->
          <step title="Copying file: &apos;Google.Api.Gax.Grpc.dll&apos;" date="2025-12-19T11:34:18.857" /><!-- duration: 0ms -->
          <step title="Copying file: &apos;Google.Apis.Auth.dll&apos;" date="2025-12-19T11:34:18.857" /><!-- duration: 0ms -->
          <step title="Copying file: &apos;Google.Apis.Core.dll&apos;" date="2025-12-19T11:34:18.872" /><!-- duration: 0ms -->
          <step title="Copying file: &apos;Google.Apis.dll&apos;" date="2025-12-19T11:34:18.904" /><!-- duration: 0ms -->
          <step title="Copying file: &apos;Google.Cloud.Vision.V1.dll&apos;" date="2025-12-19T11:34:18.919" /><!-- duration: 0ms -->
          <step title="Copying file: &apos;Google.LongRunning.dll&apos;" date="2025-12-19T11:34:18.919" /><!-- duration: 16ms -->
          <step title="Copying file: &apos;Google.Protobuf.dll&apos;" date="2025-12-19T11:34:18.935" /><!-- duration: 0ms -->
          <step title="Copying file: &apos;Grpc.Auth.dll&apos;" date="2025-12-19T11:34:18.951" /><!-- duration: 0ms -->
          <step title="Copying file: &apos;Grpc.Core.Api.dll&apos;" date="2025-12-19T11:34:18.982" /><!-- duration: 0ms -->
          <step title="Copying file: &apos;Grpc.Net.Client.dll&apos;" date="2025-12-19T11:34:18.997" /><!-- duration: 0ms -->
          <step title="Copying file: &apos;Grpc.Net.Common.dll&apos;" date="2025-12-19T11:34:18.997" /><!-- duration: 16ms -->
          <step title="Copying file: &apos;Microsoft.AspNetCore.Authentication.JwtBearer.dll&apos;" date="2025-12-19T11:34:19.029" /><!-- duration: 0ms -->
          <step title="Copying file: &apos;Microsoft.AspNetCore.OpenApi.dll&apos;" date="2025-12-19T11:34:19.044" /><!-- duration: 0ms -->
          <step title="Copying file: &apos;Microsoft.Bcl.AsyncInterfaces.dll&apos;" date="2025-12-19T11:34:19.044" /><!-- duration: 16ms -->
          <step title="Copying file: &apos;Microsoft.Data.SqlClient.dll&apos;" date="2025-12-19T11:34:19.060" /><!-- duration: 0ms -->
          <step title="Copying file: &apos;Microsoft.EntityFrameworkCore.Abstractions.dll&apos;" date="2025-12-19T11:34:19.076" /><!-- duration: 0ms -->
          <step title="Copying file: &apos;Microsoft.EntityFrameworkCore.dll&apos;" date="2025-12-19T11:34:19.091" /><!-- duration: 0ms -->
          <step title="Copying file: &apos;Microsoft.EntityFrameworkCore.InMemory.dll&apos;" date="2025-12-19T11:34:19.091" /><!-- duration: 0ms -->
          <step title="Copying file: &apos;Microsoft.EntityFrameworkCore.Relational.dll&apos;" date="2025-12-19T11:34:19.107" /><!-- duration: 0ms -->
          <step title="Copying file: &apos;Microsoft.EntityFrameworkCore.SqlServer.dll&apos;" date="2025-12-19T11:34:19.122" /><!-- duration: 0ms -->
          <step title="Copying file: &apos;Microsoft.Extensions.Caching.Memory.dll&apos;" date="2025-12-19T11:34:19.154" /><!-- duration: 0ms -->
          <step title="Copying file: &apos;Microsoft.Extensions.DependencyInjection.Abstractions.dll&apos;" date="2025-12-19T11:34:19.169" /><!-- duration: 0ms -->
          <step title="Copying file: &apos;Microsoft.Extensions.DependencyInjection.dll&apos;" date="2025-12-19T11:34:19.169" /><!-- duration: 16ms -->
          <step title="Copying file: &apos;Microsoft.Extensions.DependencyModel.dll&apos;" date="2025-12-19T11:34:19.185" /><!-- duration: 16ms -->
          <step title="Copying file: &apos;Microsoft.Extensions.Logging.Abstractions.dll&apos;" date="2025-12-19T11:34:19.216" /><!-- duration: 0ms -->
          <step title="Copying file: &apos;Microsoft.Extensions.Logging.dll&apos;" date="2025-12-19T11:34:19.232" /><!-- duration: 0ms -->
          <step title="Copying file: &apos;Microsoft.Extensions.Options.dll&apos;" date="2025-12-19T11:34:19.232" /><!-- duration: 16ms -->
          <step title="Copying file: &apos;Microsoft.Identity.Client.dll&apos;" date="2025-12-19T11:34:19.247" /><!-- duration: 16ms -->
          <step title="Copying file: &apos;Microsoft.Identity.Client.Extensions.Msal.dll&apos;" date="2025-12-19T11:34:19.263" /><!-- duration: 0ms -->
          <step title="Copying file: &apos;Microsoft.IdentityModel.Abstractions.dll&apos;" date="2025-12-19T11:34:19.279" /><!-- duration: 0ms -->
          <step title="Copying file: &apos;Microsoft.IdentityModel.JsonWebTokens.dll&apos;" date="2025-12-19T11:34:19.294" /><!-- duration: 0ms -->
          <step title="Copying file: &apos;Microsoft.IdentityModel.Logging.dll&apos;" date="2025-12-19T11:34:19.294" /><!-- duration: 0ms -->
          <step title="Copying file: &apos;Microsoft.IdentityModel.Protocols.dll&apos;" date="2025-12-19T11:34:19.310" /><!-- duration: 0ms -->
          <step title="Copying file: &apos;Microsoft.IdentityModel.Protocols.OpenIdConnect.dll&apos;" date="2025-12-19T11:34:19.326" /><!-- duration: 0ms -->
          <step title="Copying file: &apos;Microsoft.IdentityModel.Tokens.dll&apos;" date="2025-12-19T11:34:19.341" /><!-- duration: 0ms -->
          <step title="Copying file: &apos;Microsoft.OpenApi.dll&apos;" date="2025-12-19T11:34:19.357" /><!-- duration: 0ms -->
          <step title="Omitting next output lines..." date="2025-12-19T11:34:19.357" /><!-- duration: 16ms -->
          <step title="Finished successfully." date="2025-12-19T11:34:20.826" /><!-- duration: 16ms -->
        </step><!-- duration: 2846ms -->
        <step title="Build completed succesfully." date="2025-12-19T11:34:20.873" /><!-- duration: 16ms -->
        <step title="Running post deployment command(s)..." date="2025-12-19T11:34:20.904" /><!-- duration: 16ms -->
        <step title="Requesting site restart" date="2025-12-19T11:34:20.951" /><!-- duration: 0ms -->
        <step title="Requesting site restart" date="2025-12-19T11:34:20.951" /><!-- duration: 16ms -->
        <step title="Requesting site restart. Attempt #1" date="2025-12-19T11:34:20.998" /><!-- duration: 0ms -->
        <step title="Requesting site restart. Attempt #1" date="2025-12-19T11:34:20.998" /><!-- duration: 16ms -->
        <step title="Successfully requested a restart. Attempt #1" date="2025-12-19T11:34:21.123" /><!-- duration: 0ms -->
        <step title="Successfully requested a restart. Attempt #1" date="2025-12-19T11:34:21.123" /><!-- duration: 0ms -->
        <step title="Deployment successful. DEPLOYMENTINFO: deploymentPath = OneDeploy, deployer = OneDeploy, os = windows, sku = Free, siteName = smartstudy-api, siteHostName = smartstudy-api-athtbtapcvdjesbe.centralindia-01.azurewebsites.net, deploymentStatus = Success" date="2025-12-19T11:34:21.154" /><!-- duration: 16ms -->
        <step title="Purge deployment items" date="2025-12-19T11:34:21.263" >
          <step title="Remove efa0391a1, Success, received at 12/18/2025 1:51:53 PM" date="2025-12-19T11:34:21.310" /><!-- duration: 31ms -->
        </step><!-- duration: 78ms -->
      </step><!-- duration: 3627ms -->
    </step><!-- duration: 3861ms -->
    <step title="Cleaning up temp files" date="2025-12-19T11:34:21.373" /><!-- duration: 0ms -->
    <step title="Skip function trigger and logicapp sync because function is not enabled." date="2025-12-19T11:34:21.388" /><!-- duration: 0ms -->
  </step><!-- duration: 4549ms -->
  <step title="LockFile &apos;C:\home\site\locks\deployments.lock&apos; released" date="2025-12-19T11:34:21.435" /><!-- duration: 0ms -->
  <step title="Deleting shutdown sentinel file" date="2025-12-19T11:34:21.435" SemaphoreCount="8" /><!-- duration: 16ms -->
</step><!-- duration: 4627ms -->
