<step title="Incoming Request" date="2025-12-18T17:44:46.296" instance="a6e48b" url="/api/zipdeploy?isAsync=true" method="POST" type="request" pid="17280,2,8" Cache-Control="no-cache" Connection="Keep-Alive" Content-Length="12488661" Content-Type="application/octet-stream" Accept="*/*" Accept-Encoding="gzip, deflate" Authorization="Bea..." Host="smartstudy-api-athtbtapcvdjesbe.scm.centralindia-01.azurewebsites.net" User-Agent="AZURECLI/2.80.0 (MSI)" x-ms-client-request-id="37442785-dc39-11f0-aace-7404f1536f46" X-ARR-LOG-ID="37442785-dc39-11f0-aace-7404f1536f46" CLIENT-IP="38.254.185.239:56575" X-SITE-DEPLOYMENT-ID="smartstudy-api" WAS-DEFAULT-HOSTNAME="smartstudy-api-athtbtapcvdjesbe.scm.centralindia-01.azurewebsites.net" X-Forwarded-Proto="https" X-AppService-Proto="https" X-Forwarded-TlsVersion="1.3" X-WAWS-Unencoded-URL="/api/zipdeploy?isAsync=true" X-MS-COLDSTART="1" >
  <step title="ZipPushDeploy" date="2025-12-18T17:44:46.843" >
    <step title="ZipDeploy. Extract zip. " date="2025-12-18T17:44:46.874" /><!-- duration: 0ms -->
    <step title="Starting PushDeployAsync" date="2025-12-18T17:44:46.889" /><!-- duration: 16ms -->
    <step title="Updating shutdown sentinel last write time" date="2025-12-18T17:44:46.936" SemaphoreCount="7" /><!-- duration: 0ms -->
    <step title="LockFile &apos;C:\home\site\locks\deployments.lock&apos; acquired" date="2025-12-18T17:44:46.936" /><!-- duration: 16ms -->
    <step title="Saving request content to C:\local\Temp\zipdeploy\id4kzaou.zip" date="2025-12-18T17:44:46.952" >
      <step title="Total 12,488,661 bytes written to C:\local\Temp\zipdeploy\id4kzaou.zip" date="2025-12-18T17:44:48.077" /><!-- duration: 16ms -->
    </step><!-- duration: 1141ms -->
    <step title="LockFile &apos;C:\home\site\locks\deployments.lock&apos; released" date="2025-12-18T17:44:48.108" /><!-- duration: 0ms -->
    <step title="Deleting shutdown sentinel file" date="2025-12-18T17:44:48.124" SemaphoreCount="8" /><!-- duration: 0ms -->
    <step title="Starting FetchDeploy" date="2025-12-18T17:44:48.124" /><!-- duration: 16ms -->
    <step title="Start deployment in the background" date="2025-12-18T17:44:48.139" /><!-- duration: 78ms -->
  </step><!-- duration: 1391ms -->
  <step title="Outgoing response" date="2025-12-18T17:44:48.265" type="response" statusCode="202" statusText="Accepted" Server="Microsoft-IIS/10.0" x-ms-request-id="37442785-dc39-11f0-aace-7404f1536f46" Retry-After="30" Cache-Control="private" X-AspNet-Version="4.0.30319" Location="https://smartstudy-api-athtbtapcvdjesbe.scm.centralindia-01.azurewebsites.net/api/deployments/latest?deployer=ZipDeploy&amp;time=2025-12-18_17-44-48Z" /><!-- duration: 0ms -->
</step><!-- duration: 1984ms -->
