<step title="Incoming Request" date="2025-12-19T11:34:14.339" instance="a6e48b" url="/api/publish?async=true&amp;deployer=GITHUB_ONE_DEPLOY&amp;type=zip&amp;message=%7B%22type%22%3A%22deployment%22%2C%22sha%22%3A%2293b686b029592d6663f47def2b95ac79312562ea%22%2C%22repoName%22%3A%22sadabyakod%2Fschool-ai-chatbot%22%2C%22actor%22%3A%22sadabyakod%22%2C%22slotName%22%3A%22Production%22%2C%22commitMessage%22%3A%22Fix%3A%20Strengthen%20prompt%20to%20require%20correctAnswer%20for%20ALL%20questions%22%7D" method="POST" type="request" pid="20980,2,40" Transfer-Encoding="chunked" Content-Type="application/octet-stream" Authorization="Bea..." Cookie="ARRAffinity=a6e48b9e9d2653435be7b61998d8624b44115214104213d6c8b8c526cc56dc70;Path=/;HttpOnly;Secure;Domain=smartstudy-api-athtbtapcvdjesbe.scm.centralindia-01.azurewebsites.net; ARRAffinitySameSite=a6e48b9e9d2653435be7b61998d8624b44115214104213d6c8b8c526cc56dc70;Path=/;HttpOnly;SameSite=None;Secure;Domain=smartstudy-api-athtbtapcvdjesbe.scm.centralindia-01.azurewebsites.net" Host="smartstudy-api-athtbtapcvdjesbe.scm.centralindia-01.azurewebsites.net" User-Agent="GITHUBACTIONS_DeployWebAppToAzure_b38e683445ac2cccfa8cd358babf8f5a5158c9572d0969b43cb3c24e61907cfe" X-ARR-LOG-ID="289f83a7-69bc-46e4-bf9e-24f316251d5d" CLIENT-IP="64.236.133.192:9216" X-SITE-DEPLOYMENT-ID="smartstudy-api" WAS-DEFAULT-HOSTNAME="smartstudy-api-athtbtapcvdjesbe.scm.centralindia-01.azurewebsites.net" X-Forwarded-Proto="https" X-AppService-Proto="https" X-Forwarded-TlsVersion="1.3" X-WAWS-Unencoded-URL="/api/publish?async=true&amp;deployer=GITHUB_ONE_DEPLOY&amp;type=zip&amp;message=%7B%22type%22%3A%22deployment%22%2C%22sha%22%3A%2293b686b029592d6663f47def2b95ac79312562ea%22%2C%22repoName%22%3A%22sadabyakod%2Fschool-ai-chatbot%22%2C%22actor%22%3A%22sadabyakod%22%2C%22slotName%22%3A%22Production%22%2C%22commitMessage%22%3A%22Fix%3A%20Strengthen%20prompt%20to%20require%20correctAnswer%20for%20ALL%20questions%22%7D" >
  <step title="OneDeploy" date="2025-12-19T11:34:14.746" >
    <step title="Starting PushDeployAsync" date="2025-12-19T11:34:14.761" /><!-- duration: 0ms -->
    <step title="Updating shutdown sentinel last write time" date="2025-12-19T11:34:14.777" SemaphoreCount="7" /><!-- duration: 0ms -->
    <step title="LockFile &apos;C:\home\site\locks\deployments.lock&apos; acquired" date="2025-12-19T11:34:14.777" /><!-- duration: 16ms -->
    <step title="Saving request content to C:\local\Temp\zipdeploy\rgqfjtrp.zip" date="2025-12-19T11:34:14.792" >
      <step title="Total 13,845,496 bytes written to C:\local\Temp\zipdeploy\rgqfjtrp.zip" date="2025-12-19T11:34:16.777" /><!-- duration: 0ms -->
    </step><!-- duration: 1984ms -->
    <step title="LockFile &apos;C:\home\site\locks\deployments.lock&apos; released" date="2025-12-19T11:34:16.792" /><!-- duration: 0ms -->
    <step title="Deleting shutdown sentinel file" date="2025-12-19T11:34:16.792" SemaphoreCount="8" /><!-- duration: 16ms -->
    <step title="Starting FetchDeploy" date="2025-12-19T11:34:16.808" /><!-- duration: 0ms -->
    <step title="Start deployment in the background" date="2025-12-19T11:34:16.808" /><!-- duration: 63ms -->
  </step><!-- duration: 2125ms -->
  <step title="Outgoing response" date="2025-12-19T11:34:16.886" type="response" statusCode="202" statusText="Accepted" Server="Microsoft-IIS/10.0" x-ms-request-id="289f83a7-69bc-46e4-bf9e-24f316251d5d" Retry-After="30" Cache-Control="private" X-AspNet-Version="4.0.30319" Location="https://smartstudy-api-athtbtapcvdjesbe.scm.centralindia-01.azurewebsites.net/api/deployments/latest?deployer=OneDeploy&amp;time=2025-12-19_11-34-16Z" /><!-- duration: 0ms -->
</step><!-- duration: 2547ms -->
