<step title="Incoming Request" date="2025-12-19T09:31:50.871" instance="a6e48b" url="/api/publish?type=zip&amp;async=True" method="POST" type="request" pid="8944,2,25" Cache-Control="no-cache" Content-Length="12503209" Content-Type="application/octet-stream" Accept="*/*" Accept-Encoding="gzip, deflate" Authorization="Bea..." Host="smartstudy-api-athtbtapcvdjesbe.scm.centralindia-01.azurewebsites.net" User-Agent="AZURECLI/2.80.0 (MSI)" x-ms-client-request-id="87c38807-dcbd-11f0-b032-ab64a92ad354" X-ARR-LOG-ID="87c38807-dcbd-11f0-b032-ab64a92ad354" CLIENT-IP="38.254.185.239:61382" X-SITE-DEPLOYMENT-ID="smartstudy-api" WAS-DEFAULT-HOSTNAME="smartstudy-api-athtbtapcvdjesbe.scm.centralindia-01.azurewebsites.net" X-Forwarded-Proto="https" X-AppService-Proto="https" X-Forwarded-TlsVersion="1.3" X-WAWS-Unencoded-URL="/api/publish?type=zip&amp;async=True" >
  <step title="Cleanup Xml Logs" date="2025-12-19T09:31:50.871" /><!-- duration: 78ms -->
  <step title="OneDeploy" date="2025-12-19T09:31:51.387" >
    <step title="Starting PushDeployAsync" date="2025-12-19T09:31:51.387" /><!-- duration: 16ms -->
    <step title="Updating shutdown sentinel last write time" date="2025-12-19T09:31:51.418" SemaphoreCount="7" /><!-- duration: 0ms -->
    <step title="LockFile &apos;C:\home\site\locks\deployments.lock&apos; acquired" date="2025-12-19T09:31:51.418" /><!-- duration: 16ms -->
    <step title="Saving request content to C:\local\Temp\zipdeploy\wq02pgk5.zip" date="2025-12-19T09:31:51.434" >
      <step title="Total 12,503,209 bytes written to C:\local\Temp\zipdeploy\wq02pgk5.zip" date="2025-12-19T09:31:51.496" /><!-- duration: 16ms -->
    </step><!-- duration: 78ms -->
    <step title="LockFile &apos;C:\home\site\locks\deployments.lock&apos; released" date="2025-12-19T09:31:51.512" /><!-- duration: 16ms -->
    <step title="Deleting shutdown sentinel file" date="2025-12-19T09:31:51.543" SemaphoreCount="8" /><!-- duration: 0ms -->
    <step title="Starting FetchDeploy" date="2025-12-19T09:31:51.543" /><!-- duration: 0ms -->
    <step title="Start deployment in the background" date="2025-12-19T09:31:51.559" /><!-- duration: 78ms -->
  </step><!-- duration: 250ms -->
  <step title="Outgoing response" date="2025-12-19T09:31:51.668" type="response" statusCode="202" statusText="Accepted" Server="Microsoft-IIS/10.0" x-ms-request-id="87c38807-dcbd-11f0-b032-ab64a92ad354" Retry-After="30" Cache-Control="private" X-AspNet-Version="4.0.30319" Location="https://smartstudy-api-athtbtapcvdjesbe.scm.centralindia-01.azurewebsites.net/api/deployments/latest?deployer=OneDeploy&amp;time=2025-12-19_09-31-51Z" /><!-- duration: 0ms -->
</step><!-- duration: 797ms -->
