<step title="Incoming Request" date="2025-12-19T12:14:39.444" instance="a6e48b" url="/api/publish?async=true&amp;deployer=GITHUB_ONE_DEPLOY&amp;type=zip&amp;message=%7B%22type%22%3A%22deployment%22%2C%22sha%22%3A%224fc673977e8d8b312a1bf075aa3cb3881cefebd9%22%2C%22repoName%22%3A%22sadabyakod%2Fschool-ai-chatbot%22%2C%22actor%22%3A%22sadabyakod%22%2C%22slotName%22%3A%22Production%22%2C%22commitMessage%22%3A%22Remove%20all%20exam%20caching%20-%20always%20generate%20fresh%20exams%22%7D" method="POST" type="request" pid="20980,2,68" Transfer-Encoding="chunked" Content-Type="application/octet-stream" Authorization="Bea..." Cookie="ARRAffinity=a6e48b9e9d2653435be7b61998d8624b44115214104213d6c8b8c526cc56dc70;Path=/;HttpOnly;Secure;Domain=smartstudy-api-athtbtapcvdjesbe.scm.centralindia-01.azurewebsites.net; ARRAffinitySameSite=a6e48b9e9d2653435be7b61998d8624b44115214104213d6c8b8c526cc56dc70;Path=/;HttpOnly;SameSite=None;Secure;Domain=smartstudy-api-athtbtapcvdjesbe.scm.centralindia-01.azurewebsites.net" Host="smartstudy-api-athtbtapcvdjesbe.scm.centralindia-01.azurewebsites.net" User-Agent="GITHUBACTIONS_DeployWebAppToAzure_b38e683445ac2cccfa8cd358babf8f5a5158c9572d0969b43cb3c24e61907cfe" X-ARR-LOG-ID="1330728f-7d7f-492e-8161-50ccfbd0a849" CLIENT-IP="68.220.61.199:10264" X-SITE-DEPLOYMENT-ID="smartstudy-api" WAS-DEFAULT-HOSTNAME="smartstudy-api-athtbtapcvdjesbe.scm.centralindia-01.azurewebsites.net" X-Forwarded-Proto="https" X-AppService-Proto="https" X-Forwarded-TlsVersion="1.3" X-WAWS-Unencoded-URL="/api/publish?async=true&amp;deployer=GITHUB_ONE_DEPLOY&amp;type=zip&amp;message=%7B%22type%22%3A%22deployment%22%2C%22sha%22%3A%224fc673977e8d8b312a1bf075aa3cb3881cefebd9%22%2C%22repoName%22%3A%22sadabyakod%2Fschool-ai-chatbot%22%2C%22actor%22%3A%22sadabyakod%22%2C%22slotName%22%3A%22Production%22%2C%22commitMessage%22%3A%22Remove%20all%20exam%20caching%20-%20always%20generate%20fresh%20exams%22%7D" >
  <step title="OneDeploy" date="2025-12-19T12:14:39.928" >
    <step title="Starting PushDeployAsync" date="2025-12-19T12:14:39.928" /><!-- duration: 0ms -->
    <step title="Updating shutdown sentinel last write time" date="2025-12-19T12:14:39.944" SemaphoreCount="7" /><!-- duration: 16ms -->
    <step title="LockFile &apos;C:\home\site\locks\deployments.lock&apos; acquired" date="2025-12-19T12:14:39.959" /><!-- duration: 0ms -->
    <step title="Saving request content to C:\local\Temp\zipdeploy\cvdnn2mg.zip" date="2025-12-19T12:14:39.975" >
      <step title="Total 13,842,316 bytes written to C:\local\Temp\zipdeploy\cvdnn2mg.zip" date="2025-12-19T12:14:43.100" /><!-- duration: 16ms -->
    </step><!-- duration: 3141ms -->
    <step title="LockFile &apos;C:\home\site\locks\deployments.lock&apos; released" date="2025-12-19T12:14:43.116" /><!-- duration: 0ms -->
    <step title="Deleting shutdown sentinel file" date="2025-12-19T12:14:43.131" SemaphoreCount="8" /><!-- duration: 0ms -->
    <step title="Starting FetchDeploy" date="2025-12-19T12:14:43.131" /><!-- duration: 16ms -->
    <step title="Start deployment in the background" date="2025-12-19T12:14:43.147" /><!-- duration: 63ms -->
  </step><!-- duration: 3281ms -->
  <step title="Outgoing response" date="2025-12-19T12:14:43.209" type="response" statusCode="202" statusText="Accepted" Server="Microsoft-IIS/10.0" x-ms-request-id="1330728f-7d7f-492e-8161-50ccfbd0a849" Retry-After="30" Cache-Control="private" X-AspNet-Version="4.0.30319" Location="https://smartstudy-api-athtbtapcvdjesbe.scm.centralindia-01.azurewebsites.net/api/deployments/latest?deployer=OneDeploy&amp;time=2025-12-19_12-14-43Z" /><!-- duration: 0ms -->
</step><!-- duration: 3781ms -->
