<step title="BackgroundTrace" date="2025-12-18T12:39:14.179" instance="a6e48b" url="/api/publish" method="POST" >
  <step title="Updating shutdown sentinel last write time" date="2025-12-18T12:39:14.195" SemaphoreCount="7" /><!-- duration: 0ms -->
  <step title="LockFile &apos;C:\home\site\locks\deployments.lock&apos; acquired" date="2025-12-18T12:39:14.195" /><!-- duration: 0ms -->
  <step title="Creating temporary deployment" date="2025-12-18T12:39:14.211" /><!-- duration: 47ms -->
  <step title="Performing fetch based deployment" date="2025-12-18T12:39:14.257" >
    <step title="Fetching changes." date="2025-12-18T12:39:14.320" /><!-- duration: 16ms -->
    <step title="Starting LocalZipHandler" date="2025-12-18T12:39:14.336" /><!-- duration: 0ms -->
    <step title="Cleaning up temp folders from previous zip deployments and extracting pushed zip file C:\local\Temp\zipdeploy\l50htnsg.zip (11.91 MB) to C:\local\Temp\zipdeploy\extracted" date="2025-12-18T12:39:14.367" /><!-- duration: 16ms -->
    <step title="Cleaning up temp folders from previous zip deployments and extracting pushed zip file C:\local\Temp\zipdeploy\l50htnsg.zip (11.91 MB) to C:\local\Temp\zipdeploy\extracted" date="2025-12-18T12:39:14.382" >
      <step title="Renaming extractTargetDirectory(C:\local\Temp\zipdeploy\extracted) to tempDirectory(C:\local\Temp\zipdeploy\5pidussf.qi3)" date="2025-12-18T12:39:14.382" /><!-- duration: 0ms -->
      <step title="Extracting 107 entries to C:\local\Temp\zipdeploy\extracted directory" date="2025-12-18T12:39:14.429" >
        <step title="Extracting to C:\local\Temp\zipdeploy\extracted\runtimes\unix\lib\net6.0\Microsoft.Data.SqlClient.dll ..." date="2025-12-18T12:39:14.445" /><!-- duration: 31ms -->
        <step title="Extracting to C:\local\Temp\zipdeploy\extracted\runtimes\unix\lib\net6.0\System.Drawing.Common.dll ..." date="2025-12-18T12:39:14.492" /><!-- duration: 16ms -->
        <step title="Extracting to C:\local\Temp\zipdeploy\extracted\runtimes\win\lib\net6.0\Microsoft.Data.SqlClient.dll ..." date="2025-12-18T12:39:14.507" /><!-- duration: 16ms -->
        <step title="Extracting to C:\local\Temp\zipdeploy\extracted\runtimes\win\lib\net6.0\Microsoft.Win32.SystemEvents.dll ..." date="2025-12-18T12:39:14.523" /><!-- duration: 16ms -->
        <step title="Extracting to C:\local\Temp\zipdeploy\extracted\runtimes\win\lib\net6.0\System.Drawing.Common.dll ..." date="2025-12-18T12:39:14.539" /><!-- duration: 16ms -->
        <step title="Omitting extracting file traces ..." date="2025-12-18T12:39:14.554" /><!-- duration: 16ms -->
      </step><!-- duration: 531ms -->
    </step><!-- duration: 578ms -->
    <step title="Before sending BuildRequestReceived status to /api/updatedeploystatus" date="2025-12-18T12:39:14.976" /><!-- duration: 0ms -->
    <step title="DeploymentManager.Deploy(id:45aef00af778455a89f647c7b18dba67)" date="2025-12-18T12:39:14.992" >
      <step title="Collecting changeset information" date="2025-12-18T12:39:14.992" /><!-- duration: 31ms -->
      <step title="Updating submodules" date="2025-12-18T12:39:15.039" >
        <step title="Updating submodules." date="2025-12-18T12:39:15.070" /><!-- duration: 0ms -->
      </step><!-- duration: 47ms -->
      <step title="Preparing deployment for commit id &apos;45aef00af7&apos;." date="2025-12-18T12:39:15.117" /><!-- duration: 0ms -->
      <step title="Determining deployment builder" date="2025-12-18T12:39:15.148" >
        <step title="Builder is OneDeployBuilder" date="2025-12-18T12:39:15.164" /><!-- duration: 0ms -->
      </step><!-- duration: 16ms -->
      <step title="Copying SSH keys" date="2025-12-18T12:39:15.195" /><!-- duration: 0ms -->
      <step title="Building" date="2025-12-18T12:39:15.211" >
        <step title="Running build. Project type: OneDeploy" date="2025-12-18T12:39:15.242" /><!-- duration: 0ms -->
        <step title="Copying the manifest" date="2025-12-18T12:39:15.273" /><!-- duration: 0ms -->
        <step title="Clean deploying to C:\home\site\wwwroot" date="2025-12-18T12:39:15.336" /><!-- duration: 16ms -->
        <step title="Generating deployment script." date="2025-12-18T12:39:15.382" /><!-- duration: 0ms -->
        <step title="Generating deployment script" date="2025-12-18T12:39:15.382" >
          <step title="Using cached version of the deployment script for command: -y --no-dot-deployment -r &quot;C:\local\Temp\zipdeploy\extracted&quot; -o &quot;C:\home\site\deployments\tools&quot; --basic --sitePath &quot;C:\local\Temp\zipdeploy\extracted&quot;" date="2025-12-18T12:39:15.429" /><!-- duration: 16ms -->
          <step title="Using cached version of deployment script (command: &apos;azure -y --no-dot-deployment -r &quot;C:\local\Temp\zipdeploy\extracted&quot; -o &quot;C:\home\site\deployments\tools&quot; --basic --sitePath &quot;C:\local\Temp\zipdeploy\extracted&quot;&apos;)." date="2025-12-18T12:39:15.461" /><!-- duration: 0ms -->
        </step><!-- duration: 94ms -->
        <step title="Running deployment command..." date="2025-12-18T12:39:15.507" /><!-- duration: 0ms -->
        <step title="Command: &quot;C:\home\site\deployments\tools\deploy.cmd&quot;" date="2025-12-18T12:39:15.507" /><!-- duration: 16ms -->
        <step title="Executing external process" date="2025-12-18T12:39:15.523" type="process" path="starter.cmd" arguments="&quot;C:\home\site\deployments\tools\deploy.cmd&quot;" >
          <step title="Handling Basic Web Site deployment." date="2025-12-18T12:39:15.664" /><!-- duration: 16ms -->
          <step title="Creating app_offline.htm" date="2025-12-18T12:39:18.258" /><!-- duration: 0ms -->
          <step title="KuduSync.NET from: &apos;C:\local\Temp\zipdeploy\extracted&apos; to: &apos;C:\home\site\wwwroot&apos;" date="2025-12-18T12:39:18.273" /><!-- duration: 0ms -->
          <step title="Deleting file: &apos;logs\app-20251218.log&apos;" date="2025-12-18T12:39:18.289" /><!-- duration: 0ms -->
          <step title="Deleting file: &apos;logs\stdout_20251218113853_10068.log&apos;" date="2025-12-18T12:39:18.304" /><!-- duration: 16ms -->
          <step title="Deleting directory: &apos;logs&apos;" date="2025-12-18T12:39:18.320" /><!-- duration: 0ms -->
          <step title="Copying file: &apos;SchoolAiChatbotBackend.dll&apos;" date="2025-12-18T12:39:18.336" /><!-- duration: 0ms -->
          <step title="Copying file: &apos;SchoolAiChatbotBackend.exe&apos;" date="2025-12-18T12:39:18.351" /><!-- duration: 0ms -->
          <step title="Copying file: &apos;SchoolAiChatbotBackend.pdb&apos;" date="2025-12-18T12:39:18.351" /><!-- duration: 16ms -->
          <step title="Deleting app_offline.htm" date="2025-12-18T12:39:18.367" /><!-- duration: 0ms -->
          <step title="Finished successfully." date="2025-12-18T12:39:18.383" /><!-- duration: 0ms -->
        </step><!-- duration: 2859ms -->
        <step title="Build completed succesfully." date="2025-12-18T12:39:18.429" /><!-- duration: 0ms -->
        <step title="Running post deployment command(s)..." date="2025-12-18T12:39:18.461" /><!-- duration: 16ms -->
        <step title="Requesting site restart" date="2025-12-18T12:39:18.523" /><!-- duration: 16ms -->
        <step title="Requesting site restart" date="2025-12-18T12:39:18.554" /><!-- duration: 0ms -->
        <step title="Requesting site restart. Attempt #1" date="2025-12-18T12:39:18.586" /><!-- duration: 16ms -->
        <step title="Requesting site restart. Attempt #1" date="2025-12-18T12:39:18.601" /><!-- duration: 0ms -->
        <step title="Successfully requested a restart. Attempt #1" date="2025-12-18T12:39:18.930" /><!-- duration: 0ms -->
        <step title="Successfully requested a restart. Attempt #1" date="2025-12-18T12:39:18.945" /><!-- duration: 0ms -->
        <step title="Deployment successful. DEPLOYMENTINFO: deploymentPath = OneDeploy, deployer = OneDeploy, os = windows, sku = Free, siteName = smartstudy-api, siteHostName = smartstudy-api-athtbtapcvdjesbe.centralindia-01.azurewebsites.net, deploymentStatus = Success" date="2025-12-18T12:39:18.992" /><!-- duration: 0ms -->
        <step title="Purge deployment items" date="2025-12-18T12:39:19.117" >
          <step title="Remove 67c3cb972, Success, received at 12/17/2025 10:29:20 PM" date="2025-12-18T12:39:19.164" /><!-- duration: 16ms -->
        </step><!-- duration: 63ms -->
      </step><!-- duration: 3985ms -->
    </step><!-- duration: 4219ms -->
    <step title="Cleaning up temp files" date="2025-12-18T12:39:19.211" /><!-- duration: 0ms -->
    <step title="Skip function trigger and logicapp sync because function is not enabled." date="2025-12-18T12:39:19.226" /><!-- duration: 0ms -->
  </step><!-- duration: 5000ms -->
  <step title="LockFile &apos;C:\home\site\locks\deployments.lock&apos; released" date="2025-12-18T12:39:19.258" /><!-- duration: 16ms -->
  <step title="Deleting shutdown sentinel file" date="2025-12-18T12:39:19.289" SemaphoreCount="8" /><!-- duration: 16ms -->
</step><!-- duration: 5125ms -->
