<step title="Incoming Request" date="2025-12-19T13:17:43.285" instance="a6e48b" url="/api/publish?type=zip" method="POST" type="request" pid="6112,2,14" Cache-Control="no-cache" Content-Length="12503375" Content-Type="application/octet-stream" Accept="*/*" Accept-Encoding="gzip, deflate" Authorization="Bea..." Host="smartstudy-api-athtbtapcvdjesbe.scm.centralindia-01.azurewebsites.net" User-Agent="AZURECLI/2.80.0 (MSI)" x-ms-client-request-id="1666dcc9-dcdd-11f0-bd45-7404f1536f46" X-ARR-LOG-ID="1666dcc9-dcdd-11f0-bd45-7404f1536f46" CLIENT-IP="38.254.185.239:55150" X-SITE-DEPLOYMENT-ID="smartstudy-api" WAS-DEFAULT-HOSTNAME="smartstudy-api-athtbtapcvdjesbe.scm.centralindia-01.azurewebsites.net" X-Forwarded-Proto="https" X-AppService-Proto="https" X-Forwarded-TlsVersion="1.3" X-WAWS-Unencoded-URL="/api/publish?type=zip" >
  <step title="Cleanup Xml Logs" date="2025-12-19T13:17:43.285" /><!-- duration: 16ms -->
  <step title="OneDeploy" date="2025-12-19T13:17:43.363" >
    <step title="Starting PushDeployAsync" date="2025-12-19T13:17:43.379" /><!-- duration: 0ms -->
    <step title="Updating shutdown sentinel last write time" date="2025-12-19T13:17:43.379" SemaphoreCount="7" /><!-- duration: 16ms -->
    <step title="LockFile &apos;C:\home\site\locks\deployments.lock&apos; acquired" date="2025-12-19T13:17:43.394" /><!-- duration: 16ms -->
    <step title="Saving request content to C:\local\Temp\zipdeploy\zwfve1mk.zip" date="2025-12-19T13:17:43.410" >
      <step title="Total 12,503,375 bytes written to C:\local\Temp\zipdeploy\zwfve1mk.zip" date="2025-12-19T13:17:44.051" /><!-- duration: 16ms -->
    </step><!-- duration: 672ms -->
    <step title="LockFile &apos;C:\home\site\locks\deployments.lock&apos; released" date="2025-12-19T13:17:44.082" /><!-- duration: 0ms -->
    <step title="Deleting shutdown sentinel file" date="2025-12-19T13:17:44.097" SemaphoreCount="8" /><!-- duration: 0ms -->
    <step title="Starting FetchDeploy" date="2025-12-19T13:17:44.097" /><!-- duration: 0ms -->
    <step title="Attempting to fetch target branch HEAD" date="2025-12-19T13:17:44.113" /><!-- duration: 0ms -->
    <step title="Updating shutdown sentinel last write time" date="2025-12-19T13:17:44.113" SemaphoreCount="7" /><!-- duration: 0ms -->
    <step title="LockFile &apos;C:\home\site\locks\deployments.lock&apos; acquired" date="2025-12-19T13:17:44.129" /><!-- duration: 0ms -->
    <step title="Performing fetch based deployment" date="2025-12-19T13:17:44.129" >
      <step title="Creating temporary deployment" date="2025-12-19T13:17:44.129" /><!-- duration: 47ms -->
      <step title="Fetching changes." date="2025-12-19T13:17:44.207" /><!-- duration: 0ms -->
      <step title="Starting LocalZipHandler" date="2025-12-19T13:17:44.222" /><!-- duration: 0ms -->
      <step title="Starting LocalZipFetch" date="2025-12-19T13:17:44.222" /><!-- duration: 0ms -->
      <step title="Cleaning up temp folders from previous zip deployments and extracting pushed zip file C:\local\Temp\zipdeploy\zwfve1mk.zip (11.92 MB) to C:\local\Temp\zipdeploy\extracted" date="2025-12-19T13:17:44.238" /><!-- duration: 0ms -->
      <step title="Cleaning up temp folders from previous zip deployments and extracting pushed zip file C:\local\Temp\zipdeploy\zwfve1mk.zip (11.92 MB) to C:\local\Temp\zipdeploy\extracted" date="2025-12-19T13:17:44.254" >
        <step title="Renaming extractTargetDirectory(C:\local\Temp\zipdeploy\extracted) to tempDirectory(C:\local\Temp\zipdeploy\tmkqi5em.mjo)" date="2025-12-19T13:17:44.254" /><!-- duration: 0ms -->
        <step title="Extracting 107 entries to C:\local\Temp\zipdeploy\extracted directory" date="2025-12-19T13:17:44.269" >
          <step title="Extracting to C:\local\Temp\zipdeploy\extracted\runtimes\unix\lib\net6.0\Microsoft.Data.SqlClient.dll ..." date="2025-12-19T13:17:44.269" /><!-- duration: 16ms -->
          <step title="Extracting to C:\local\Temp\zipdeploy\extracted\runtimes\unix\lib\net6.0\System.Drawing.Common.dll ..." date="2025-12-19T13:17:44.301" /><!-- duration: 16ms -->
          <step title="Extracting to C:\local\Temp\zipdeploy\extracted\runtimes\win\lib\net6.0\Microsoft.Data.SqlClient.dll ..." date="2025-12-19T13:17:44.316" /><!-- duration: 16ms -->
          <step title="Extracting to C:\local\Temp\zipdeploy\extracted\runtimes\win\lib\net6.0\Microsoft.Win32.SystemEvents.dll ..." date="2025-12-19T13:17:44.347" /><!-- duration: 0ms -->
          <step title="Extracting to C:\local\Temp\zipdeploy\extracted\runtimes\win\lib\net6.0\System.Drawing.Common.dll ..." date="2025-12-19T13:17:44.347" /><!-- duration: 16ms -->
          <step title="Omitting extracting file traces ..." date="2025-12-19T13:17:44.363" /><!-- duration: 16ms -->
        </step><!-- duration: 484ms -->
      </step><!-- duration: 516ms -->
      <step title="None repository commit" date="2025-12-19T13:17:44.769" >
        <step title="Commit id: e2b6e1587acf42838f9f81f4401acee9" date="2025-12-19T13:17:44.769" Message="OneDeploy" AuthorName="N/A" AuthorEmail="N/A" /><!-- duration: 16ms -->
      </step><!-- duration: 16ms -->
      <step title="Before sending BuildRequestReceived status to /api/updatedeploystatus" date="2025-12-19T13:17:44.785" /><!-- duration: 0ms -->
      <step title="DeploymentManager.Deploy(id:e2b6e1587acf42838f9f81f4401acee9)" date="2025-12-19T13:17:44.801" >
        <step title="Collecting changeset information" date="2025-12-19T13:17:44.801" /><!-- duration: 31ms -->
        <step title="Updating submodules" date="2025-12-19T13:17:44.847" >
          <step title="Updating submodules." date="2025-12-19T13:17:44.879" /><!-- duration: 0ms -->
        </step><!-- duration: 47ms -->
        <step title="Preparing deployment for commit id &apos;e2b6e1587a&apos;." date="2025-12-19T13:17:44.926" /><!-- duration: 16ms -->
        <step title="Determining deployment builder" date="2025-12-19T13:17:44.972" >
          <step title="Builder is OneDeployBuilder" date="2025-12-19T13:17:44.972" /><!-- duration: 0ms -->
        </step><!-- duration: 0ms -->
        <step title="Copying SSH keys" date="2025-12-19T13:17:44.988" /><!-- duration: 16ms -->
        <step title="Building" date="2025-12-19T13:17:45.004" >
          <step title="Running build. Project type: OneDeploy" date="2025-12-19T13:17:45.051" /><!-- duration: 0ms -->
          <step title="Copying the manifest" date="2025-12-19T13:17:45.097" /><!-- duration: 0ms -->
          <step title="Clean deploying to C:\home\site\wwwroot" date="2025-12-19T13:17:45.144" /><!-- duration: 0ms -->
          <step title="Generating deployment script." date="2025-12-19T13:17:45.191" /><!-- duration: 0ms -->
          <step title="Generating deployment script" date="2025-12-19T13:17:45.191" >
            <step title="Using cached version of the deployment script for command: -y --no-dot-deployment -r &quot;C:\local\Temp\zipdeploy\extracted&quot; -o &quot;C:\home\site\deployments\tools&quot; --basic --sitePath &quot;C:\local\Temp\zipdeploy\extracted&quot;" date="2025-12-19T13:17:45.207" /><!-- duration: 0ms -->
            <step title="Using cached version of deployment script (command: &apos;azure -y --no-dot-deployment -r &quot;C:\local\Temp\zipdeploy\extracted&quot; -o &quot;C:\home\site\deployments\tools&quot; --basic --sitePath &quot;C:\local\Temp\zipdeploy\extracted&quot;&apos;)." date="2025-12-19T13:17:45.254" /><!-- duration: 0ms -->
          </step><!-- duration: 78ms -->
          <step title="Running deployment command..." date="2025-12-19T13:17:45.316" /><!-- duration: 0ms -->
          <step title="Command: &quot;C:\home\site\deployments\tools\deploy.cmd&quot;" date="2025-12-19T13:17:45.332" /><!-- duration: 0ms -->
          <step title="Executing external process" date="2025-12-19T13:17:45.332" type="process" path="starter.cmd" arguments="&quot;C:\home\site\deployments\tools\deploy.cmd&quot;" >
            <step title="Handling Basic Web Site deployment." date="2025-12-19T13:17:45.457" /><!-- duration: 0ms -->
            <step title="Creating app_offline.htm" date="2025-12-19T13:17:48.098" /><!-- duration: 0ms -->
            <step title="KuduSync.NET from: &apos;C:\local\Temp\zipdeploy\extracted&apos; to: &apos;C:\home\site\wwwroot&apos;" date="2025-12-19T13:17:48.113" /><!-- duration: 0ms -->
            <step title="Deleting file: &apos;logs\app-20251219.log&apos;" date="2025-12-19T13:17:48.129" /><!-- duration: 0ms -->
            <step title="Deleting file: &apos;logs\stdout_20251219131616_18928.log&apos;" date="2025-12-19T13:17:48.144" /><!-- duration: 0ms -->
            <step title="Deleting directory: &apos;logs&apos;" date="2025-12-19T13:17:48.160" /><!-- duration: 0ms -->
            <step title="Copying file: &apos;SchoolAiChatbotBackend.dll&apos;" date="2025-12-19T13:17:48.176" /><!-- duration: 0ms -->
            <step title="Copying file: &apos;SchoolAiChatbotBackend.exe&apos;" date="2025-12-19T13:17:48.191" /><!-- duration: 0ms -->
            <step title="Copying file: &apos;SchoolAiChatbotBackend.pdb&apos;" date="2025-12-19T13:17:48.207" /><!-- duration: 16ms -->
            <step title="Deleting app_offline.htm" date="2025-12-19T13:17:48.223" /><!-- duration: 16ms -->
            <step title="Finished successfully." date="2025-12-19T13:17:48.238" /><!-- duration: 16ms -->
          </step><!-- duration: 2922ms -->
          <step title="Build completed succesfully." date="2025-12-19T13:17:48.285" /><!-- duration: 16ms -->
          <step title="Running post deployment command(s)..." date="2025-12-19T13:17:48.363" /><!-- duration: 0ms -->
          <step title="Requesting site restart" date="2025-12-19T13:17:48.394" /><!-- duration: 16ms -->
          <step title="Requesting site restart" date="2025-12-19T13:17:48.410" /><!-- duration: 0ms -->
          <step title="Requesting site restart. Attempt #1" date="2025-12-19T13:17:48.441" /><!-- duration: 16ms -->
          <step title="Requesting site restart. Attempt #1" date="2025-12-19T13:17:48.457" /><!-- duration: 16ms -->
          <step title="Successfully requested a restart. Attempt #1" date="2025-12-19T13:17:48.582" /><!-- duration: 0ms -->
          <step title="Successfully requested a restart. Attempt #1" date="2025-12-19T13:17:48.598" /><!-- duration: 0ms -->
          <step title="Deployment successful. DEPLOYMENTINFO: deploymentPath = OneDeploy, deployer = OneDeploy, os = windows, sku = Free, siteName = smartstudy-api, siteHostName = smartstudy-api-athtbtapcvdjesbe.centralindia-01.azurewebsites.net, deploymentStatus = Success" date="2025-12-19T13:17:48.629" /><!-- duration: 0ms -->
          <step title="Purge deployment items" date="2025-12-19T13:17:48.785" >
            <step title="Remove c5ad90d53, Success, received at 12/19/2025 9:31:52 AM" date="2025-12-19T13:17:48.832" /><!-- duration: 0ms -->
          </step><!-- duration: 63ms -->
        </step><!-- duration: 3860ms -->
      </step><!-- duration: 4063ms -->
      <step title="Cleaning up temp files" date="2025-12-19T13:17:48.863" /><!-- duration: 16ms -->
      <step title="Skip function trigger and logicapp sync because function is not enabled." date="2025-12-19T13:17:48.879" /><!-- duration: 0ms -->
    </step><!-- duration: 4781ms -->
    <step title="LockFile &apos;C:\home\site\locks\deployments.lock&apos; released" date="2025-12-19T13:17:48.926" /><!-- duration: 0ms -->
    <step title="Deleting shutdown sentinel file" date="2025-12-19T13:17:48.941" SemaphoreCount="8" /><!-- duration: 0ms -->
  </step><!-- duration: 5578ms -->
  <step title="Outgoing response" date="2025-12-19T13:17:48.941" type="response" statusCode="200" statusText="OK" Server="Microsoft-IIS/10.0" x-ms-request-id="1666dcc9-dcdd-11f0-bd45-7404f1536f46" Cache-Control="private" X-AspNet-Version="4.0.30319" /><!-- duration: 16ms -->
</step><!-- duration: 5672ms -->
