<step title="Incoming Request" date="2025-12-19T11:57:05.844" instance="a6e48b" url="/api/publish?async=true&amp;deployer=GITHUB_ONE_DEPLOY&amp;type=zip&amp;message=%7B%22type%22%3A%22deployment%22%2C%22sha%22%3A%22b9647a7296bc644fca20a3113d438b7347bd2c85%22%2C%22repoName%22%3A%22sadabyakod%2Fschool-ai-chatbot%22%2C%22actor%22%3A%22sadabyakod%22%2C%22slotName%22%3A%22Production%22%2C%22commitMessage%22%3A%22Fix%3A%20Remove%20leftover%20prompt%20text%20causing%20syntax%20error%22%7D" method="POST" type="request" pid="20980,2,56" Transfer-Encoding="chunked" Content-Type="application/octet-stream" Authorization="Bea..." Cookie="ARRAffinity=a6e48b9e9d2653435be7b61998d8624b44115214104213d6c8b8c526cc56dc70;Path=/;HttpOnly;Secure;Domain=smartstudy-api-athtbtapcvdjesbe.scm.centralindia-01.azurewebsites.net; ARRAffinitySameSite=a6e48b9e9d2653435be7b61998d8624b44115214104213d6c8b8c526cc56dc70;Path=/;HttpOnly;SameSite=None;Secure;Domain=smartstudy-api-athtbtapcvdjesbe.scm.centralindia-01.azurewebsites.net" Host="smartstudy-api-athtbtapcvdjesbe.scm.centralindia-01.azurewebsites.net" User-Agent="GITHUBACTIONS_DeployWebAppToAzure_b38e683445ac2cccfa8cd358babf8f5a5158c9572d0969b43cb3c24e61907cfe" X-ARR-LOG-ID="e3cf15d6-5f9b-4a65-9264-fd421baa7fd6" CLIENT-IP="20.51.198.209:18440" X-SITE-DEPLOYMENT-ID="smartstudy-api" WAS-DEFAULT-HOSTNAME="smartstudy-api-athtbtapcvdjesbe.scm.centralindia-01.azurewebsites.net" X-Forwarded-Proto="https" X-AppService-Proto="https" X-Forwarded-TlsVersion="1.3" X-WAWS-Unencoded-URL="/api/publish?async=true&amp;deployer=GITHUB_ONE_DEPLOY&amp;type=zip&amp;message=%7B%22type%22%3A%22deployment%22%2C%22sha%22%3A%22b9647a7296bc644fca20a3113d438b7347bd2c85%22%2C%22repoName%22%3A%22sadabyakod%2Fschool-ai-chatbot%22%2C%22actor%22%3A%22sadabyakod%22%2C%22slotName%22%3A%22Production%22%2C%22commitMessage%22%3A%22Fix%3A%20Remove%20leftover%20prompt%20text%20causing%20syntax%20error%22%7D" >
  <step title="OneDeploy" date="2025-12-19T11:57:06.250" >
    <step title="Starting PushDeployAsync" date="2025-12-19T11:57:06.250" /><!-- duration: 16ms -->
    <step title="Updating shutdown sentinel last write time" date="2025-12-19T11:57:06.265" SemaphoreCount="7" /><!-- duration: 16ms -->
    <step title="LockFile &apos;C:\home\site\locks\deployments.lock&apos; acquired" date="2025-12-19T11:57:06.281" /><!-- duration: 0ms -->
    <step title="Saving request content to C:\local\Temp\zipdeploy\wbbjd3kb.zip" date="2025-12-19T11:57:06.297" >
      <step title="Total 13,844,392 bytes written to C:\local\Temp\zipdeploy\wbbjd3kb.zip" date="2025-12-19T11:57:09.031" /><!-- duration: 0ms -->
    </step><!-- duration: 2750ms -->
    <step title="LockFile &apos;C:\home\site\locks\deployments.lock&apos; released" date="2025-12-19T11:57:09.047" /><!-- duration: 0ms -->
    <step title="Deleting shutdown sentinel file" date="2025-12-19T11:57:09.047" SemaphoreCount="8" /><!-- duration: 16ms -->
    <step title="Starting FetchDeploy" date="2025-12-19T11:57:09.062" /><!-- duration: 0ms -->
    <step title="Start deployment in the background" date="2025-12-19T11:57:09.062" /><!-- duration: 78ms -->
  </step><!-- duration: 2906ms -->
  <step title="Outgoing response" date="2025-12-19T11:57:09.156" type="response" statusCode="202" statusText="Accepted" Server="Microsoft-IIS/10.0" x-ms-request-id="e3cf15d6-5f9b-4a65-9264-fd421baa7fd6" Retry-After="30" Cache-Control="private" X-AspNet-Version="4.0.30319" Location="https://smartstudy-api-athtbtapcvdjesbe.scm.centralindia-01.azurewebsites.net/api/deployments/latest?deployer=OneDeploy&amp;time=2025-12-19_11-57-09Z" /><!-- duration: 0ms -->
</step><!-- duration: 3313ms -->
