<step title="Incoming Request" date="2025-12-19T13:15:54.982" instance="a6e48b" url="/api/publish?type=zip" method="POST" type="request" pid="6112,2,14" Cache-Control="no-cache" Content-Length="12503232" Content-Type="application/octet-stream" Accept="*/*" Accept-Encoding="gzip, deflate" Authorization="Bea..." Host="smartstudy-api-athtbtapcvdjesbe.scm.centralindia-01.azurewebsites.net" User-Agent="AZURECLI/2.80.0 (MSI)" x-ms-client-request-id="d46aefb7-dcdc-11f0-b68a-7404f1536f46" X-ARR-LOG-ID="d46aefb7-dcdc-11f0-b68a-7404f1536f46" CLIENT-IP="38.254.185.239:51201" X-SITE-DEPLOYMENT-ID="smartstudy-api" WAS-DEFAULT-HOSTNAME="smartstudy-api-athtbtapcvdjesbe.scm.centralindia-01.azurewebsites.net" X-Forwarded-Proto="https" X-AppService-Proto="https" X-Forwarded-TlsVersion="1.3" X-WAWS-Unencoded-URL="/api/publish?type=zip" >
  <step title="Cleanup Xml Logs" date="2025-12-19T13:15:54.982" /><!-- duration: 0ms -->
  <step title="OneDeploy" date="2025-12-19T13:15:55.045" >
    <step title="Starting PushDeployAsync" date="2025-12-19T13:15:55.060" /><!-- duration: 0ms -->
    <step title="Updating shutdown sentinel last write time" date="2025-12-19T13:15:55.092" SemaphoreCount="7" /><!-- duration: 0ms -->
    <step title="LockFile &apos;C:\home\site\locks\deployments.lock&apos; acquired" date="2025-12-19T13:15:55.107" /><!-- duration: 16ms -->
    <step title="Saving request content to C:\local\Temp\zipdeploy\zpy5usjt.zip" date="2025-12-19T13:15:55.139" >
      <step title="Total 12,503,232 bytes written to C:\local\Temp\zipdeploy\zpy5usjt.zip" date="2025-12-19T13:15:55.279" /><!-- duration: 16ms -->
    </step><!-- duration: 156ms -->
    <step title="LockFile &apos;C:\home\site\locks\deployments.lock&apos; released" date="2025-12-19T13:15:55.310" /><!-- duration: 0ms -->
    <step title="Deleting shutdown sentinel file" date="2025-12-19T13:15:55.310" SemaphoreCount="8" /><!-- duration: 16ms -->
    <step title="Starting FetchDeploy" date="2025-12-19T13:15:55.326" /><!-- duration: 0ms -->
    <step title="Attempting to fetch target branch HEAD" date="2025-12-19T13:15:55.342" /><!-- duration: 0ms -->
    <step title="Updating shutdown sentinel last write time" date="2025-12-19T13:15:55.342" SemaphoreCount="7" /><!-- duration: 16ms -->
    <step title="LockFile &apos;C:\home\site\locks\deployments.lock&apos; acquired" date="2025-12-19T13:15:55.357" /><!-- duration: 0ms -->
    <step title="Performing fetch based deployment" date="2025-12-19T13:15:55.373" >
      <step title="Creating temporary deployment" date="2025-12-19T13:15:55.373" /><!-- duration: 47ms -->
      <step title="Fetching changes." date="2025-12-19T13:15:55.498" /><!-- duration: 16ms -->
      <step title="Starting LocalZipHandler" date="2025-12-19T13:15:55.529" /><!-- duration: 0ms -->
      <step title="Starting LocalZipFetch" date="2025-12-19T13:15:55.529" /><!-- duration: 16ms -->
      <step title="Cleaning up temp folders from previous zip deployments and extracting pushed zip file C:\local\Temp\zipdeploy\zpy5usjt.zip (11.92 MB) to C:\local\Temp\zipdeploy\extracted" date="2025-12-19T13:15:55.545" /><!-- duration: 0ms -->
      <step title="Cleaning up temp folders from previous zip deployments and extracting pushed zip file C:\local\Temp\zipdeploy\zpy5usjt.zip (11.92 MB) to C:\local\Temp\zipdeploy\extracted" date="2025-12-19T13:15:55.560" >
        <step title="Renaming extractTargetDirectory(C:\local\Temp\zipdeploy\extracted) to tempDirectory(C:\local\Temp\zipdeploy\upilzqmj.aff)" date="2025-12-19T13:15:55.560" /><!-- duration: 0ms -->
        <step title="Extracting 107 entries to C:\local\Temp\zipdeploy\extracted directory" date="2025-12-19T13:15:55.576" >
          <step title="Extracting to C:\local\Temp\zipdeploy\extracted\runtimes\unix\lib\net6.0\Microsoft.Data.SqlClient.dll ..." date="2025-12-19T13:15:55.592" /><!-- duration: 47ms -->
          <step title="Extracting to C:\local\Temp\zipdeploy\extracted\runtimes\unix\lib\net6.0\System.Drawing.Common.dll ..." date="2025-12-19T13:15:55.639" /><!-- duration: 16ms -->
          <step title="Extracting to C:\local\Temp\zipdeploy\extracted\runtimes\win\lib\net6.0\Microsoft.Data.SqlClient.dll ..." date="2025-12-19T13:15:55.654" /><!-- duration: 16ms -->
          <step title="Extracting to C:\local\Temp\zipdeploy\extracted\runtimes\win\lib\net6.0\Microsoft.Win32.SystemEvents.dll ..." date="2025-12-19T13:15:55.685" /><!-- duration: 0ms -->
          <step title="Extracting to C:\local\Temp\zipdeploy\extracted\runtimes\win\lib\net6.0\System.Drawing.Common.dll ..." date="2025-12-19T13:15:55.685" /><!-- duration: 16ms -->
          <step title="Omitting extracting file traces ..." date="2025-12-19T13:15:55.701" /><!-- duration: 0ms -->
        </step><!-- duration: 516ms -->
      </step><!-- duration: 547ms -->
      <step title="None repository commit" date="2025-12-19T13:15:56.107" >
        <step title="Commit id: 2acad735ea034eeba62a54d46d4d29ed" date="2025-12-19T13:15:56.107" Message="OneDeploy" AuthorName="N/A" AuthorEmail="N/A" /><!-- duration: 0ms -->
      </step><!-- duration: 16ms -->
      <step title="Before sending BuildRequestReceived status to /api/updatedeploystatus" date="2025-12-19T13:15:56.123" /><!-- duration: 0ms -->
      <step title="DeploymentManager.Deploy(id:2acad735ea034eeba62a54d46d4d29ed)" date="2025-12-19T13:15:56.139" >
        <step title="Collecting changeset information" date="2025-12-19T13:15:56.154" /><!-- duration: 31ms -->
        <step title="Updating submodules" date="2025-12-19T13:15:56.185" >
          <step title="Updating submodules." date="2025-12-19T13:15:56.248" /><!-- duration: 16ms -->
        </step><!-- duration: 78ms -->
        <step title="Preparing deployment for commit id &apos;2acad735ea&apos;." date="2025-12-19T13:15:56.310" /><!-- duration: 0ms -->
        <step title="Determining deployment builder" date="2025-12-19T13:15:56.357" >
          <step title="Builder is OneDeployBuilder" date="2025-12-19T13:15:56.373" /><!-- duration: 0ms -->
        </step><!-- duration: 16ms -->
        <step title="Copying SSH keys" date="2025-12-19T13:15:56.389" /><!-- duration: 16ms -->
        <step title="Building" date="2025-12-19T13:15:56.404" >
          <step title="Running build. Project type: OneDeploy" date="2025-12-19T13:15:56.451" /><!-- duration: 0ms -->
          <step title="Copying the manifest" date="2025-12-19T13:15:56.482" /><!-- duration: 16ms -->
          <step title="Clean deploying to C:\home\site\wwwroot" date="2025-12-19T13:15:56.560" /><!-- duration: 0ms -->
          <step title="Generating deployment script." date="2025-12-19T13:15:56.608" /><!-- duration: 0ms -->
          <step title="Generating deployment script" date="2025-12-19T13:15:56.623" >
            <step title="Using cached version of the deployment script for command: -y --no-dot-deployment -r &quot;C:\local\Temp\zipdeploy\extracted&quot; -o &quot;C:\home\site\deployments\tools&quot; --basic --sitePath &quot;C:\local\Temp\zipdeploy\extracted&quot;" date="2025-12-19T13:15:56.639" /><!-- duration: 0ms -->
            <step title="Using cached version of deployment script (command: &apos;azure -y --no-dot-deployment -r &quot;C:\local\Temp\zipdeploy\extracted&quot; -o &quot;C:\home\site\deployments\tools&quot; --basic --sitePath &quot;C:\local\Temp\zipdeploy\extracted&quot;&apos;)." date="2025-12-19T13:15:56.654" /><!-- duration: 16ms -->
          </step><!-- duration: 63ms -->
          <step title="Running deployment command..." date="2025-12-19T13:15:56.732" /><!-- duration: 16ms -->
          <step title="Command: &quot;C:\home\site\deployments\tools\deploy.cmd&quot;" date="2025-12-19T13:15:56.764" /><!-- duration: 0ms -->
          <step title="Executing external process" date="2025-12-19T13:15:56.764" type="process" path="starter.cmd" arguments="&quot;C:\home\site\deployments\tools\deploy.cmd&quot;" >
            <step title="Handling Basic Web Site deployment." date="2025-12-19T13:15:56.935" /><!-- duration: 0ms -->
            <step title="Creating app_offline.htm" date="2025-12-19T13:15:57.123" /><!-- duration: 0ms -->
            <step title="KuduSync.NET from: &apos;C:\local\Temp\zipdeploy\extracted&apos; to: &apos;C:\home\site\wwwroot&apos;" date="2025-12-19T13:15:57.139" /><!-- duration: 0ms -->
            <step title="Deleting file: &apos;logs\app-20251219.log&apos;" date="2025-12-19T13:15:57.154" /><!-- duration: 0ms -->
            <step title="Deleting file: &apos;logs\stdout_20251219122238_16012.log&apos;" date="2025-12-19T13:15:57.170" /><!-- duration: 0ms -->
            <step title="Deleting directory: &apos;logs&apos;" date="2025-12-19T13:15:57.185" /><!-- duration: 0ms -->
            <step title="Copying file: &apos;SchoolAiChatbotBackend.dll&apos;" date="2025-12-19T13:15:57.201" /><!-- duration: 0ms -->
            <step title="Copying file: &apos;SchoolAiChatbotBackend.exe&apos;" date="2025-12-19T13:15:57.217" /><!-- duration: 16ms -->
            <step title="Copying file: &apos;SchoolAiChatbotBackend.pdb&apos;" date="2025-12-19T13:15:57.248" /><!-- duration: 0ms -->
            <step title="Deleting app_offline.htm" date="2025-12-19T13:15:57.264" /><!-- duration: 0ms -->
            <step title="Finished successfully." date="2025-12-19T13:15:57.279" /><!-- duration: 0ms -->
          </step><!-- duration: 531ms -->
          <step title="Build completed succesfully." date="2025-12-19T13:15:57.326" /><!-- duration: 16ms -->
          <step title="Running post deployment command(s)..." date="2025-12-19T13:15:57.373" /><!-- duration: 0ms -->
          <step title="Requesting site restart" date="2025-12-19T13:15:57.436" /><!-- duration: 0ms -->
          <step title="Requesting site restart" date="2025-12-19T13:15:57.451" /><!-- duration: 0ms -->
          <step title="Requesting site restart. Attempt #1" date="2025-12-19T13:15:57.482" /><!-- duration: 16ms -->
          <step title="Requesting site restart. Attempt #1" date="2025-12-19T13:15:57.498" /><!-- duration: 0ms -->
          <step title="Successfully requested a restart. Attempt #1" date="2025-12-19T13:15:57.811" /><!-- duration: 16ms -->
          <step title="Successfully requested a restart. Attempt #1" date="2025-12-19T13:15:57.826" /><!-- duration: 0ms -->
          <step title="Deployment successful. DEPLOYMENTINFO: deploymentPath = OneDeploy, deployer = OneDeploy, os = windows, sku = Free, siteName = smartstudy-api, siteHostName = smartstudy-api-athtbtapcvdjesbe.centralindia-01.azurewebsites.net, deploymentStatus = Success" date="2025-12-19T13:15:57.873" /><!-- duration: 0ms -->
          <step title="Purge deployment items" date="2025-12-19T13:15:58.014" >
            <step title="Remove c915bf6c9, Success, received at 12/18/2025 5:46:25 PM" date="2025-12-19T13:15:58.061" /><!-- duration: 16ms -->
          </step><!-- duration: 63ms -->
        </step><!-- duration: 1703ms -->
      </step><!-- duration: 1969ms -->
      <step title="Cleaning up temp files" date="2025-12-19T13:15:58.107" /><!-- duration: 0ms -->
      <step title="Skip function trigger and logicapp sync because function is not enabled." date="2025-12-19T13:15:58.123" /><!-- duration: 0ms -->
    </step><!-- duration: 2781ms -->
    <step title="LockFile &apos;C:\home\site\locks\deployments.lock&apos; released" date="2025-12-19T13:15:58.186" /><!-- duration: 0ms -->
    <step title="Deleting shutdown sentinel file" date="2025-12-19T13:15:58.201" SemaphoreCount="8" /><!-- duration: 31ms -->
  </step><!-- duration: 3188ms -->
  <step title="Outgoing response" date="2025-12-19T13:15:58.232" type="response" statusCode="200" statusText="OK" Server="Microsoft-IIS/10.0" x-ms-request-id="d46aefb7-dcdc-11f0-b68a-7404f1536f46" Cache-Control="private" X-AspNet-Version="4.0.30319" /><!-- duration: 16ms -->
</step><!-- duration: 3266ms -->
