<step title="Incoming Request" date="2025-12-18T13:30:39.156" instance="a6e48b" url="/api/publish?type=zip&amp;async=True" method="POST" type="request" pid="15808,2,44" Cache-Control="no-cache" Content-Length="12489376" Content-Type="application/octet-stream" Accept="*/*" Accept-Encoding="gzip, deflate" Authorization="Bea..." Host="smartstudy-api-athtbtapcvdjesbe.scm.centralindia-01.azurewebsites.net" User-Agent="AZURECLI/2.80.0 (MSI)" x-ms-client-request-id="ba070bc6-dc15-11f0-9508-7404f1536f46" X-ARR-LOG-ID="ba070bc6-dc15-11f0-9508-7404f1536f46" CLIENT-IP="38.254.185.42:57123" X-SITE-DEPLOYMENT-ID="smartstudy-api" WAS-DEFAULT-HOSTNAME="smartstudy-api-athtbtapcvdjesbe.scm.centralindia-01.azurewebsites.net" X-Forwarded-Proto="https" X-AppService-Proto="https" X-Forwarded-TlsVersion="1.3" X-WAWS-Unencoded-URL="/api/publish?type=zip&amp;async=True" >
  <step title="Cleanup Xml Logs" date="2025-12-18T13:30:39.156" /><!-- duration: 0ms -->
  <step title="OneDeploy" date="2025-12-18T13:30:39.171" >
    <step title="Starting PushDeployAsync" date="2025-12-18T13:30:39.171" /><!-- duration: 16ms -->
    <step title="Updating shutdown sentinel last write time" date="2025-12-18T13:30:39.202" SemaphoreCount="7" /><!-- duration: 0ms -->
    <step title="LockFile &apos;C:\home\site\locks\deployments.lock&apos; acquired" date="2025-12-18T13:30:39.218" /><!-- duration: 0ms -->
    <step title="Saving request content to C:\local\Temp\zipdeploy\dusiuqw1.zip" date="2025-12-18T13:30:39.218" >
      <step title="Total 12,489,376 bytes written to C:\local\Temp\zipdeploy\dusiuqw1.zip" date="2025-12-18T13:30:39.296" /><!-- duration: 16ms -->
    </step><!-- duration: 94ms -->
    <step title="LockFile &apos;C:\home\site\locks\deployments.lock&apos; released" date="2025-12-18T13:30:39.312" /><!-- duration: 0ms -->
    <step title="Deleting shutdown sentinel file" date="2025-12-18T13:30:39.327" SemaphoreCount="8" /><!-- duration: 0ms -->
    <step title="Starting FetchDeploy" date="2025-12-18T13:30:39.327" /><!-- duration: 16ms -->
    <step title="Start deployment in the background" date="2025-12-18T13:30:39.343" /><!-- duration: 63ms -->
  </step><!-- duration: 234ms -->
  <step title="Outgoing response" date="2025-12-18T13:30:39.421" type="response" statusCode="202" statusText="Accepted" Server="Microsoft-IIS/10.0" x-ms-request-id="ba070bc6-dc15-11f0-9508-7404f1536f46" Retry-After="30" Cache-Control="private" X-AspNet-Version="4.0.30319" Location="https://smartstudy-api-athtbtapcvdjesbe.scm.centralindia-01.azurewebsites.net/api/deployments/latest?deployer=OneDeploy&amp;time=2025-12-18_13-30-39Z" /><!-- duration: 0ms -->
</step><!-- duration: 266ms -->
