<step title="BackgroundTrace" date="2025-12-18T17:46:25.294" instance="a6e48b" url="/api/zipdeploy" method="POST" >
  <step title="Updating shutdown sentinel last write time" date="2025-12-18T17:46:25.294" SemaphoreCount="7" /><!-- duration: 0ms -->
  <step title="LockFile &apos;C:\home\site\locks\deployments.lock&apos; acquired" date="2025-12-18T17:46:25.310" /><!-- duration: 0ms -->
  <step title="Creating temporary deployment" date="2025-12-18T17:46:25.310" /><!-- duration: 31ms -->
  <step title="Performing fetch based deployment" date="2025-12-18T17:46:25.341" >
    <step title="Fetching changes." date="2025-12-18T17:46:25.372" /><!-- duration: 16ms -->
    <step title="Starting LocalZipHandler" date="2025-12-18T17:46:25.388" /><!-- duration: 16ms -->
    <step title="Cleaning up temp folders from previous zip deployments and extracting pushed zip file C:\local\Temp\zipdeploy\dwnhnehg.zip (11.91 MB) to C:\local\Temp\zipdeploy\extracted" date="2025-12-18T17:46:25.419" /><!-- duration: 16ms -->
    <step title="Cleaning up temp folders from previous zip deployments and extracting pushed zip file C:\local\Temp\zipdeploy\dwnhnehg.zip (11.91 MB) to C:\local\Temp\zipdeploy\extracted" date="2025-12-18T17:46:25.435" >
      <step title="Renaming extractTargetDirectory(C:\local\Temp\zipdeploy\extracted) to tempDirectory(C:\local\Temp\zipdeploy\04b5d3zs.fnu)" date="2025-12-18T17:46:25.435" /><!-- duration: 16ms -->
      <step title="Extracting 107 entries to C:\local\Temp\zipdeploy\extracted directory" date="2025-12-18T17:46:25.451" >
        <step title="Extracting to C:\local\Temp\zipdeploy\extracted\runtimes\unix\lib\net6.0\Microsoft.Data.SqlClient.dll ..." date="2025-12-18T17:46:25.451" /><!-- duration: 31ms -->
        <step title="Extracting to C:\local\Temp\zipdeploy\extracted\runtimes\unix\lib\net6.0\System.Drawing.Common.dll ..." date="2025-12-18T17:46:25.482" /><!-- duration: 0ms -->
        <step title="Extracting to C:\local\Temp\zipdeploy\extracted\runtimes\win\lib\net6.0\Microsoft.Data.SqlClient.dll ..." date="2025-12-18T17:46:25.497" /><!-- duration: 16ms -->
        <step title="Extracting to C:\local\Temp\zipdeploy\extracted\runtimes\win\lib\net6.0\Microsoft.Win32.SystemEvents.dll ..." date="2025-12-18T17:46:25.513" /><!-- duration: 16ms -->
        <step title="Extracting to C:\local\Temp\zipdeploy\extracted\runtimes\win\lib\net6.0\System.Drawing.Common.dll ..." date="2025-12-18T17:46:25.529" /><!-- duration: 16ms -->
        <step title="Omitting extracting file traces ..." date="2025-12-18T17:46:25.544" /><!-- duration: 16ms -->
      </step><!-- duration: 484ms -->
    </step><!-- duration: 516ms -->
    <step title="Before sending BuildRequestReceived status to /api/updatedeploystatus" date="2025-12-18T17:46:25.951" /><!-- duration: 0ms -->
    <step title="DeploymentManager.Deploy(id:c915bf6c9d80482591ab178e5c278ab5)" date="2025-12-18T17:46:25.951" >
      <step title="Collecting changeset information" date="2025-12-18T17:46:25.966" /><!-- duration: 31ms -->
      <step title="Updating submodules" date="2025-12-18T17:46:25.997" >
        <step title="Updating submodules." date="2025-12-18T17:46:26.044" /><!-- duration: 0ms -->
      </step><!-- duration: 78ms -->
      <step title="Preparing deployment for commit id &apos;c915bf6c9d&apos;." date="2025-12-18T17:46:26.107" /><!-- duration: 0ms -->
      <step title="Determining deployment builder" date="2025-12-18T17:46:26.138" >
        <step title="Builder is BasicBuilder" date="2025-12-18T17:46:26.138" /><!-- duration: 16ms -->
      </step><!-- duration: 16ms -->
      <step title="Copying SSH keys" date="2025-12-18T17:46:26.169" /><!-- duration: 0ms -->
      <step title="Building" date="2025-12-18T17:46:26.185" >
        <step title="Generating deployment script." date="2025-12-18T17:46:26.216" /><!-- duration: 0ms -->
        <step title="Generating deployment script" date="2025-12-18T17:46:26.232" >
          <step title="Using cached version of the deployment script for command: -y --no-dot-deployment -r &quot;C:\local\Temp\zipdeploy\extracted&quot; -o &quot;C:\home\site\deployments\tools&quot; --basic --sitePath &quot;C:\local\Temp\zipdeploy\extracted&quot;" date="2025-12-18T17:46:26.232" /><!-- duration: 0ms -->
          <step title="Using cached version of deployment script (command: &apos;azure -y --no-dot-deployment -r &quot;C:\local\Temp\zipdeploy\extracted&quot; -o &quot;C:\home\site\deployments\tools&quot; --basic --sitePath &quot;C:\local\Temp\zipdeploy\extracted&quot;&apos;)." date="2025-12-18T17:46:26.247" /><!-- duration: 0ms -->
        </step><!-- duration: 31ms -->
        <step title="Running deployment command..." date="2025-12-18T17:46:26.294" /><!-- duration: 0ms -->
        <step title="Command: &quot;C:\home\site\deployments\tools\deploy.cmd&quot;" date="2025-12-18T17:46:26.326" /><!-- duration: 0ms -->
        <step title="Executing external process" date="2025-12-18T17:46:26.341" type="process" path="starter.cmd" arguments="&quot;C:\home\site\deployments\tools\deploy.cmd&quot;" >
          <step title="Handling Basic Web Site deployment." date="2025-12-18T17:46:26.451" /><!-- duration: 16ms -->
          <step title="Creating app_offline.htm" date="2025-12-18T17:46:29.107" /><!-- duration: 16ms -->
          <step title="KuduSync.NET from: &apos;C:\local\Temp\zipdeploy\extracted&apos; to: &apos;C:\home\site\wwwroot&apos;" date="2025-12-18T17:46:29.123" /><!-- duration: 0ms -->
          <step title="Copying file: &apos;SchoolAiChatbotBackend.dll&apos;" date="2025-12-18T17:46:29.138" /><!-- duration: 0ms -->
          <step title="Copying file: &apos;SchoolAiChatbotBackend.exe&apos;" date="2025-12-18T17:46:29.154" /><!-- duration: 0ms -->
          <step title="Copying file: &apos;SchoolAiChatbotBackend.pdb&apos;" date="2025-12-18T17:46:29.169" /><!-- duration: 0ms -->
          <step title="Deleting app_offline.htm" date="2025-12-18T17:46:29.169" /><!-- duration: 16ms -->
          <step title="Finished successfully." date="2025-12-18T17:46:29.185" /><!-- duration: 0ms -->
        </step><!-- duration: 2859ms -->
        <step title="Running post deployment command(s)..." date="2025-12-18T17:46:29.248" /><!-- duration: 0ms -->
        <step title="Triggering recycle (preview mode disabled)." date="2025-12-18T17:46:29.294" /><!-- duration: 0ms -->
        <step title="Ignoring FS watcher based recycle request as this is a classic Windows app." date="2025-12-18T17:46:29.294" /><!-- duration: 0ms -->
        <step title="Deployment successful. DEPLOYMENTINFO: deploymentPath = ZipDeploy. Extract zip. , deployer = ZipDeploy, os = windows, sku = Free, siteName = smartstudy-api, siteHostName = smartstudy-api-athtbtapcvdjesbe.centralindia-01.azurewebsites.net, deploymentStatus = Success" date="2025-12-18T17:46:29.341" /><!-- duration: 0ms -->
        <step title="Purge deployment items" date="2025-12-18T17:46:29.404" >
          <step title="Remove c2e7b079f, Success, received at 12/18/2025 11:04:14 AM" date="2025-12-18T17:46:29.669" /><!-- duration: 16ms -->
        </step><!-- duration: 281ms -->
      </step><!-- duration: 3531ms -->
    </step><!-- duration: 3781ms -->
    <step title="Cleaning up temp files" date="2025-12-18T17:46:29.732" /><!-- duration: 0ms -->
    <step title="Skip function trigger and logicapp sync because function is not enabled." date="2025-12-18T17:46:29.748" /><!-- duration: 0ms -->
  </step><!-- duration: 4438ms -->
  <step title="LockFile &apos;C:\home\site\locks\deployments.lock&apos; released" date="2025-12-18T17:46:29.794" /><!-- duration: 0ms -->
  <step title="Deleting shutdown sentinel file" date="2025-12-18T17:46:29.794" SemaphoreCount="8" /><!-- duration: 16ms -->
</step><!-- duration: 4516ms -->
