<step title="Incoming Request" date="2025-12-19T09:54:19.240" instance="a6e48b" url="/api/publish?type=zip&amp;async=True" method="POST" type="request" pid="17940,2,7" Cache-Control="no-cache" Connection="Keep-Alive" Content-Length="12505877" Content-Type="application/octet-stream" Accept="*/*" Accept-Encoding="gzip, deflate" Authorization="Bea..." Host="smartstudy-api-athtbtapcvdjesbe.scm.centralindia-01.azurewebsites.net" User-Agent="AZURECLI/2.80.0 (MSI)" x-ms-client-request-id="aa7f9091-dcc0-11f0-84be-ab64a92ad354" X-ARR-LOG-ID="aa7f9091-dcc0-11f0-84be-ab64a92ad354" CLIENT-IP="38.254.185.239:50577" X-SITE-DEPLOYMENT-ID="smartstudy-api" WAS-DEFAULT-HOSTNAME="smartstudy-api-athtbtapcvdjesbe.scm.centralindia-01.azurewebsites.net" X-Forwarded-Proto="https" X-AppService-Proto="https" X-Forwarded-TlsVersion="1.3" X-WAWS-Unencoded-URL="/api/publish?type=zip&amp;async=True" X-MS-COLDSTART="1" >
  <step title="OneDeploy" date="2025-12-19T09:54:19.787" >
    <step title="Starting PushDeployAsync" date="2025-12-19T09:54:19.818" /><!-- duration: 0ms -->
    <step title="Updating shutdown sentinel last write time" date="2025-12-19T09:54:19.849" SemaphoreCount="7" /><!-- duration: 16ms -->
    <step title="LockFile &apos;C:\home\site\locks\deployments.lock&apos; acquired" date="2025-12-19T09:54:19.865" /><!-- duration: 0ms -->
    <step title="Saving request content to C:\local\Temp\zipdeploy\yidndg53.zip" date="2025-12-19T09:54:19.881" >
      <step title="Total 12,505,877 bytes written to C:\local\Temp\zipdeploy\yidndg53.zip" date="2025-12-19T09:54:20.037" /><!-- duration: 16ms -->
    </step><!-- duration: 172ms -->
    <step title="LockFile &apos;C:\home\site\locks\deployments.lock&apos; released" date="2025-12-19T09:54:20.053" /><!-- duration: 0ms -->
    <step title="Deleting shutdown sentinel file" date="2025-12-19T09:54:20.068" SemaphoreCount="8" /><!-- duration: 0ms -->
    <step title="Starting FetchDeploy" date="2025-12-19T09:54:20.084" /><!-- duration: 0ms -->
    <step title="Start deployment in the background" date="2025-12-19T09:54:20.084" /><!-- duration: 94ms -->
  </step><!-- duration: 391ms -->
  <step title="Outgoing response" date="2025-12-19T09:54:20.224" type="response" statusCode="202" statusText="Accepted" Server="Microsoft-IIS/10.0" x-ms-request-id="aa7f9091-dcc0-11f0-84be-ab64a92ad354" Retry-After="30" Cache-Control="private" X-AspNet-Version="4.0.30319" Location="https://smartstudy-api-athtbtapcvdjesbe.scm.centralindia-01.azurewebsites.net/api/deployments/latest?deployer=OneDeploy&amp;time=2025-12-19_09-54-20Z" /><!-- duration: 0ms -->
</step><!-- duration: 984ms -->
