<step title="Incoming Request" date="2025-12-19T12:15:53.286" instance="a6e48b" url="/api/publish?type=zip" method="POST" type="request" pid="20980,2,79" Cache-Control="no-cache" Content-Length="12502863" Content-Type="application/octet-stream" Accept="*/*" Accept-Encoding="gzip, deflate" Authorization="Bea..." Host="smartstudy-api-athtbtapcvdjesbe.scm.centralindia-01.azurewebsites.net" User-Agent="AZURECLI/2.80.0 (MSI)" x-ms-client-request-id="72186418-dcd4-11f0-825c-7404f1536f46" X-ARR-LOG-ID="72186418-dcd4-11f0-825c-7404f1536f46" CLIENT-IP="38.254.185.239:50704" X-SITE-DEPLOYMENT-ID="smartstudy-api" WAS-DEFAULT-HOSTNAME="smartstudy-api-athtbtapcvdjesbe.scm.centralindia-01.azurewebsites.net" X-Forwarded-Proto="https" X-AppService-Proto="https" X-Forwarded-TlsVersion="1.3" X-WAWS-Unencoded-URL="/api/publish?type=zip" >
  <step title="Cleanup Xml Logs" date="2025-12-19T12:15:53.286" /><!-- duration: 0ms -->
  <step title="OneDeploy" date="2025-12-19T12:15:53.302" >
    <step title="Starting PushDeployAsync" date="2025-12-19T12:15:53.317" /><!-- duration: 16ms -->
    <step title="Updating shutdown sentinel last write time" date="2025-12-19T12:15:53.333" SemaphoreCount="7" /><!-- duration: 0ms -->
    <step title="LockFile &apos;C:\home\site\locks\deployments.lock&apos; acquired" date="2025-12-19T12:15:53.349" /><!-- duration: 16ms -->
    <step title="Saving request content to C:\local\Temp\zipdeploy\gt1yyzyr.zip" date="2025-12-19T12:15:53.364" >
      <step title="Total 12,502,863 bytes written to C:\local\Temp\zipdeploy\gt1yyzyr.zip" date="2025-12-19T12:15:53.552" /><!-- duration: 16ms -->
    </step><!-- duration: 203ms -->
    <step title="LockFile &apos;C:\home\site\locks\deployments.lock&apos; released" date="2025-12-19T12:15:53.567" /><!-- duration: 0ms -->
    <step title="Deleting shutdown sentinel file" date="2025-12-19T12:15:53.583" SemaphoreCount="8" /><!-- duration: 0ms -->
    <step title="Starting FetchDeploy" date="2025-12-19T12:15:53.583" /><!-- duration: 16ms -->
    <step title="Attempting to fetch target branch HEAD" date="2025-12-19T12:15:53.599" /><!-- duration: 0ms -->
    <step title="Updating shutdown sentinel last write time" date="2025-12-19T12:15:53.614" SemaphoreCount="7" /><!-- duration: 0ms -->
    <step title="LockFile &apos;C:\home\site\locks\deployments.lock&apos; acquired" date="2025-12-19T12:15:53.614" /><!-- duration: 0ms -->
    <step title="Performing fetch based deployment" date="2025-12-19T12:15:53.630" >
      <step title="Creating temporary deployment" date="2025-12-19T12:15:53.630" /><!-- duration: 16ms -->
      <step title="Fetching changes." date="2025-12-19T12:15:53.692" /><!-- duration: 0ms -->
      <step title="Starting LocalZipHandler" date="2025-12-19T12:15:53.724" /><!-- duration: 0ms -->
      <step title="Starting LocalZipFetch" date="2025-12-19T12:15:53.724" /><!-- duration: 0ms -->
      <step title="Cleaning up temp folders from previous zip deployments and extracting pushed zip file C:\local\Temp\zipdeploy\gt1yyzyr.zip (11.92 MB) to C:\local\Temp\zipdeploy\extracted" date="2025-12-19T12:15:53.739" /><!-- duration: 0ms -->
      <step title="Cleaning up temp folders from previous zip deployments and extracting pushed zip file C:\local\Temp\zipdeploy\gt1yyzyr.zip (11.92 MB) to C:\local\Temp\zipdeploy\extracted" date="2025-12-19T12:15:53.739" >
        <step title="Renaming extractTargetDirectory(C:\local\Temp\zipdeploy\extracted) to tempDirectory(C:\local\Temp\zipdeploy\nn4mlvao.zyx)" date="2025-12-19T12:15:53.755" /><!-- duration: 0ms -->
        <step title="Extracting 107 entries to C:\local\Temp\zipdeploy\extracted directory" date="2025-12-19T12:15:53.755" >
          <step title="Extracting to C:\local\Temp\zipdeploy\extracted\runtimes\unix\lib\net6.0\Microsoft.Data.SqlClient.dll ..." date="2025-12-19T12:15:53.770" /><!-- duration: 16ms -->
          <step title="Extracting to C:\local\Temp\zipdeploy\extracted\runtimes\unix\lib\net6.0\System.Drawing.Common.dll ..." date="2025-12-19T12:15:53.786" /><!-- duration: 16ms -->
          <step title="Extracting to C:\local\Temp\zipdeploy\extracted\runtimes\win\lib\net6.0\Microsoft.Data.SqlClient.dll ..." date="2025-12-19T12:15:53.802" /><!-- duration: 31ms -->
          <step title="Extracting to C:\local\Temp\zipdeploy\extracted\runtimes\win\lib\net6.0\Microsoft.Win32.SystemEvents.dll ..." date="2025-12-19T12:15:53.833" /><!-- duration: 0ms -->
          <step title="Extracting to C:\local\Temp\zipdeploy\extracted\runtimes\win\lib\net6.0\System.Drawing.Common.dll ..." date="2025-12-19T12:15:53.849" /><!-- duration: 0ms -->
          <step title="Omitting extracting file traces ..." date="2025-12-19T12:15:53.849" /><!-- duration: 16ms -->
        </step><!-- duration: 500ms -->
      </step><!-- duration: 516ms -->
      <step title="None repository commit" date="2025-12-19T12:15:54.270" >
        <step title="Commit id: 4dd56004e9c54fe4a0d9a2add4ad643a" date="2025-12-19T12:15:54.270" Message="OneDeploy" AuthorName="N/A" AuthorEmail="N/A" /><!-- duration: 0ms -->
      </step><!-- duration: 0ms -->
      <step title="Before sending BuildRequestReceived status to /api/updatedeploystatus" date="2025-12-19T12:15:54.286" /><!-- duration: 0ms -->
      <step title="DeploymentManager.Deploy(id:4dd56004e9c54fe4a0d9a2add4ad643a)" date="2025-12-19T12:15:54.286" >
        <step title="Collecting changeset information" date="2025-12-19T12:15:54.302" /><!-- duration: 31ms -->
        <step title="Updating submodules" date="2025-12-19T12:15:54.333" >
          <step title="Updating submodules." date="2025-12-19T12:15:54.364" /><!-- duration: 16ms -->
        </step><!-- duration: 47ms -->
        <step title="Preparing deployment for commit id &apos;4dd56004e9&apos;." date="2025-12-19T12:15:54.427" /><!-- duration: 0ms -->
        <step title="Determining deployment builder" date="2025-12-19T12:15:54.458" >
          <step title="Builder is OneDeployBuilder" date="2025-12-19T12:15:54.458" /><!-- duration: 16ms -->
        </step><!-- duration: 16ms -->
        <step title="Copying SSH keys" date="2025-12-19T12:15:54.489" /><!-- duration: 0ms -->
        <step title="Building" date="2025-12-19T12:15:54.489" >
          <step title="Running build. Project type: OneDeploy" date="2025-12-19T12:15:54.520" /><!-- duration: 16ms -->
          <step title="Copying the manifest" date="2025-12-19T12:15:54.567" /><!-- duration: 0ms -->
          <step title="Clean deploying to C:\home\site\wwwroot" date="2025-12-19T12:15:54.614" /><!-- duration: 0ms -->
          <step title="Generating deployment script." date="2025-12-19T12:15:54.661" /><!-- duration: 0ms -->
          <step title="Generating deployment script" date="2025-12-19T12:15:54.677" >
            <step title="Using cached version of the deployment script for command: -y --no-dot-deployment -r &quot;C:\local\Temp\zipdeploy\extracted&quot; -o &quot;C:\home\site\deployments\tools&quot; --basic --sitePath &quot;C:\local\Temp\zipdeploy\extracted&quot;" date="2025-12-19T12:15:54.692" /><!-- duration: 0ms -->
            <step title="Using cached version of deployment script (command: &apos;azure -y --no-dot-deployment -r &quot;C:\local\Temp\zipdeploy\extracted&quot; -o &quot;C:\home\site\deployments\tools&quot; --basic --sitePath &quot;C:\local\Temp\zipdeploy\extracted&quot;&apos;)." date="2025-12-19T12:15:54.708" /><!-- duration: 0ms -->
          </step><!-- duration: 63ms -->
          <step title="Running deployment command..." date="2025-12-19T12:15:54.770" /><!-- duration: 0ms -->
          <step title="Command: &quot;C:\home\site\deployments\tools\deploy.cmd&quot;" date="2025-12-19T12:15:54.786" /><!-- duration: 0ms -->
          <step title="Executing external process" date="2025-12-19T12:15:54.802" type="process" path="starter.cmd" arguments="&quot;C:\home\site\deployments\tools\deploy.cmd&quot;" >
            <step title="Handling Basic Web Site deployment." date="2025-12-19T12:15:54.911" /><!-- duration: 16ms -->
            <step title="Creating app_offline.htm" date="2025-12-19T12:15:56.005" /><!-- duration: 16ms -->
            <step title="KuduSync.NET from: &apos;C:\local\Temp\zipdeploy\extracted&apos; to: &apos;C:\home\site\wwwroot&apos;" date="2025-12-19T12:15:56.036" /><!-- duration: 16ms -->
            <step title="Deleting file: &apos;logs\app-20251219.log&apos;" date="2025-12-19T12:15:56.052" /><!-- duration: 0ms -->
            <step title="Deleting file: &apos;logs\stdout_20251219121533_13632.log&apos;" date="2025-12-19T12:15:56.067" /><!-- duration: 0ms -->
            <step title="Deleting directory: &apos;logs&apos;" date="2025-12-19T12:15:56.083" /><!-- duration: 0ms -->
            <step title="Copying file: &apos;appsettings.json&apos;" date="2025-12-19T12:15:56.099" /><!-- duration: 16ms -->
            <step title="Copying file: &apos;appsettings.template.json&apos;" date="2025-12-19T12:15:56.130" /><!-- duration: 0ms -->
            <step title="Copying file: &apos;Azure.Core.dll&apos;" date="2025-12-19T12:15:56.145" /><!-- duration: 0ms -->
            <step title="Copying file: &apos;Azure.Identity.dll&apos;" date="2025-12-19T12:15:56.145" /><!-- duration: 16ms -->
            <step title="Copying file: &apos;Azure.Storage.Blobs.dll&apos;" date="2025-12-19T12:15:56.161" /><!-- duration: 16ms -->
            <step title="Copying file: &apos;Azure.Storage.Common.dll&apos;" date="2025-12-19T12:15:56.177" /><!-- duration: 16ms -->
            <step title="Copying file: &apos;Azure.Storage.Queues.dll&apos;" date="2025-12-19T12:15:56.192" /><!-- duration: 0ms -->
            <step title="Copying file: &apos;Google.Api.CommonProtos.dll&apos;" date="2025-12-19T12:15:56.208" /><!-- duration: 16ms -->
            <step title="Copying file: &apos;Google.Api.Gax.dll&apos;" date="2025-12-19T12:15:56.239" /><!-- duration: 0ms -->
            <step title="Copying file: &apos;Google.Api.Gax.Grpc.dll&apos;" date="2025-12-19T12:15:56.239" /><!-- duration: 16ms -->
            <step title="Copying file: &apos;Google.Apis.Auth.dll&apos;" date="2025-12-19T12:15:56.255" /><!-- duration: 16ms -->
            <step title="Copying file: &apos;Google.Apis.Core.dll&apos;" date="2025-12-19T12:15:56.270" /><!-- duration: 16ms -->
            <step title="Copying file: &apos;Google.Apis.dll&apos;" date="2025-12-19T12:15:56.286" /><!-- duration: 0ms -->
            <step title="Copying file: &apos;Google.Cloud.Vision.V1.dll&apos;" date="2025-12-19T12:15:56.302" /><!-- duration: 16ms -->
            <step title="Copying file: &apos;Google.LongRunning.dll&apos;" date="2025-12-19T12:15:56.317" /><!-- duration: 16ms -->
            <step title="Copying file: &apos;Google.Protobuf.dll&apos;" date="2025-12-19T12:15:56.349" /><!-- duration: 0ms -->
            <step title="Copying file: &apos;Grpc.Auth.dll&apos;" date="2025-12-19T12:15:56.364" /><!-- duration: 0ms -->
            <step title="Copying file: &apos;Grpc.Core.Api.dll&apos;" date="2025-12-19T12:15:56.380" /><!-- duration: 0ms -->
            <step title="Copying file: &apos;Grpc.Net.Client.dll&apos;" date="2025-12-19T12:15:56.395" /><!-- duration: 0ms -->
            <step title="Copying file: &apos;Grpc.Net.Common.dll&apos;" date="2025-12-19T12:15:56.395" /><!-- duration: 16ms -->
            <step title="Copying file: &apos;Microsoft.AspNetCore.Authentication.JwtBearer.dll&apos;" date="2025-12-19T12:15:56.411" /><!-- duration: 31ms -->
            <step title="Copying file: &apos;Microsoft.AspNetCore.OpenApi.dll&apos;" date="2025-12-19T12:15:56.458" /><!-- duration: 31ms -->
            <step title="Copying file: &apos;Microsoft.Bcl.AsyncInterfaces.dll&apos;" date="2025-12-19T12:15:56.489" /><!-- duration: 0ms -->
            <step title="Copying file: &apos;Microsoft.Data.SqlClient.dll&apos;" date="2025-12-19T12:15:56.505" /><!-- duration: 0ms -->
            <step title="Copying file: &apos;Microsoft.EntityFrameworkCore.Abstractions.dll&apos;" date="2025-12-19T12:15:56.520" /><!-- duration: 0ms -->
            <step title="Copying file: &apos;Microsoft.EntityFrameworkCore.dll&apos;" date="2025-12-19T12:15:56.536" /><!-- duration: 0ms -->
            <step title="Copying file: &apos;Microsoft.EntityFrameworkCore.InMemory.dll&apos;" date="2025-12-19T12:15:56.552" /><!-- duration: 0ms -->
            <step title="Copying file: &apos;Microsoft.EntityFrameworkCore.Relational.dll&apos;" date="2025-12-19T12:15:56.583" /><!-- duration: 0ms -->
            <step title="Copying file: &apos;Microsoft.EntityFrameworkCore.SqlServer.dll&apos;" date="2025-12-19T12:15:56.583" /><!-- duration: 16ms -->
            <step title="Copying file: &apos;Microsoft.Extensions.Caching.Memory.dll&apos;" date="2025-12-19T12:15:56.599" /><!-- duration: 16ms -->
            <step title="Copying file: &apos;Microsoft.Extensions.DependencyInjection.Abstractions.dll&apos;" date="2025-12-19T12:15:56.614" /><!-- duration: 16ms -->
            <step title="Copying file: &apos;Microsoft.Extensions.DependencyInjection.dll&apos;" date="2025-12-19T12:15:56.645" /><!-- duration: 0ms -->
            <step title="Copying file: &apos;Microsoft.Extensions.DependencyModel.dll&apos;" date="2025-12-19T12:15:56.661" /><!-- duration: 0ms -->
            <step title="Copying file: &apos;Microsoft.Extensions.Logging.Abstractions.dll&apos;" date="2025-12-19T12:15:56.692" /><!-- duration: 0ms -->
            <step title="Copying file: &apos;Microsoft.Extensions.Logging.dll&apos;" date="2025-12-19T12:15:56.708" /><!-- duration: 0ms -->
            <step title="Copying file: &apos;Microsoft.Extensions.Options.dll&apos;" date="2025-12-19T12:15:56.724" /><!-- duration: 0ms -->
            <step title="Copying file: &apos;Microsoft.Identity.Client.dll&apos;" date="2025-12-19T12:15:56.739" /><!-- duration: 0ms -->
            <step title="Copying file: &apos;Microsoft.Identity.Client.Extensions.Msal.dll&apos;" date="2025-12-19T12:15:56.739" /><!-- duration: 16ms -->
            <step title="Copying file: &apos;Microsoft.IdentityModel.Abstractions.dll&apos;" date="2025-12-19T12:15:56.770" /><!-- duration: 0ms -->
            <step title="Copying file: &apos;Microsoft.IdentityModel.JsonWebTokens.dll&apos;" date="2025-12-19T12:15:56.770" /><!-- duration: 16ms -->
            <step title="Copying file: &apos;Microsoft.IdentityModel.Logging.dll&apos;" date="2025-12-19T12:15:56.802" /><!-- duration: 0ms -->
            <step title="Copying file: &apos;Microsoft.IdentityModel.Protocols.dll&apos;" date="2025-12-19T12:15:56.817" /><!-- duration: 0ms -->
            <step title="Copying file: &apos;Microsoft.IdentityModel.Protocols.OpenIdConnect.dll&apos;" date="2025-12-19T12:15:56.833" /><!-- duration: 0ms -->
            <step title="Copying file: &apos;Microsoft.IdentityModel.Tokens.dll&apos;" date="2025-12-19T12:15:56.833" /><!-- duration: 16ms -->
            <step title="Copying file: &apos;Microsoft.OpenApi.dll&apos;" date="2025-12-19T12:15:56.849" /><!-- duration: 16ms -->
            <step title="Omitting next output lines..." date="2025-12-19T12:15:56.864" /><!-- duration: 16ms -->
            <step title="Finished successfully." date="2025-12-19T12:15:58.380" /><!-- duration: 0ms -->
          </step><!-- duration: 3594ms -->
          <step title="Build completed succesfully." date="2025-12-19T12:15:58.427" /><!-- duration: 0ms -->
          <step title="Running post deployment command(s)..." date="2025-12-19T12:15:58.474" /><!-- duration: 0ms -->
          <step title="Requesting site restart" date="2025-12-19T12:15:58.505" /><!-- duration: 16ms -->
          <step title="Requesting site restart" date="2025-12-19T12:15:58.521" /><!-- duration: 0ms -->
          <step title="Requesting site restart. Attempt #1" date="2025-12-19T12:15:58.552" /><!-- duration: 16ms -->
          <step title="Requesting site restart. Attempt #1" date="2025-12-19T12:15:58.567" /><!-- duration: 16ms -->
          <step title="Successfully requested a restart. Attempt #1" date="2025-12-19T12:15:58.661" /><!-- duration: 16ms -->
          <step title="Successfully requested a restart. Attempt #1" date="2025-12-19T12:15:58.677" /><!-- duration: 0ms -->
          <step title="Deployment successful. DEPLOYMENTINFO: deploymentPath = OneDeploy, deployer = OneDeploy, os = windows, sku = Free, siteName = smartstudy-api, siteHostName = smartstudy-api-athtbtapcvdjesbe.centralindia-01.azurewebsites.net, deploymentStatus = Success" date="2025-12-19T12:15:58.708" /><!-- duration: 16ms -->
          <step title="Purge deployment items" date="2025-12-19T12:15:58.817" >
            <step title="Remove d61f7c80a, Success, received at 12/18/2025 4:58:23 PM" date="2025-12-19T12:15:58.896" /><!-- duration: 16ms -->
          </step><!-- duration: 94ms -->
        </step><!-- duration: 4438ms -->
      </step><!-- duration: 4641ms -->
      <step title="Cleaning up temp files" date="2025-12-19T12:15:58.942" /><!-- duration: 0ms -->
      <step title="Skip function trigger and logicapp sync because function is not enabled." date="2025-12-19T12:15:58.942" /><!-- duration: 0ms -->
    </step><!-- duration: 5344ms -->
    <step title="LockFile &apos;C:\home\site\locks\deployments.lock&apos; released" date="2025-12-19T12:15:58.989" /><!-- duration: 16ms -->
    <step title="Deleting shutdown sentinel file" date="2025-12-19T12:15:59.021" SemaphoreCount="8" /><!-- duration: 0ms -->
  </step><!-- duration: 5719ms -->
  <step title="Outgoing response" date="2025-12-19T12:15:59.021" type="response" statusCode="200" statusText="OK" Server="Microsoft-IIS/10.0" x-ms-request-id="72186418-dcd4-11f0-825c-7404f1536f46" Cache-Control="private" X-AspNet-Version="4.0.30319" /><!-- duration: 16ms -->
</step><!-- duration: 5750ms -->
