<step title="Incoming Request" date="2025-12-19T13:24:16.601" instance="a6e48b" url="/api/publish?type=zip" method="POST" type="request" pid="6112,2,13" Cache-Control="no-cache" Content-Length="12503983" Content-Type="application/octet-stream" Accept="*/*" Accept-Encoding="gzip, deflate" Authorization="Bea..." Host="smartstudy-api-athtbtapcvdjesbe.scm.centralindia-01.azurewebsites.net" User-Agent="AZURECLI/2.80.0 (MSI)" x-ms-client-request-id="0020ad49-dcde-11f0-a6a2-7404f1536f46" X-ARR-LOG-ID="0020ad49-dcde-11f0-a6a2-7404f1536f46" CLIENT-IP="38.254.185.239:52065" X-SITE-DEPLOYMENT-ID="smartstudy-api" WAS-DEFAULT-HOSTNAME="smartstudy-api-athtbtapcvdjesbe.scm.centralindia-01.azurewebsites.net" X-Forwarded-Proto="https" X-AppService-Proto="https" X-Forwarded-TlsVersion="1.3" X-WAWS-Unencoded-URL="/api/publish?type=zip" >
  <step title="Cleanup Xml Logs" date="2025-12-19T13:24:16.617" /><!-- duration: 0ms -->
  <step title="OneDeploy" date="2025-12-19T13:24:16.632" >
    <step title="Starting PushDeployAsync" date="2025-12-19T13:24:16.632" /><!-- duration: 16ms -->
    <step title="Updating shutdown sentinel last write time" date="2025-12-19T13:24:16.648" SemaphoreCount="7" /><!-- duration: 0ms -->
    <step title="LockFile &apos;C:\home\site\locks\deployments.lock&apos; acquired" date="2025-12-19T13:24:16.663" /><!-- duration: 0ms -->
    <step title="Saving request content to C:\local\Temp\zipdeploy\tko3oc3s.zip" date="2025-12-19T13:24:16.663" >
      <step title="Total 12,503,983 bytes written to C:\local\Temp\zipdeploy\tko3oc3s.zip" date="2025-12-19T13:24:17.757" /><!-- duration: 0ms -->
    </step><!-- duration: 1094ms -->
    <step title="LockFile &apos;C:\home\site\locks\deployments.lock&apos; released" date="2025-12-19T13:24:17.773" /><!-- duration: 0ms -->
    <step title="Deleting shutdown sentinel file" date="2025-12-19T13:24:17.773" SemaphoreCount="8" /><!-- duration: 16ms -->
    <step title="Starting FetchDeploy" date="2025-12-19T13:24:17.788" /><!-- duration: 0ms -->
    <step title="Attempting to fetch target branch HEAD" date="2025-12-19T13:24:17.788" /><!-- duration: 16ms -->
    <step title="Updating shutdown sentinel last write time" date="2025-12-19T13:24:17.804" SemaphoreCount="7" /><!-- duration: 0ms -->
    <step title="LockFile &apos;C:\home\site\locks\deployments.lock&apos; acquired" date="2025-12-19T13:24:17.835" /><!-- duration: 0ms -->
    <step title="Performing fetch based deployment" date="2025-12-19T13:24:17.835" >
      <step title="Creating temporary deployment" date="2025-12-19T13:24:17.835" /><!-- duration: 31ms -->
      <step title="Fetching changes." date="2025-12-19T13:24:17.898" /><!-- duration: 16ms -->
      <step title="Starting LocalZipHandler" date="2025-12-19T13:24:17.913" /><!-- duration: 0ms -->
      <step title="Starting LocalZipFetch" date="2025-12-19T13:24:17.929" /><!-- duration: 0ms -->
      <step title="Cleaning up temp folders from previous zip deployments and extracting pushed zip file C:\local\Temp\zipdeploy\tko3oc3s.zip (11.92 MB) to C:\local\Temp\zipdeploy\extracted" date="2025-12-19T13:24:17.945" /><!-- duration: 0ms -->
      <step title="Cleaning up temp folders from previous zip deployments and extracting pushed zip file C:\local\Temp\zipdeploy\tko3oc3s.zip (11.92 MB) to C:\local\Temp\zipdeploy\extracted" date="2025-12-19T13:24:17.945" >
        <step title="Renaming extractTargetDirectory(C:\local\Temp\zipdeploy\extracted) to tempDirectory(C:\local\Temp\zipdeploy\dtluu4za.y5v)" date="2025-12-19T13:24:17.945" /><!-- duration: 16ms -->
        <step title="Extracting 107 entries to C:\local\Temp\zipdeploy\extracted directory" date="2025-12-19T13:24:17.960" >
          <step title="Extracting to C:\local\Temp\zipdeploy\extracted\runtimes\unix\lib\net6.0\Microsoft.Data.SqlClient.dll ..." date="2025-12-19T13:24:17.960" /><!-- duration: 31ms -->
          <step title="Extracting to C:\local\Temp\zipdeploy\extracted\runtimes\unix\lib\net6.0\System.Drawing.Common.dll ..." date="2025-12-19T13:24:17.992" /><!-- duration: 16ms -->
          <step title="Extracting to C:\local\Temp\zipdeploy\extracted\runtimes\win\lib\net6.0\Microsoft.Data.SqlClient.dll ..." date="2025-12-19T13:24:18.007" /><!-- duration: 16ms -->
          <step title="Extracting to C:\local\Temp\zipdeploy\extracted\runtimes\win\lib\net6.0\Microsoft.Win32.SystemEvents.dll ..." date="2025-12-19T13:24:18.038" /><!-- duration: 0ms -->
          <step title="Extracting to C:\local\Temp\zipdeploy\extracted\runtimes\win\lib\net6.0\System.Drawing.Common.dll ..." date="2025-12-19T13:24:18.038" /><!-- duration: 16ms -->
          <step title="Omitting extracting file traces ..." date="2025-12-19T13:24:18.054" /><!-- duration: 0ms -->
        </step><!-- duration: 484ms -->
      </step><!-- duration: 500ms -->
      <step title="None repository commit" date="2025-12-19T13:24:18.445" >
        <step title="Commit id: ddd238a908e5460baacd7415c33502c2" date="2025-12-19T13:24:18.460" Message="OneDeploy" AuthorName="N/A" AuthorEmail="N/A" /><!-- duration: 0ms -->
      </step><!-- duration: 16ms -->
      <step title="Before sending BuildRequestReceived status to /api/updatedeploystatus" date="2025-12-19T13:24:18.460" /><!-- duration: 16ms -->
      <step title="DeploymentManager.Deploy(id:ddd238a908e5460baacd7415c33502c2)" date="2025-12-19T13:24:18.476" >
        <step title="Collecting changeset information" date="2025-12-19T13:24:18.492" /><!-- duration: 62ms -->
        <step title="Updating submodules" date="2025-12-19T13:24:18.554" >
          <step title="Updating submodules." date="2025-12-19T13:24:18.585" /><!-- duration: 16ms -->
        </step><!-- duration: 47ms -->
        <step title="Preparing deployment for commit id &apos;ddd238a908&apos;." date="2025-12-19T13:24:18.632" /><!-- duration: 0ms -->
        <step title="Determining deployment builder" date="2025-12-19T13:24:18.679" >
          <step title="Builder is OneDeployBuilder" date="2025-12-19T13:24:18.679" /><!-- duration: 0ms -->
        </step><!-- duration: 0ms -->
        <step title="Copying SSH keys" date="2025-12-19T13:24:18.695" /><!-- duration: 16ms -->
        <step title="Building" date="2025-12-19T13:24:18.710" >
          <step title="Running build. Project type: OneDeploy" date="2025-12-19T13:24:18.742" /><!-- duration: 16ms -->
          <step title="Copying the manifest" date="2025-12-19T13:24:18.788" /><!-- duration: 16ms -->
          <step title="Clean deploying to C:\home\site\wwwroot" date="2025-12-19T13:24:18.851" /><!-- duration: 0ms -->
          <step title="Generating deployment script." date="2025-12-19T13:24:18.898" /><!-- duration: 0ms -->
          <step title="Generating deployment script" date="2025-12-19T13:24:18.898" >
            <step title="Using cached version of the deployment script for command: -y --no-dot-deployment -r &quot;C:\local\Temp\zipdeploy\extracted&quot; -o &quot;C:\home\site\deployments\tools&quot; --basic --sitePath &quot;C:\local\Temp\zipdeploy\extracted&quot;" date="2025-12-19T13:24:18.913" /><!-- duration: 16ms -->
            <step title="Using cached version of deployment script (command: &apos;azure -y --no-dot-deployment -r &quot;C:\local\Temp\zipdeploy\extracted&quot; -o &quot;C:\home\site\deployments\tools&quot; --basic --sitePath &quot;C:\local\Temp\zipdeploy\extracted&quot;&apos;)." date="2025-12-19T13:24:18.960" /><!-- duration: 0ms -->
          </step><!-- duration: 78ms -->
          <step title="Running deployment command..." date="2025-12-19T13:24:19.023" /><!-- duration: 0ms -->
          <step title="Command: &quot;C:\home\site\deployments\tools\deploy.cmd&quot;" date="2025-12-19T13:24:19.039" /><!-- duration: 0ms -->
          <step title="Executing external process" date="2025-12-19T13:24:19.054" type="process" path="starter.cmd" arguments="&quot;C:\home\site\deployments\tools\deploy.cmd&quot;" >
            <step title="Handling Basic Web Site deployment." date="2025-12-19T13:24:19.164" /><!-- duration: 0ms -->
            <step title="Creating app_offline.htm" date="2025-12-19T13:24:22.039" /><!-- duration: 16ms -->
            <step title="KuduSync.NET from: &apos;C:\local\Temp\zipdeploy\extracted&apos; to: &apos;C:\home\site\wwwroot&apos;" date="2025-12-19T13:24:22.070" /><!-- duration: 0ms -->
            <step title="Deleting file: &apos;logs\app-20251219.log&apos;" date="2025-12-19T13:24:22.085" /><!-- duration: 0ms -->
            <step title="Deleting file: &apos;logs\stdout_20251219131802_2968.log&apos;" date="2025-12-19T13:24:22.101" /><!-- duration: 0ms -->
            <step title="Deleting file: &apos;logs\stdout_20251219132044_16728.log&apos;" date="2025-12-19T13:24:22.117" /><!-- duration: 0ms -->
            <step title="Deleting directory: &apos;logs&apos;" date="2025-12-19T13:24:22.132" /><!-- duration: 0ms -->
            <step title="Copying file: &apos;SchoolAiChatbotBackend.dll&apos;" date="2025-12-19T13:24:22.148" /><!-- duration: 0ms -->
            <step title="Copying file: &apos;SchoolAiChatbotBackend.exe&apos;" date="2025-12-19T13:24:22.164" /><!-- duration: 0ms -->
            <step title="Copying file: &apos;SchoolAiChatbotBackend.pdb&apos;" date="2025-12-19T13:24:22.179" /><!-- duration: 0ms -->
            <step title="Deleting app_offline.htm" date="2025-12-19T13:24:22.195" /><!-- duration: 0ms -->
            <step title="Finished successfully." date="2025-12-19T13:24:22.210" /><!-- duration: 0ms -->
          </step><!-- duration: 3188ms -->
          <step title="Build completed succesfully." date="2025-12-19T13:24:22.273" /><!-- duration: 0ms -->
          <step title="Running post deployment command(s)..." date="2025-12-19T13:24:22.320" /><!-- duration: 0ms -->
          <step title="Requesting site restart" date="2025-12-19T13:24:22.367" /><!-- duration: 0ms -->
          <step title="Requesting site restart" date="2025-12-19T13:24:22.367" /><!-- duration: 16ms -->
          <step title="Requesting site restart. Attempt #1" date="2025-12-19T13:24:22.414" /><!-- duration: 16ms -->
          <step title="Requesting site restart. Attempt #1" date="2025-12-19T13:24:22.429" /><!-- duration: 0ms -->
          <step title="Successfully requested a restart. Attempt #1" date="2025-12-19T13:24:22.585" /><!-- duration: 0ms -->
          <step title="Successfully requested a restart. Attempt #1" date="2025-12-19T13:24:22.601" /><!-- duration: 0ms -->
          <step title="Deployment successful. DEPLOYMENTINFO: deploymentPath = OneDeploy, deployer = OneDeploy, os = windows, sku = Free, siteName = smartstudy-api, siteHostName = smartstudy-api-athtbtapcvdjesbe.centralindia-01.azurewebsites.net, deploymentStatus = Success" date="2025-12-19T13:24:22.648" /><!-- duration: 0ms -->
          <step title="Purge deployment items" date="2025-12-19T13:24:22.742" >
            <step title="Remove 3c0d3aca9, Success, received at 12/19/2025 9:43:49 AM" date="2025-12-19T13:24:22.789" /><!-- duration: 0ms -->
          </step><!-- duration: 47ms -->
        </step><!-- duration: 4109ms -->
      </step><!-- duration: 4344ms -->
      <step title="Cleaning up temp files" date="2025-12-19T13:24:22.835" /><!-- duration: 0ms -->
      <step title="Skip function trigger and logicapp sync because function is not enabled." date="2025-12-19T13:24:22.835" /><!-- duration: 0ms -->
    </step><!-- duration: 5047ms -->
    <step title="LockFile &apos;C:\home\site\locks\deployments.lock&apos; released" date="2025-12-19T13:24:22.882" /><!-- duration: 0ms -->
    <step title="Deleting shutdown sentinel file" date="2025-12-19T13:24:22.898" SemaphoreCount="8" /><!-- duration: 0ms -->
  </step><!-- duration: 6266ms -->
  <step title="Outgoing response" date="2025-12-19T13:24:22.914" type="response" statusCode="200" statusText="OK" Server="Microsoft-IIS/10.0" x-ms-request-id="0020ad49-dcde-11f0-a6a2-7404f1536f46" Cache-Control="private" X-AspNet-Version="4.0.30319" /><!-- duration: 0ms -->
</step><!-- duration: 6328ms -->
