<step title="BackgroundTrace" date="2025-12-18T17:44:48.139" instance="a6e48b" url="/api/zipdeploy" method="POST" >
  <step title="Updating shutdown sentinel last write time" date="2025-12-18T17:44:48.155" SemaphoreCount="7" /><!-- duration: 0ms -->
  <step title="LockFile &apos;C:\home\site\locks\deployments.lock&apos; acquired" date="2025-12-18T17:44:48.171" /><!-- duration: 0ms -->
  <step title="Creating temporary deployment" date="2025-12-18T17:44:48.171" /><!-- duration: 47ms -->
  <step title="Performing fetch based deployment" date="2025-12-18T17:44:48.233" >
    <step title="Fetching changes." date="2025-12-18T17:44:48.280" /><!-- duration: 16ms -->
    <step title="Starting LocalZipHandler" date="2025-12-18T17:44:48.311" /><!-- duration: 0ms -->
    <step title="Cleaning up temp folders from previous zip deployments and extracting pushed zip file C:\local\Temp\zipdeploy\id4kzaou.zip (11.91 MB) to C:\local\Temp\zipdeploy\extracted" date="2025-12-18T17:44:48.343" /><!-- duration: 0ms -->
    <step title="Cleaning up temp folders from previous zip deployments and extracting pushed zip file C:\local\Temp\zipdeploy\id4kzaou.zip (11.91 MB) to C:\local\Temp\zipdeploy\extracted" date="2025-12-18T17:44:48.343" >
      <step title="Extracting 107 entries to C:\local\Temp\zipdeploy\extracted directory" date="2025-12-18T17:44:48.358" >
        <step title="Extracting to C:\local\Temp\zipdeploy\extracted\runtimes\unix\lib\net6.0\Microsoft.Data.SqlClient.dll ..." date="2025-12-18T17:44:48.374" /><!-- duration: 31ms -->
        <step title="Extracting to C:\local\Temp\zipdeploy\extracted\runtimes\unix\lib\net6.0\System.Drawing.Common.dll ..." date="2025-12-18T17:44:48.405" /><!-- duration: 0ms -->
        <step title="Extracting to C:\local\Temp\zipdeploy\extracted\runtimes\win\lib\net6.0\Microsoft.Data.SqlClient.dll ..." date="2025-12-18T17:44:48.421" /><!-- duration: 16ms -->
        <step title="Extracting to C:\local\Temp\zipdeploy\extracted\runtimes\win\lib\net6.0\Microsoft.Win32.SystemEvents.dll ..." date="2025-12-18T17:44:48.452" /><!-- duration: 0ms -->
        <step title="Extracting to C:\local\Temp\zipdeploy\extracted\runtimes\win\lib\net6.0\System.Drawing.Common.dll ..." date="2025-12-18T17:44:48.452" /><!-- duration: 16ms -->
        <step title="Omitting extracting file traces ..." date="2025-12-18T17:44:48.468" /><!-- duration: 16ms -->
      </step><!-- duration: 500ms -->
    </step><!-- duration: 531ms -->
    <step title="Before sending BuildRequestReceived status to /api/updatedeploystatus" date="2025-12-18T17:44:48.874" /><!-- duration: 0ms -->
    <step title="DeploymentManager.Deploy(id:3374ddd84dd94391a63ccb23ea153660)" date="2025-12-18T17:44:48.890" >
      <step title="Collecting changeset information" date="2025-12-18T17:44:48.890" /><!-- duration: 47ms -->
      <step title="Updating submodules" date="2025-12-18T17:44:48.936" >
        <step title="Updating submodules." date="2025-12-18T17:44:48.983" /><!-- duration: 0ms -->
      </step><!-- duration: 47ms -->
      <step title="Preparing deployment for commit id &apos;3374ddd84d&apos;." date="2025-12-18T17:44:49.015" /><!-- duration: 16ms -->
      <step title="Determining deployment builder" date="2025-12-18T17:44:49.061" >
        <step title="Builder is BasicBuilder" date="2025-12-18T17:44:49.061" /><!-- duration: 16ms -->
      </step><!-- duration: 16ms -->
      <step title="Copying SSH keys" date="2025-12-18T17:44:49.093" /><!-- duration: 16ms -->
      <step title="Building" date="2025-12-18T17:44:49.108" >
        <step title="Generating deployment script." date="2025-12-18T17:44:49.140" /><!-- duration: 0ms -->
        <step title="Generating deployment script" date="2025-12-18T17:44:49.155" >
          <step title="Using cached version of the deployment script for command: -y --no-dot-deployment -r &quot;C:\local\Temp\zipdeploy\extracted&quot; -o &quot;C:\home\site\deployments\tools&quot; --basic --sitePath &quot;C:\local\Temp\zipdeploy\extracted&quot;" date="2025-12-18T17:44:49.186" /><!-- duration: 16ms -->
          <step title="Using cached version of deployment script (command: &apos;azure -y --no-dot-deployment -r &quot;C:\local\Temp\zipdeploy\extracted&quot; -o &quot;C:\home\site\deployments\tools&quot; --basic --sitePath &quot;C:\local\Temp\zipdeploy\extracted&quot;&apos;)." date="2025-12-18T17:44:49.202" /><!-- duration: 16ms -->
        </step><!-- duration: 63ms -->
        <step title="Running deployment command..." date="2025-12-18T17:44:49.249" /><!-- duration: 0ms -->
        <step title="Command: &quot;C:\home\site\deployments\tools\deploy.cmd&quot;" date="2025-12-18T17:44:49.265" /><!-- duration: 16ms -->
        <step title="Executing external process" date="2025-12-18T17:44:49.280" type="process" path="starter.cmd" arguments="&quot;C:\home\site\deployments\tools\deploy.cmd&quot;" >
          <step title="Handling Basic Web Site deployment." date="2025-12-18T17:44:49.421" /><!-- duration: 16ms -->
          <step title="Creating app_offline.htm" date="2025-12-18T17:44:52.030" /><!-- duration: 0ms -->
          <step title="KuduSync.NET from: &apos;C:\local\Temp\zipdeploy\extracted&apos; to: &apos;C:\home\site\wwwroot&apos;" date="2025-12-18T17:44:52.030" /><!-- duration: 16ms -->
          <step title="Copying file: &apos;SchoolAiChatbotBackend.dll&apos;" date="2025-12-18T17:44:52.046" /><!-- duration: 0ms -->
          <step title="Copying file: &apos;SchoolAiChatbotBackend.exe&apos;" date="2025-12-18T17:44:52.062" /><!-- duration: 0ms -->
          <step title="Copying file: &apos;SchoolAiChatbotBackend.pdb&apos;" date="2025-12-18T17:44:52.077" /><!-- duration: 0ms -->
          <step title="Copying file: &apos;web.config&apos;" date="2025-12-18T17:44:52.093" /><!-- duration: 0ms -->
          <step title="Deleting app_offline.htm" date="2025-12-18T17:44:52.093" /><!-- duration: 0ms -->
          <step title="Finished successfully." date="2025-12-18T17:44:52.108" /><!-- duration: 0ms -->
        </step><!-- duration: 2844ms -->
        <step title="Running post deployment command(s)..." date="2025-12-18T17:44:52.155" /><!-- duration: 0ms -->
        <step title="Triggering recycle (preview mode disabled)." date="2025-12-18T17:44:52.202" /><!-- duration: 0ms -->
        <step title="Ignoring FS watcher based recycle request as this is a classic Windows app." date="2025-12-18T17:44:52.218" /><!-- duration: 0ms -->
        <step title="Deployment successful. DEPLOYMENTINFO: deploymentPath = ZipDeploy. Extract zip. , deployer = ZipDeploy, os = windows, sku = Free, siteName = smartstudy-api, siteHostName = smartstudy-api-athtbtapcvdjesbe.centralindia-01.azurewebsites.net, deploymentStatus = Success" date="2025-12-18T17:44:52.249" /><!-- duration: 0ms -->
        <step title="Purge deployment items" date="2025-12-18T17:44:52.390" >
          <step title="Remove 02276a1cf, Success, received at 12/18/2025 10:51:33 AM" date="2025-12-18T17:44:52.437" /><!-- duration: 16ms -->
        </step><!-- duration: 63ms -->
      </step><!-- duration: 3375ms -->
    </step><!-- duration: 3610ms -->
    <step title="Cleaning up temp files" date="2025-12-18T17:44:52.499" /><!-- duration: 16ms -->
    <step title="Skip function trigger and logicapp sync because function is not enabled." date="2025-12-18T17:44:52.530" /><!-- duration: 0ms -->
  </step><!-- duration: 4578ms -->
  <step title="LockFile &apos;C:\home\site\locks\deployments.lock&apos; released" date="2025-12-18T17:44:52.827" /><!-- duration: 0ms -->
  <step title="Deleting shutdown sentinel file" date="2025-12-18T17:44:52.843" SemaphoreCount="8" /><!-- duration: 0ms -->
</step><!-- duration: 4703ms -->
