<step title="BackgroundTrace" date="2025-12-19T12:14:43.147" instance="a6e48b" url="/api/publish" method="POST" >
  <step title="Updating shutdown sentinel last write time" date="2025-12-19T12:14:43.163" SemaphoreCount="7" /><!-- duration: 0ms -->
  <step title="LockFile &apos;C:\home\site\locks\deployments.lock&apos; acquired" date="2025-12-19T12:14:43.163" /><!-- duration: 0ms -->
  <step title="Creating temporary deployment" date="2025-12-19T12:14:43.163" /><!-- duration: 31ms -->
  <step title="Performing fetch based deployment" date="2025-12-19T12:14:43.209" >
    <step title="Fetching changes." date="2025-12-19T12:14:43.241" /><!-- duration: 16ms -->
    <step title="Starting LocalZipHandler" date="2025-12-19T12:14:43.256" /><!-- duration: 0ms -->
    <step title="Cleaning up temp folders from previous zip deployments and extracting pushed zip file C:\local\Temp\zipdeploy\cvdnn2mg.zip (13.20 MB) to C:\local\Temp\zipdeploy\extracted" date="2025-12-19T12:14:43.288" /><!-- duration: 0ms -->
    <step title="Cleaning up temp folders from previous zip deployments and extracting pushed zip file C:\local\Temp\zipdeploy\cvdnn2mg.zip (13.20 MB) to C:\local\Temp\zipdeploy\extracted" date="2025-12-19T12:14:43.288" >
      <step title="Renaming extractTargetDirectory(C:\local\Temp\zipdeploy\extracted) to tempDirectory(C:\local\Temp\zipdeploy\lwwrafpm.g0r)" date="2025-12-19T12:14:43.288" /><!-- duration: 16ms -->
      <step title="Extracting 115 entries to C:\local\Temp\zipdeploy\extracted directory" date="2025-12-19T12:14:43.303" >
        <step title="Extracting to C:\local\Temp\zipdeploy\extracted\appsettings.json ..." date="2025-12-19T12:14:43.303" /><!-- duration: 16ms -->
        <step title="Extracting to C:\local\Temp\zipdeploy\extracted\appsettings.template.json ..." date="2025-12-19T12:14:43.319" /><!-- duration: 16ms -->
        <step title="Extracting to C:\local\Temp\zipdeploy\extracted\Azure.Core.dll ..." date="2025-12-19T12:14:43.334" /><!-- duration: 16ms -->
        <step title="Extracting to C:\local\Temp\zipdeploy\extracted\Azure.Identity.dll ..." date="2025-12-19T12:14:43.350" /><!-- duration: 0ms -->
        <step title="Extracting to C:\local\Temp\zipdeploy\extracted\Azure.Storage.Blobs.dll ..." date="2025-12-19T12:14:43.366" /><!-- duration: 16ms -->
        <step title="Omitting extracting file traces ..." date="2025-12-19T12:14:43.381" /><!-- duration: 16ms -->
      </step><!-- duration: 516ms -->
    </step><!-- duration: 547ms -->
    <step title="Before sending BuildRequestReceived status to /api/updatedeploystatus" date="2025-12-19T12:14:43.834" /><!-- duration: 0ms -->
    <step title="DeploymentManager.Deploy(id:2def6b5d69e84edba7333686cf70dfa5)" date="2025-12-19T12:14:43.850" >
      <step title="Collecting changeset information" date="2025-12-19T12:14:43.850" /><!-- duration: 31ms -->
      <step title="Updating submodules" date="2025-12-19T12:14:43.881" >
        <step title="Updating submodules." date="2025-12-19T12:14:43.913" /><!-- duration: 16ms -->
      </step><!-- duration: 47ms -->
      <step title="Preparing deployment for commit id &apos;2def6b5d69&apos;." date="2025-12-19T12:14:43.959" /><!-- duration: 16ms -->
      <step title="Determining deployment builder" date="2025-12-19T12:14:44.006" >
        <step title="Builder is OneDeployBuilder" date="2025-12-19T12:14:44.006" /><!-- duration: 0ms -->
      </step><!-- duration: 0ms -->
      <step title="Copying SSH keys" date="2025-12-19T12:14:44.038" /><!-- duration: 0ms -->
      <step title="Building" date="2025-12-19T12:14:44.038" >
        <step title="Running build. Project type: OneDeploy" date="2025-12-19T12:14:44.069" /><!-- duration: 16ms -->
        <step title="Copying the manifest" date="2025-12-19T12:14:44.116" /><!-- duration: 0ms -->
        <step title="Clean deploying to C:\home\site\wwwroot" date="2025-12-19T12:14:44.178" /><!-- duration: 0ms -->
        <step title="Generating deployment script." date="2025-12-19T12:14:44.256" /><!-- duration: 0ms -->
        <step title="Generating deployment script" date="2025-12-19T12:14:44.272" >
          <step title="Using cached version of the deployment script for command: -y --no-dot-deployment -r &quot;C:\local\Temp\zipdeploy\extracted&quot; -o &quot;C:\home\site\deployments\tools&quot; --basic --sitePath &quot;C:\local\Temp\zipdeploy\extracted&quot;" date="2025-12-19T12:14:44.272" /><!-- duration: 16ms -->
          <step title="Using cached version of deployment script (command: &apos;azure -y --no-dot-deployment -r &quot;C:\local\Temp\zipdeploy\extracted&quot; -o &quot;C:\home\site\deployments\tools&quot; --basic --sitePath &quot;C:\local\Temp\zipdeploy\extracted&quot;&apos;)." date="2025-12-19T12:14:44.303" /><!-- duration: 0ms -->
        </step><!-- duration: 31ms -->
        <step title="Running deployment command..." date="2025-12-19T12:14:44.350" /><!-- duration: 0ms -->
        <step title="Command: &quot;C:\home\site\deployments\tools\deploy.cmd&quot;" date="2025-12-19T12:14:44.350" /><!-- duration: 16ms -->
        <step title="Executing external process" date="2025-12-19T12:14:44.366" type="process" path="starter.cmd" arguments="&quot;C:\home\site\deployments\tools\deploy.cmd&quot;" >
          <step title="Handling Basic Web Site deployment." date="2025-12-19T12:14:44.491" /><!-- duration: 0ms -->
          <step title="Creating app_offline.htm" date="2025-12-19T12:14:45.022" /><!-- duration: 0ms -->
          <step title="KuduSync.NET from: &apos;C:\local\Temp\zipdeploy\extracted&apos; to: &apos;C:\home\site\wwwroot&apos;" date="2025-12-19T12:14:45.038" /><!-- duration: 16ms -->
          <step title="Deleting file: &apos;logs\app-20251219.log&apos;" date="2025-12-19T12:14:45.053" /><!-- duration: 0ms -->
          <step title="Deleting file: &apos;logs\stdout_20251219115800_15432.log&apos;" date="2025-12-19T12:14:45.069" /><!-- duration: 0ms -->
          <step title="Deleting directory: &apos;logs&apos;" date="2025-12-19T12:14:45.069" /><!-- duration: 16ms -->
          <step title="Copying file: &apos;appsettings.json&apos;" date="2025-12-19T12:14:45.100" /><!-- duration: 0ms -->
          <step title="Copying file: &apos;appsettings.template.json&apos;" date="2025-12-19T12:14:45.100" /><!-- duration: 0ms -->
          <step title="Copying file: &apos;Azure.Core.dll&apos;" date="2025-12-19T12:14:45.116" /><!-- duration: 0ms -->
          <step title="Copying file: &apos;Azure.Identity.dll&apos;" date="2025-12-19T12:14:45.131" /><!-- duration: 0ms -->
          <step title="Copying file: &apos;Azure.Storage.Blobs.dll&apos;" date="2025-12-19T12:14:45.147" /><!-- duration: 0ms -->
          <step title="Copying file: &apos;Azure.Storage.Common.dll&apos;" date="2025-12-19T12:14:45.147" /><!-- duration: 16ms -->
          <step title="Copying file: &apos;Azure.Storage.Queues.dll&apos;" date="2025-12-19T12:14:45.163" /><!-- duration: 16ms -->
          <step title="Copying file: &apos;Google.Api.CommonProtos.dll&apos;" date="2025-12-19T12:14:45.178" /><!-- duration: 0ms -->
          <step title="Copying file: &apos;Google.Api.Gax.dll&apos;" date="2025-12-19T12:14:45.194" /><!-- duration: 0ms -->
          <step title="Copying file: &apos;Google.Api.Gax.Grpc.dll&apos;" date="2025-12-19T12:14:45.209" /><!-- duration: 0ms -->
          <step title="Copying file: &apos;Google.Apis.Auth.dll&apos;" date="2025-12-19T12:14:45.225" /><!-- duration: 0ms -->
          <step title="Copying file: &apos;Google.Apis.Core.dll&apos;" date="2025-12-19T12:14:45.225" /><!-- duration: 16ms -->
          <step title="Copying file: &apos;Google.Apis.dll&apos;" date="2025-12-19T12:14:45.241" /><!-- duration: 0ms -->
          <step title="Copying file: &apos;Google.Cloud.Vision.V1.dll&apos;" date="2025-12-19T12:14:45.256" /><!-- duration: 0ms -->
          <step title="Copying file: &apos;Google.LongRunning.dll&apos;" date="2025-12-19T12:14:45.272" /><!-- duration: 0ms -->
          <step title="Copying file: &apos;Google.Protobuf.dll&apos;" date="2025-12-19T12:14:45.272" /><!-- duration: 16ms -->
          <step title="Copying file: &apos;Grpc.Auth.dll&apos;" date="2025-12-19T12:14:45.288" /><!-- duration: 0ms -->
          <step title="Copying file: &apos;Grpc.Core.Api.dll&apos;" date="2025-12-19T12:14:45.303" /><!-- duration: 0ms -->
          <step title="Copying file: &apos;Grpc.Net.Client.dll&apos;" date="2025-12-19T12:14:45.319" /><!-- duration: 0ms -->
          <step title="Copying file: &apos;Grpc.Net.Common.dll&apos;" date="2025-12-19T12:14:45.334" /><!-- duration: 0ms -->
          <step title="Copying file: &apos;Microsoft.AspNetCore.Authentication.JwtBearer.dll&apos;" date="2025-12-19T12:14:45.350" /><!-- duration: 0ms -->
          <step title="Copying file: &apos;Microsoft.AspNetCore.OpenApi.dll&apos;" date="2025-12-19T12:14:45.350" /><!-- duration: 16ms -->
          <step title="Copying file: &apos;Microsoft.Bcl.AsyncInterfaces.dll&apos;" date="2025-12-19T12:14:45.366" /><!-- duration: 0ms -->
          <step title="Copying file: &apos;Microsoft.Data.SqlClient.dll&apos;" date="2025-12-19T12:14:45.381" /><!-- duration: 0ms -->
          <step title="Copying file: &apos;Microsoft.EntityFrameworkCore.Abstractions.dll&apos;" date="2025-12-19T12:14:45.381" /><!-- duration: 16ms -->
          <step title="Copying file: &apos;Microsoft.EntityFrameworkCore.dll&apos;" date="2025-12-19T12:14:45.413" /><!-- duration: 16ms -->
          <step title="Copying file: &apos;Microsoft.EntityFrameworkCore.InMemory.dll&apos;" date="2025-12-19T12:14:45.428" /><!-- duration: 16ms -->
          <step title="Copying file: &apos;Microsoft.EntityFrameworkCore.Relational.dll&apos;" date="2025-12-19T12:14:45.444" /><!-- duration: 16ms -->
          <step title="Copying file: &apos;Microsoft.EntityFrameworkCore.SqlServer.dll&apos;" date="2025-12-19T12:14:45.475" /><!-- duration: 0ms -->
          <step title="Copying file: &apos;Microsoft.Extensions.Caching.Memory.dll&apos;" date="2025-12-19T12:14:45.475" /><!-- duration: 16ms -->
          <step title="Copying file: &apos;Microsoft.Extensions.DependencyInjection.Abstractions.dll&apos;" date="2025-12-19T12:14:45.491" /><!-- duration: 0ms -->
          <step title="Copying file: &apos;Microsoft.Extensions.DependencyInjection.dll&apos;" date="2025-12-19T12:14:45.506" /><!-- duration: 0ms -->
          <step title="Copying file: &apos;Microsoft.Extensions.DependencyModel.dll&apos;" date="2025-12-19T12:14:45.506" /><!-- duration: 16ms -->
          <step title="Copying file: &apos;Microsoft.Extensions.Logging.Abstractions.dll&apos;" date="2025-12-19T12:14:45.522" /><!-- duration: 16ms -->
          <step title="Copying file: &apos;Microsoft.Extensions.Logging.dll&apos;" date="2025-12-19T12:14:45.538" /><!-- duration: 31ms -->
          <step title="Copying file: &apos;Microsoft.Extensions.Options.dll&apos;" date="2025-12-19T12:14:45.584" /><!-- duration: 0ms -->
          <step title="Copying file: &apos;Microsoft.Identity.Client.dll&apos;" date="2025-12-19T12:14:45.600" /><!-- duration: 16ms -->
          <step title="Copying file: &apos;Microsoft.Identity.Client.Extensions.Msal.dll&apos;" date="2025-12-19T12:14:45.631" /><!-- duration: 0ms -->
          <step title="Copying file: &apos;Microsoft.IdentityModel.Abstractions.dll&apos;" date="2025-12-19T12:14:45.631" /><!-- duration: 16ms -->
          <step title="Copying file: &apos;Microsoft.IdentityModel.JsonWebTokens.dll&apos;" date="2025-12-19T12:14:45.647" /><!-- duration: 16ms -->
          <step title="Copying file: &apos;Microsoft.IdentityModel.Logging.dll&apos;" date="2025-12-19T12:14:45.663" /><!-- duration: 0ms -->
          <step title="Copying file: &apos;Microsoft.IdentityModel.Protocols.dll&apos;" date="2025-12-19T12:14:45.678" /><!-- duration: 0ms -->
          <step title="Copying file: &apos;Microsoft.IdentityModel.Protocols.OpenIdConnect.dll&apos;" date="2025-12-19T12:14:45.694" /><!-- duration: 0ms -->
          <step title="Copying file: &apos;Microsoft.IdentityModel.Tokens.dll&apos;" date="2025-12-19T12:14:45.694" /><!-- duration: 0ms -->
          <step title="Copying file: &apos;Microsoft.OpenApi.dll&apos;" date="2025-12-19T12:14:45.709" /><!-- duration: 0ms -->
          <step title="Omitting next output lines..." date="2025-12-19T12:14:45.725" /><!-- duration: 0ms -->
          <step title="Finished successfully." date="2025-12-19T12:14:47.209" /><!-- duration: 0ms -->
        </step><!-- duration: 2844ms -->
        <step title="Build completed succesfully." date="2025-12-19T12:14:47.241" /><!-- duration: 0ms -->
        <step title="Running post deployment command(s)..." date="2025-12-19T12:14:47.272" /><!-- duration: 16ms -->
        <step title="Requesting site restart" date="2025-12-19T12:14:47.319" /><!-- duration: 0ms -->
        <step title="Requesting site restart" date="2025-12-19T12:14:47.319" /><!-- duration: 16ms -->
        <step title="Requesting site restart. Attempt #1" date="2025-12-19T12:14:47.366" /><!-- duration: 0ms -->
        <step title="Requesting site restart. Attempt #1" date="2025-12-19T12:14:47.366" /><!-- duration: 16ms -->
        <step title="Successfully requested a restart. Attempt #1" date="2025-12-19T12:14:47.475" /><!-- duration: 0ms -->
        <step title="Successfully requested a restart. Attempt #1" date="2025-12-19T12:14:47.475" /><!-- duration: 0ms -->
        <step title="Deployment successful. DEPLOYMENTINFO: deploymentPath = OneDeploy, deployer = OneDeploy, os = windows, sku = Free, siteName = smartstudy-api, siteHostName = smartstudy-api-athtbtapcvdjesbe.centralindia-01.azurewebsites.net, deploymentStatus = Success" date="2025-12-19T12:14:47.522" /><!-- duration: 0ms -->
        <step title="Purge deployment items" date="2025-12-19T12:14:47.584" >
          <step title="Remove eadba27e0, Success, received at 12/18/2025 4:44:37 PM" date="2025-12-19T12:14:47.631" /><!-- duration: 16ms -->
        </step><!-- duration: 63ms -->
      </step><!-- duration: 3625ms -->
    </step><!-- duration: 3813ms -->
    <step title="Cleaning up temp files" date="2025-12-19T12:14:47.678" /><!-- duration: 0ms -->
    <step title="Skip function trigger and logicapp sync because function is not enabled." date="2025-12-19T12:14:47.678" /><!-- duration: 16ms -->
  </step><!-- duration: 4516ms -->
  <step title="LockFile &apos;C:\home\site\locks\deployments.lock&apos; released" date="2025-12-19T12:14:47.725" /><!-- duration: 0ms -->
  <step title="Deleting shutdown sentinel file" date="2025-12-19T12:14:47.741" SemaphoreCount="8" /><!-- duration: 0ms -->
</step><!-- duration: 4594ms -->
