<step title="Incoming Request" date="2025-12-19T13:36:01.128" instance="a6e48b" url="/api/publish?async=true&amp;deployer=GITHUB_ONE_DEPLOY&amp;type=zip&amp;message=%7B%22type%22%3A%22deployment%22%2C%22sha%22%3A%22dbea2d067e38985c7dd18e930b912fe2938a6af1%22%2C%22repoName%22%3A%22sadabyakod%2Fschool-ai-chatbot%22%2C%22actor%22%3A%22sadabyakod%22%2C%22slotName%22%3A%22Production%22%2C%22commitMessage%22%3A%22Fix%20exam%20storage%3A%20table%20init%20flag%2C%20route%20alias%2C%20debug%20endpoint%5Cn%5Cn-%20Fix%20DatabaseExamStorageService%3A%20Only%20set%20_tableInitialized%20flag%20AFTER%20successful%20table%20creation%20(was%20preventing%20retry%20on%20failure)%5Cn%5Cn-%20Add%20debug%20endpoint%20GET%20%2Fapi%2Fexam%2Fdebug%2Ftest-storage%20to%20verify%20database%20connectivity%5Cn%5Cn-%20Add%20route%20alias%20GET%20%2Fapi%2Fexam%2F%7BexamId%7D%20in%20addition%20to%20%2Fapi%2Fexam%2Fget%2F%7BexamId%7D%5Cn%5Cn-%20Add%20storage%20debug%20info%20to%20exam%20generation%20response%20when%20storage%20fails%5Cn%5Cn-%20Add%20deploy-to-azure.ps1%20script%20for%20quick%20deployments%22%7D" method="POST" type="request" pid="6112,2,56" Transfer-Encoding="chunked" Content-Type="application/octet-stream" Authorization="Bea..." Cookie="ARRAffinity=a6e48b9e9d2653435be7b61998d8624b44115214104213d6c8b8c526cc56dc70;Path=/;HttpOnly;Secure;Domain=smartstudy-api-athtbtapcvdjesbe.scm.centralindia-01.azurewebsites.net; ARRAffinitySameSite=a6e48b9e9d2653435be7b61998d8624b44115214104213d6c8b8c526cc56dc70;Path=/;HttpOnly;SameSite=None;Secure;Domain=smartstudy-api-athtbtapcvdjesbe.scm.centralindia-01.azurewebsites.net" Host="smartstudy-api-athtbtapcvdjesbe.scm.centralindia-01.azurewebsites.net" User-Agent="GITHUBACTIONS_DeployWebAppToAzure_b38e683445ac2cccfa8cd358babf8f5a5158c9572d0969b43cb3c24e61907cfe" X-ARR-LOG-ID="e8844fa5-abb1-4a0e-b136-85a437b39cc8" CLIENT-IP="64.236.140.176:1024" X-SITE-DEPLOYMENT-ID="smartstudy-api" WAS-DEFAULT-HOSTNAME="smartstudy-api-athtbtapcvdjesbe.scm.centralindia-01.azurewebsites.net" X-Forwarded-Proto="https" X-AppService-Proto="https" X-Forwarded-TlsVersion="1.3" X-WAWS-Unencoded-URL="/api/publish?async=true&amp;deployer=GITHUB_ONE_DEPLOY&amp;type=zip&amp;message=%7B%22type%22%3A%22deployment%22%2C%22sha%22%3A%22dbea2d067e38985c7dd18e930b912fe2938a6af1%22%2C%22repoName%22%3A%22sadabyakod%2Fschool-ai-chatbot%22%2C%22actor%22%3A%22sadabyakod%22%2C%22slotName%22%3A%22Production%22%2C%22commitMessage%22%3A%22Fix%20exam%20storage%3A%20table%20init%20flag%2C%20route%20alias%2C%20debug%20endpoint%5Cn%5Cn-%20Fix%20DatabaseExamStorageService%3A%20Only%20set%20_tableInitialized%20flag%20AFTER%20successful%20table%20creation%20(was%20preventing%20retry%20on%20failure)%5Cn%5Cn-%20Add%20debug%20endpoint%20GET%20%2Fapi%2Fexam%2Fdebug%2Ftest-storage%20to%20verify%20database%20connectivity%5Cn%5Cn-%20Add%20route%20alias%20GET%20%2Fapi%2Fexam%2F%7BexamId%7D%20in%20addition%20to%20%2Fapi%2Fexam%2Fget%2F%7BexamId%7D%5Cn%5Cn-%20Add%20storage%20debug%20info%20to%20exam%20generation%20response%20when%20storage%20fails%5Cn%5Cn-%20Add%20deploy-to-azure.ps1%20script%20for%20quick%20deployments%22%7D" >
  <step title="OneDeploy" date="2025-12-19T13:36:01.550" >
    <step title="Starting PushDeployAsync" date="2025-12-19T13:36:01.550" /><!-- duration: 0ms -->
    <step title="Updating shutdown sentinel last write time" date="2025-12-19T13:36:01.565" SemaphoreCount="7" /><!-- duration: 16ms -->
    <step title="LockFile &apos;C:\home\site\locks\deployments.lock&apos; acquired" date="2025-12-19T13:36:01.581" /><!-- duration: 16ms -->
    <step title="Saving request content to C:\local\Temp\zipdeploy\ywsbtjdr.zip" date="2025-12-19T13:36:01.596" >
      <step title="Total 13,846,223 bytes written to C:\local\Temp\zipdeploy\ywsbtjdr.zip" date="2025-12-19T13:36:04.003" /><!-- duration: 0ms -->
    </step><!-- duration: 2406ms -->
    <step title="LockFile &apos;C:\home\site\locks\deployments.lock&apos; released" date="2025-12-19T13:36:04.018" /><!-- duration: 0ms -->
    <step title="Deleting shutdown sentinel file" date="2025-12-19T13:36:04.034" SemaphoreCount="8" /><!-- duration: 0ms -->
    <step title="Starting FetchDeploy" date="2025-12-19T13:36:04.034" /><!-- duration: 16ms -->
    <step title="Start deployment in the background" date="2025-12-19T13:36:04.050" /><!-- duration: 63ms -->
  </step><!-- duration: 2563ms -->
  <step title="Outgoing response" date="2025-12-19T13:36:04.112" type="response" statusCode="202" statusText="Accepted" Server="Microsoft-IIS/10.0" x-ms-request-id="e8844fa5-abb1-4a0e-b136-85a437b39cc8" Retry-After="30" Cache-Control="private" X-AspNet-Version="4.0.30319" Location="https://smartstudy-api-athtbtapcvdjesbe.scm.centralindia-01.azurewebsites.net/api/deployments/latest?deployer=OneDeploy&amp;time=2025-12-19_13-36-04Z" /><!-- duration: 0ms -->
</step><!-- duration: 3000ms -->
