<step title="BackgroundTrace" date="2025-12-19T11:57:09.078" instance="a6e48b" url="/api/publish" method="POST" >
  <step title="Updating shutdown sentinel last write time" date="2025-12-19T11:57:09.078" SemaphoreCount="7" /><!-- duration: 0ms -->
  <step title="LockFile &apos;C:\home\site\locks\deployments.lock&apos; acquired" date="2025-12-19T11:57:09.094" /><!-- duration: 0ms -->
  <step title="Creating temporary deployment" date="2025-12-19T11:57:09.094" /><!-- duration: 47ms -->
  <step title="Performing fetch based deployment" date="2025-12-19T11:57:09.140" >
    <step title="Fetching changes." date="2025-12-19T11:57:09.187" /><!-- duration: 16ms -->
    <step title="Starting LocalZipHandler" date="2025-12-19T11:57:09.203" /><!-- duration: 0ms -->
    <step title="Cleaning up temp folders from previous zip deployments and extracting pushed zip file C:\local\Temp\zipdeploy\wbbjd3kb.zip (13.20 MB) to C:\local\Temp\zipdeploy\extracted" date="2025-12-19T11:57:09.234" /><!-- duration: 0ms -->
    <step title="Cleaning up temp folders from previous zip deployments and extracting pushed zip file C:\local\Temp\zipdeploy\wbbjd3kb.zip (13.20 MB) to C:\local\Temp\zipdeploy\extracted" date="2025-12-19T11:57:09.234" >
      <step title="Renaming extractTargetDirectory(C:\local\Temp\zipdeploy\extracted) to tempDirectory(C:\local\Temp\zipdeploy\zk3fdiqr.5hu)" date="2025-12-19T11:57:09.250" /><!-- duration: 0ms -->
      <step title="Extracting 115 entries to C:\local\Temp\zipdeploy\extracted directory" date="2025-12-19T11:57:09.250" >
        <step title="Extracting to C:\local\Temp\zipdeploy\extracted\appsettings.json ..." date="2025-12-19T11:57:09.265" /><!-- duration: 0ms -->
        <step title="Extracting to C:\local\Temp\zipdeploy\extracted\appsettings.template.json ..." date="2025-12-19T11:57:09.265" /><!-- duration: 0ms -->
        <step title="Extracting to C:\local\Temp\zipdeploy\extracted\Azure.Core.dll ..." date="2025-12-19T11:57:09.281" /><!-- duration: 0ms -->
        <step title="Extracting to C:\local\Temp\zipdeploy\extracted\Azure.Identity.dll ..." date="2025-12-19T11:57:09.281" /><!-- duration: 16ms -->
        <step title="Extracting to C:\local\Temp\zipdeploy\extracted\Azure.Storage.Blobs.dll ..." date="2025-12-19T11:57:09.297" /><!-- duration: 31ms -->
        <step title="Omitting extracting file traces ..." date="2025-12-19T11:57:09.328" /><!-- duration: 0ms -->
      </step><!-- duration: 531ms -->
    </step><!-- duration: 547ms -->
    <step title="Before sending BuildRequestReceived status to /api/updatedeploystatus" date="2025-12-19T11:57:09.781" /><!-- duration: 16ms -->
    <step title="DeploymentManager.Deploy(id:d2e149b325a34460b7554317d4a6e1c8)" date="2025-12-19T11:57:09.797" >
      <step title="Collecting changeset information" date="2025-12-19T11:57:09.812" /><!-- duration: 31ms -->
      <step title="Updating submodules" date="2025-12-19T11:57:09.859" >
        <step title="Updating submodules." date="2025-12-19T11:57:09.890" /><!-- duration: 0ms -->
      </step><!-- duration: 31ms -->
      <step title="Preparing deployment for commit id &apos;d2e149b325&apos;." date="2025-12-19T11:57:09.937" /><!-- duration: 0ms -->
      <step title="Determining deployment builder" date="2025-12-19T11:57:09.969" >
        <step title="Builder is OneDeployBuilder" date="2025-12-19T11:57:09.969" /><!-- duration: 16ms -->
      </step><!-- duration: 16ms -->
      <step title="Copying SSH keys" date="2025-12-19T11:57:10.000" /><!-- duration: 0ms -->
      <step title="Building" date="2025-12-19T11:57:10.000" >
        <step title="Running build. Project type: OneDeploy" date="2025-12-19T11:57:10.047" /><!-- duration: 0ms -->
        <step title="Copying the manifest" date="2025-12-19T11:57:10.094" /><!-- duration: 0ms -->
        <step title="Clean deploying to C:\home\site\wwwroot" date="2025-12-19T11:57:10.156" /><!-- duration: 0ms -->
        <step title="Generating deployment script." date="2025-12-19T11:57:10.203" /><!-- duration: 0ms -->
        <step title="Generating deployment script" date="2025-12-19T11:57:10.219" >
          <step title="Using cached version of the deployment script for command: -y --no-dot-deployment -r &quot;C:\local\Temp\zipdeploy\extracted&quot; -o &quot;C:\home\site\deployments\tools&quot; --basic --sitePath &quot;C:\local\Temp\zipdeploy\extracted&quot;" date="2025-12-19T11:57:10.219" /><!-- duration: 16ms -->
          <step title="Using cached version of deployment script (command: &apos;azure -y --no-dot-deployment -r &quot;C:\local\Temp\zipdeploy\extracted&quot; -o &quot;C:\home\site\deployments\tools&quot; --basic --sitePath &quot;C:\local\Temp\zipdeploy\extracted&quot;&apos;)." date="2025-12-19T11:57:10.250" /><!-- duration: 0ms -->
        </step><!-- duration: 31ms -->
        <step title="Running deployment command..." date="2025-12-19T11:57:10.281" /><!-- duration: 16ms -->
        <step title="Command: &quot;C:\home\site\deployments\tools\deploy.cmd&quot;" date="2025-12-19T11:57:10.297" /><!-- duration: 16ms -->
        <step title="Executing external process" date="2025-12-19T11:57:10.312" type="process" path="starter.cmd" arguments="&quot;C:\home\site\deployments\tools\deploy.cmd&quot;" >
          <step title="Handling Basic Web Site deployment." date="2025-12-19T11:57:10.437" /><!-- duration: 16ms -->
          <step title="Creating app_offline.htm" date="2025-12-19T11:57:11.031" /><!-- duration: 0ms -->
          <step title="KuduSync.NET from: &apos;C:\local\Temp\zipdeploy\extracted&apos; to: &apos;C:\home\site\wwwroot&apos;" date="2025-12-19T11:57:11.031" /><!-- duration: 16ms -->
          <step title="Deleting file: &apos;logs\app-20251219.log&apos;" date="2025-12-19T11:57:11.062" /><!-- duration: 0ms -->
          <step title="Deleting file: &apos;logs\stdout_20251219114005_17828.log&apos;" date="2025-12-19T11:57:11.078" /><!-- duration: 0ms -->
          <step title="Deleting directory: &apos;logs&apos;" date="2025-12-19T11:57:11.094" /><!-- duration: 0ms -->
          <step title="Copying file: &apos;appsettings.json&apos;" date="2025-12-19T11:57:11.094" /><!-- duration: 16ms -->
          <step title="Copying file: &apos;appsettings.template.json&apos;" date="2025-12-19T11:57:11.109" /><!-- duration: 0ms -->
          <step title="Copying file: &apos;Azure.Core.dll&apos;" date="2025-12-19T11:57:11.140" /><!-- duration: 0ms -->
          <step title="Copying file: &apos;Azure.Identity.dll&apos;" date="2025-12-19T11:57:11.140" /><!-- duration: 16ms -->
          <step title="Copying file: &apos;Azure.Storage.Blobs.dll&apos;" date="2025-12-19T11:57:11.156" /><!-- duration: 0ms -->
          <step title="Copying file: &apos;Azure.Storage.Common.dll&apos;" date="2025-12-19T11:57:11.172" /><!-- duration: 0ms -->
          <step title="Copying file: &apos;Azure.Storage.Queues.dll&apos;" date="2025-12-19T11:57:11.172" /><!-- duration: 16ms -->
          <step title="Copying file: &apos;Google.Api.CommonProtos.dll&apos;" date="2025-12-19T11:57:11.187" /><!-- duration: 16ms -->
          <step title="Copying file: &apos;Google.Api.Gax.dll&apos;" date="2025-12-19T11:57:11.203" /><!-- duration: 0ms -->
          <step title="Copying file: &apos;Google.Api.Gax.Grpc.dll&apos;" date="2025-12-19T11:57:11.219" /><!-- duration: 0ms -->
          <step title="Copying file: &apos;Google.Apis.Auth.dll&apos;" date="2025-12-19T11:57:11.234" /><!-- duration: 0ms -->
          <step title="Copying file: &apos;Google.Apis.Core.dll&apos;" date="2025-12-19T11:57:11.250" /><!-- duration: 0ms -->
          <step title="Copying file: &apos;Google.Apis.dll&apos;" date="2025-12-19T11:57:11.250" /><!-- duration: 16ms -->
          <step title="Copying file: &apos;Google.Cloud.Vision.V1.dll&apos;" date="2025-12-19T11:57:11.265" /><!-- duration: 0ms -->
          <step title="Copying file: &apos;Google.LongRunning.dll&apos;" date="2025-12-19T11:57:11.281" /><!-- duration: 0ms -->
          <step title="Copying file: &apos;Google.Protobuf.dll&apos;" date="2025-12-19T11:57:11.297" /><!-- duration: 0ms -->
          <step title="Copying file: &apos;Grpc.Auth.dll&apos;" date="2025-12-19T11:57:11.297" /><!-- duration: 0ms -->
          <step title="Copying file: &apos;Grpc.Core.Api.dll&apos;" date="2025-12-19T11:57:11.312" /><!-- duration: 0ms -->
          <step title="Copying file: &apos;Grpc.Net.Client.dll&apos;" date="2025-12-19T11:57:11.328" /><!-- duration: 0ms -->
          <step title="Copying file: &apos;Grpc.Net.Common.dll&apos;" date="2025-12-19T11:57:11.344" /><!-- duration: 0ms -->
          <step title="Copying file: &apos;Microsoft.AspNetCore.Authentication.JwtBearer.dll&apos;" date="2025-12-19T11:57:11.359" /><!-- duration: 0ms -->
          <step title="Copying file: &apos;Microsoft.AspNetCore.OpenApi.dll&apos;" date="2025-12-19T11:57:11.375" /><!-- duration: 0ms -->
          <step title="Copying file: &apos;Microsoft.Bcl.AsyncInterfaces.dll&apos;" date="2025-12-19T11:57:11.390" /><!-- duration: 0ms -->
          <step title="Copying file: &apos;Microsoft.Data.SqlClient.dll&apos;" date="2025-12-19T11:57:11.390" /><!-- duration: 0ms -->
          <step title="Copying file: &apos;Microsoft.EntityFrameworkCore.Abstractions.dll&apos;" date="2025-12-19T11:57:11.406" /><!-- duration: 0ms -->
          <step title="Copying file: &apos;Microsoft.EntityFrameworkCore.dll&apos;" date="2025-12-19T11:57:11.422" /><!-- duration: 0ms -->
          <step title="Copying file: &apos;Microsoft.EntityFrameworkCore.InMemory.dll&apos;" date="2025-12-19T11:57:11.422" /><!-- duration: 16ms -->
          <step title="Copying file: &apos;Microsoft.EntityFrameworkCore.Relational.dll&apos;" date="2025-12-19T11:57:11.437" /><!-- duration: 0ms -->
          <step title="Copying file: &apos;Microsoft.EntityFrameworkCore.SqlServer.dll&apos;" date="2025-12-19T11:57:11.453" /><!-- duration: 0ms -->
          <step title="Copying file: &apos;Microsoft.Extensions.Caching.Memory.dll&apos;" date="2025-12-19T11:57:11.484" /><!-- duration: 0ms -->
          <step title="Copying file: &apos;Microsoft.Extensions.DependencyInjection.Abstractions.dll&apos;" date="2025-12-19T11:57:11.484" /><!-- duration: 0ms -->
          <step title="Copying file: &apos;Microsoft.Extensions.DependencyInjection.dll&apos;" date="2025-12-19T11:57:11.500" /><!-- duration: 0ms -->
          <step title="Copying file: &apos;Microsoft.Extensions.DependencyModel.dll&apos;" date="2025-12-19T11:57:11.515" /><!-- duration: 0ms -->
          <step title="Copying file: &apos;Microsoft.Extensions.Logging.Abstractions.dll&apos;" date="2025-12-19T11:57:11.515" /><!-- duration: 16ms -->
          <step title="Copying file: &apos;Microsoft.Extensions.Logging.dll&apos;" date="2025-12-19T11:57:11.531" /><!-- duration: 0ms -->
          <step title="Copying file: &apos;Microsoft.Extensions.Options.dll&apos;" date="2025-12-19T11:57:11.547" /><!-- duration: 0ms -->
          <step title="Copying file: &apos;Microsoft.Identity.Client.dll&apos;" date="2025-12-19T11:57:11.562" /><!-- duration: 0ms -->
          <step title="Copying file: &apos;Microsoft.Identity.Client.Extensions.Msal.dll&apos;" date="2025-12-19T11:57:11.578" /><!-- duration: 0ms -->
          <step title="Copying file: &apos;Microsoft.IdentityModel.Abstractions.dll&apos;" date="2025-12-19T11:57:11.578" /><!-- duration: 16ms -->
          <step title="Copying file: &apos;Microsoft.IdentityModel.JsonWebTokens.dll&apos;" date="2025-12-19T11:57:11.594" /><!-- duration: 0ms -->
          <step title="Copying file: &apos;Microsoft.IdentityModel.Logging.dll&apos;" date="2025-12-19T11:57:11.609" /><!-- duration: 0ms -->
          <step title="Copying file: &apos;Microsoft.IdentityModel.Protocols.dll&apos;" date="2025-12-19T11:57:11.609" /><!-- duration: 16ms -->
          <step title="Copying file: &apos;Microsoft.IdentityModel.Protocols.OpenIdConnect.dll&apos;" date="2025-12-19T11:57:11.625" /><!-- duration: 0ms -->
          <step title="Copying file: &apos;Microsoft.IdentityModel.Tokens.dll&apos;" date="2025-12-19T11:57:11.640" /><!-- duration: 0ms -->
          <step title="Copying file: &apos;Microsoft.OpenApi.dll&apos;" date="2025-12-19T11:57:11.640" /><!-- duration: 16ms -->
          <step title="Omitting next output lines..." date="2025-12-19T11:57:11.656" /><!-- duration: 16ms -->
          <step title="Finished successfully." date="2025-12-19T11:57:13.156" /><!-- duration: 0ms -->
        </step><!-- duration: 2844ms -->
        <step title="Build completed succesfully." date="2025-12-19T11:57:13.187" /><!-- duration: 16ms -->
        <step title="Running post deployment command(s)..." date="2025-12-19T11:57:13.234" /><!-- duration: 0ms -->
        <step title="Requesting site restart" date="2025-12-19T11:57:13.281" /><!-- duration: 0ms -->
        <step title="Requesting site restart" date="2025-12-19T11:57:13.281" /><!-- duration: 16ms -->
        <step title="Requesting site restart. Attempt #1" date="2025-12-19T11:57:13.328" /><!-- duration: 0ms -->
        <step title="Requesting site restart. Attempt #1" date="2025-12-19T11:57:13.328" /><!-- duration: 0ms -->
        <step title="Successfully requested a restart. Attempt #1" date="2025-12-19T11:57:13.437" /><!-- duration: 0ms -->
        <step title="Successfully requested a restart. Attempt #1" date="2025-12-19T11:57:13.437" /><!-- duration: 16ms -->
        <step title="Deployment successful. DEPLOYMENTINFO: deploymentPath = OneDeploy, deployer = OneDeploy, os = windows, sku = Free, siteName = smartstudy-api, siteHostName = smartstudy-api-athtbtapcvdjesbe.centralindia-01.azurewebsites.net, deploymentStatus = Success" date="2025-12-19T11:57:13.484" /><!-- duration: 0ms -->
        <step title="Purge deployment items" date="2025-12-19T11:57:13.547" >
          <step title="Remove 186f35aee, Success, received at 12/18/2025 2:48:13 PM" date="2025-12-19T11:57:13.625" /><!-- duration: 0ms -->
        </step><!-- duration: 78ms -->
      </step><!-- duration: 3656ms -->
    </step><!-- duration: 3859ms -->
    <step title="Cleaning up temp files" date="2025-12-19T11:57:13.656" /><!-- duration: 0ms -->
    <step title="Skip function trigger and logicapp sync because function is not enabled." date="2025-12-19T11:57:13.672" /><!-- duration: 0ms -->
  </step><!-- duration: 4547ms -->
  <step title="LockFile &apos;C:\home\site\locks\deployments.lock&apos; released" date="2025-12-19T11:57:13.703" /><!-- duration: 0ms -->
  <step title="Deleting shutdown sentinel file" date="2025-12-19T11:57:13.703" SemaphoreCount="8" /><!-- duration: 0ms -->
</step><!-- duration: 4641ms -->
