<step title="Incoming Request" date="2025-12-18T08:35:22.054" instance="a6e48b" url="/api/zipdeploy?isAsync=true" method="POST" type="request" pid="19724,2,38" Cache-Control="no-cache" Content-Length="12484949" Content-Type="application/octet-stream" Accept="*/*" Accept-Encoding="gzip, deflate" Authorization="Bea..." Host="smartstudy-api-athtbtapcvdjesbe.scm.centralindia-01.azurewebsites.net" User-Agent="AZURECLI/2.80.0 (MSI)" x-ms-client-request-id="7a0c0788-dbec-11f0-9793-7404f1536f46" X-ARR-LOG-ID="7a0c0788-dbec-11f0-9793-7404f1536f46" CLIENT-IP="38.254.185.42:63300" X-SITE-DEPLOYMENT-ID="smartstudy-api" WAS-DEFAULT-HOSTNAME="smartstudy-api-athtbtapcvdjesbe.scm.centralindia-01.azurewebsites.net" X-Forwarded-Proto="https" X-AppService-Proto="https" X-Forwarded-TlsVersion="1.3" X-WAWS-Unencoded-URL="/api/zipdeploy?isAsync=true" >
  <step title="Cleanup Xml Logs" date="2025-12-18T08:35:22.054" /><!-- duration: 16ms -->
  <step title="ZipPushDeploy" date="2025-12-18T08:35:22.070" >
    <step title="ZipDeploy. Extract zip. " date="2025-12-18T08:35:22.085" /><!-- duration: 0ms -->
    <step title="Starting PushDeployAsync" date="2025-12-18T08:35:22.085" /><!-- duration: 16ms -->
    <step title="Updating shutdown sentinel last write time" date="2025-12-18T08:35:22.101" SemaphoreCount="7" /><!-- duration: 0ms -->
    <step title="LockFile &apos;C:\home\site\locks\deployments.lock&apos; acquired" date="2025-12-18T08:35:22.117" /><!-- duration: 0ms -->
    <step title="Saving request content to C:\local\Temp\zipdeploy\htuq3del.zip" date="2025-12-18T08:35:22.132" >
      <step title="Total 12,484,949 bytes written to C:\local\Temp\zipdeploy\htuq3del.zip" date="2025-12-18T08:35:22.320" /><!-- duration: 0ms -->
    </step><!-- duration: 188ms -->
    <step title="LockFile &apos;C:\home\site\locks\deployments.lock&apos; released" date="2025-12-18T08:35:22.320" /><!-- duration: 16ms -->
    <step title="Deleting shutdown sentinel file" date="2025-12-18T08:35:22.335" SemaphoreCount="8" /><!-- duration: 0ms -->
    <step title="Starting FetchDeploy" date="2025-12-18T08:35:22.351" /><!-- duration: 0ms -->
    <step title="Start deployment in the background" date="2025-12-18T08:35:22.351" /><!-- duration: 62ms -->
  </step><!-- duration: 344ms -->
  <step title="Outgoing response" date="2025-12-18T08:35:22.429" type="response" statusCode="202" statusText="Accepted" Server="Microsoft-IIS/10.0" x-ms-request-id="7a0c0788-dbec-11f0-9793-7404f1536f46" Retry-After="30" Cache-Control="private" X-AspNet-Version="4.0.30319" Location="https://smartstudy-api-athtbtapcvdjesbe.scm.centralindia-01.azurewebsites.net/api/deployments/latest?deployer=ZipDeploy&amp;time=2025-12-18_08-35-22Z" /><!-- duration: 0ms -->
</step><!-- duration: 375ms -->
