<step title="Incoming Request" date="2025-12-19T11:27:48.561" instance="a6e48b" url="/api/publish?async=true&amp;deployer=GITHUB_ONE_DEPLOY&amp;type=zip&amp;message=%7B%22type%22%3A%22deployment%22%2C%22sha%22%3A%226f0df10392f389a86fe6edb12e5566d7106a913f%22%2C%22repoName%22%3A%22sadabyakod%2Fschool-ai-chatbot%22%2C%22actor%22%3A%22sadabyakod%22%2C%22slotName%22%3A%22Production%22%2C%22commitMessage%22%3A%22Remove%20webapp-logs2%20from%20repo%20and%20ignore%20it%22%7D" method="POST" type="request" pid="20980,2,29" Transfer-Encoding="chunked" Content-Type="application/octet-stream" Authorization="Bea..." Cookie="ARRAffinity=a6e48b9e9d2653435be7b61998d8624b44115214104213d6c8b8c526cc56dc70;Path=/;HttpOnly;Secure;Domain=smartstudy-api-athtbtapcvdjesbe.scm.centralindia-01.azurewebsites.net; ARRAffinitySameSite=a6e48b9e9d2653435be7b61998d8624b44115214104213d6c8b8c526cc56dc70;Path=/;HttpOnly;SameSite=None;Secure;Domain=smartstudy-api-athtbtapcvdjesbe.scm.centralindia-01.azurewebsites.net" Host="smartstudy-api-athtbtapcvdjesbe.scm.centralindia-01.azurewebsites.net" User-Agent="GITHUBACTIONS_DeployWebAppToAzure_b38e683445ac2cccfa8cd358babf8f5a5158c9572d0969b43cb3c24e61907cfe" X-ARR-LOG-ID="00f98b02-165d-4308-8f62-f9bf1ea21ebe" CLIENT-IP="52.159.226.240:9216" X-SITE-DEPLOYMENT-ID="smartstudy-api" WAS-DEFAULT-HOSTNAME="smartstudy-api-athtbtapcvdjesbe.scm.centralindia-01.azurewebsites.net" X-Forwarded-Proto="https" X-AppService-Proto="https" X-Forwarded-TlsVersion="1.3" X-WAWS-Unencoded-URL="/api/publish?async=true&amp;deployer=GITHUB_ONE_DEPLOY&amp;type=zip&amp;message=%7B%22type%22%3A%22deployment%22%2C%22sha%22%3A%226f0df10392f389a86fe6edb12e5566d7106a913f%22%2C%22repoName%22%3A%22sadabyakod%2Fschool-ai-chatbot%22%2C%22actor%22%3A%22sadabyakod%22%2C%22slotName%22%3A%22Production%22%2C%22commitMessage%22%3A%22Remove%20webapp-logs2%20from%20repo%20and%20ignore%20it%22%7D" >
  <step title="OneDeploy" date="2025-12-19T11:27:49.046" >
    <step title="Starting PushDeployAsync" date="2025-12-19T11:27:49.062" /><!-- duration: 0ms -->
    <step title="Updating shutdown sentinel last write time" date="2025-12-19T11:27:49.093" SemaphoreCount="7" /><!-- duration: 16ms -->
    <step title="LockFile &apos;C:\home\site\locks\deployments.lock&apos; acquired" date="2025-12-19T11:27:49.124" /><!-- duration: 0ms -->
    <step title="Saving request content to C:\local\Temp\zipdeploy\ukvf5gkf.zip" date="2025-12-19T11:27:49.124" >
      <step title="Total 13,845,166 bytes written to C:\local\Temp\zipdeploy\ukvf5gkf.zip" date="2025-12-19T11:27:51.796" /><!-- duration: 0ms -->
    </step><!-- duration: 2672ms -->
    <step title="LockFile &apos;C:\home\site\locks\deployments.lock&apos; released" date="2025-12-19T11:27:51.812" /><!-- duration: 0ms -->
    <step title="Deleting shutdown sentinel file" date="2025-12-19T11:27:51.812" SemaphoreCount="8" /><!-- duration: 0ms -->
    <step title="Starting FetchDeploy" date="2025-12-19T11:27:51.827" /><!-- duration: 0ms -->
    <step title="Start deployment in the background" date="2025-12-19T11:27:51.827" /><!-- duration: 78ms -->
  </step><!-- duration: 2875ms -->
  <step title="Outgoing response" date="2025-12-19T11:27:51.921" type="response" statusCode="202" statusText="Accepted" Server="Microsoft-IIS/10.0" x-ms-request-id="00f98b02-165d-4308-8f62-f9bf1ea21ebe" Retry-After="30" Cache-Control="private" X-AspNet-Version="4.0.30319" Location="https://smartstudy-api-athtbtapcvdjesbe.scm.centralindia-01.azurewebsites.net/api/deployments/latest?deployer=OneDeploy&amp;time=2025-12-19_11-27-51Z" /><!-- duration: 0ms -->
</step><!-- duration: 3360ms -->
