<step title="Incoming Request" date="2025-12-19T14:17:42.257" instance="a6e48b" url="/api/publish?type=zip" method="POST" type="request" pid="18684,2,46" Cache-Control="no-cache" Content-Length="12506854" Content-Type="application/octet-stream" Accept="*/*" Accept-Encoding="gzip, deflate" Authorization="Bea..." Host="smartstudy-api-athtbtapcvdjesbe.scm.centralindia-01.azurewebsites.net" User-Agent="AZURECLI/2.80.0 (MSI)" x-ms-client-request-id="769f90ae-dce5-11f0-9de2-7404f1536f46" X-ARR-LOG-ID="769f90ae-dce5-11f0-9de2-7404f1536f46" CLIENT-IP="38.254.185.239:58726" X-SITE-DEPLOYMENT-ID="smartstudy-api" WAS-DEFAULT-HOSTNAME="smartstudy-api-athtbtapcvdjesbe.scm.centralindia-01.azurewebsites.net" X-Forwarded-Proto="https" X-AppService-Proto="https" X-Forwarded-TlsVersion="1.3" X-WAWS-Unencoded-URL="/api/publish?type=zip" >
  <step title="Cleanup Xml Logs" date="2025-12-19T14:17:42.272" /><!-- duration: 0ms -->
  <step title="OneDeploy" date="2025-12-19T14:17:42.288" >
    <step title="Starting PushDeployAsync" date="2025-12-19T14:17:42.288" /><!-- duration: 0ms -->
    <step title="Updating shutdown sentinel last write time" date="2025-12-19T14:17:42.304" SemaphoreCount="7" /><!-- duration: 16ms -->
    <step title="LockFile &apos;C:\home\site\locks\deployments.lock&apos; acquired" date="2025-12-19T14:17:42.319" /><!-- duration: 16ms -->
    <step title="Saving request content to C:\local\Temp\zipdeploy\4wmbrgrv.zip" date="2025-12-19T14:17:42.335" >
      <step title="Total 12,506,854 bytes written to C:\local\Temp\zipdeploy\4wmbrgrv.zip" date="2025-12-19T14:17:42.819" /><!-- duration: 16ms -->
    </step><!-- duration: 516ms -->
    <step title="LockFile &apos;C:\home\site\locks\deployments.lock&apos; released" date="2025-12-19T14:17:42.850" /><!-- duration: 16ms -->
    <step title="Deleting shutdown sentinel file" date="2025-12-19T14:17:42.866" SemaphoreCount="8" /><!-- duration: 0ms -->
    <step title="Starting FetchDeploy" date="2025-12-19T14:17:42.866" /><!-- duration: 16ms -->
    <step title="Attempting to fetch target branch HEAD" date="2025-12-19T14:17:42.882" /><!-- duration: 0ms -->
    <step title="Updating shutdown sentinel last write time" date="2025-12-19T14:17:42.897" SemaphoreCount="7" /><!-- duration: 0ms -->
    <step title="LockFile &apos;C:\home\site\locks\deployments.lock&apos; acquired" date="2025-12-19T14:17:42.897" /><!-- duration: 16ms -->
    <step title="Performing fetch based deployment" date="2025-12-19T14:17:42.913" >
      <step title="Creating temporary deployment" date="2025-12-19T14:17:42.913" /><!-- duration: 31ms -->
      <step title="Fetching changes." date="2025-12-19T14:17:42.975" /><!-- duration: 16ms -->
      <step title="Starting LocalZipHandler" date="2025-12-19T14:17:42.991" /><!-- duration: 0ms -->
      <step title="Starting LocalZipFetch" date="2025-12-19T14:17:43.007" /><!-- duration: 0ms -->
      <step title="Cleaning up temp folders from previous zip deployments and extracting pushed zip file C:\local\Temp\zipdeploy\4wmbrgrv.zip (11.93 MB) to C:\local\Temp\zipdeploy\extracted" date="2025-12-19T14:17:43.007" /><!-- duration: 16ms -->
      <step title="Cleaning up temp folders from previous zip deployments and extracting pushed zip file C:\local\Temp\zipdeploy\4wmbrgrv.zip (11.93 MB) to C:\local\Temp\zipdeploy\extracted" date="2025-12-19T14:17:43.022" >
        <step title="Renaming extractTargetDirectory(C:\local\Temp\zipdeploy\extracted) to tempDirectory(C:\local\Temp\zipdeploy\gyro0iix.5tl)" date="2025-12-19T14:17:43.022" /><!-- duration: 16ms -->
        <step title="Extracting 107 entries to C:\local\Temp\zipdeploy\extracted directory" date="2025-12-19T14:17:43.038" >
          <step title="Extracting to C:\local\Temp\zipdeploy\extracted\runtimes\unix\lib\net6.0\Microsoft.Data.SqlClient.dll ..." date="2025-12-19T14:17:43.038" /><!-- duration: 31ms -->
          <step title="Extracting to C:\local\Temp\zipdeploy\extracted\runtimes\unix\lib\net6.0\System.Drawing.Common.dll ..." date="2025-12-19T14:17:43.069" /><!-- duration: 16ms -->
          <step title="Extracting to C:\local\Temp\zipdeploy\extracted\runtimes\win\lib\net6.0\Microsoft.Data.SqlClient.dll ..." date="2025-12-19T14:17:43.085" /><!-- duration: 31ms -->
          <step title="Extracting to C:\local\Temp\zipdeploy\extracted\runtimes\win\lib\net6.0\Microsoft.Win32.SystemEvents.dll ..." date="2025-12-19T14:17:43.116" /><!-- duration: 0ms -->
          <step title="Extracting to C:\local\Temp\zipdeploy\extracted\runtimes\win\lib\net6.0\System.Drawing.Common.dll ..." date="2025-12-19T14:17:43.132" /><!-- duration: 0ms -->
          <step title="Omitting extracting file traces ..." date="2025-12-19T14:17:43.147" /><!-- duration: 0ms -->
        </step><!-- duration: 500ms -->
      </step><!-- duration: 516ms -->
      <step title="None repository commit" date="2025-12-19T14:17:43.554" >
        <step title="Commit id: 1850e0b729734f25b21db54a6f176817" date="2025-12-19T14:17:43.554" Message="OneDeploy" AuthorName="N/A" AuthorEmail="N/A" /><!-- duration: 0ms -->
      </step><!-- duration: 0ms -->
      <step title="Before sending BuildRequestReceived status to /api/updatedeploystatus" date="2025-12-19T14:17:43.569" /><!-- duration: 0ms -->
      <step title="DeploymentManager.Deploy(id:1850e0b729734f25b21db54a6f176817)" date="2025-12-19T14:17:43.569" >
        <step title="Collecting changeset information" date="2025-12-19T14:17:43.585" /><!-- duration: 31ms -->
        <step title="Updating submodules" date="2025-12-19T14:17:43.616" >
          <step title="Updating submodules." date="2025-12-19T14:17:43.663" /><!-- duration: 0ms -->
        </step><!-- duration: 63ms -->
        <step title="Preparing deployment for commit id &apos;1850e0b729&apos;." date="2025-12-19T14:17:43.710" /><!-- duration: 0ms -->
        <step title="Determining deployment builder" date="2025-12-19T14:17:43.757" >
          <step title="Builder is OneDeployBuilder" date="2025-12-19T14:17:43.757" /><!-- duration: 16ms -->
        </step><!-- duration: 16ms -->
        <step title="Copying SSH keys" date="2025-12-19T14:17:43.788" /><!-- duration: 16ms -->
        <step title="Building" date="2025-12-19T14:17:43.804" >
          <step title="Running build. Project type: OneDeploy" date="2025-12-19T14:17:43.835" /><!-- duration: 16ms -->
          <step title="Copying the manifest" date="2025-12-19T14:17:43.897" /><!-- duration: 0ms -->
          <step title="Clean deploying to C:\home\site\wwwroot" date="2025-12-19T14:17:43.960" /><!-- duration: 0ms -->
          <step title="Generating deployment script." date="2025-12-19T14:17:44.007" /><!-- duration: 16ms -->
          <step title="Generating deployment script" date="2025-12-19T14:17:44.022" >
            <step title="Using cached version of the deployment script for command: -y --no-dot-deployment -r &quot;C:\local\Temp\zipdeploy\extracted&quot; -o &quot;C:\home\site\deployments\tools&quot; --basic --sitePath &quot;C:\local\Temp\zipdeploy\extracted&quot;" date="2025-12-19T14:17:44.038" /><!-- duration: 16ms -->
            <step title="Using cached version of deployment script (command: &apos;azure -y --no-dot-deployment -r &quot;C:\local\Temp\zipdeploy\extracted&quot; -o &quot;C:\home\site\deployments\tools&quot; --basic --sitePath &quot;C:\local\Temp\zipdeploy\extracted&quot;&apos;)." date="2025-12-19T14:17:44.069" /><!-- duration: 0ms -->
          </step><!-- duration: 78ms -->
          <step title="Running deployment command..." date="2025-12-19T14:17:44.132" /><!-- duration: 0ms -->
          <step title="Command: &quot;C:\home\site\deployments\tools\deploy.cmd&quot;" date="2025-12-19T14:17:44.147" /><!-- duration: 0ms -->
          <step title="Executing external process" date="2025-12-19T14:17:44.163" type="process" path="starter.cmd" arguments="&quot;C:\home\site\deployments\tools\deploy.cmd&quot;" >
            <step title="Handling Basic Web Site deployment." date="2025-12-19T14:17:44.288" /><!-- duration: 0ms -->
            <step title="Creating app_offline.htm" date="2025-12-19T14:17:46.866" /><!-- duration: 0ms -->
            <step title="KuduSync.NET from: &apos;C:\local\Temp\zipdeploy\extracted&apos; to: &apos;C:\home\site\wwwroot&apos;" date="2025-12-19T14:17:46.885" /><!-- duration: 0ms -->
            <step title="Deleting file: &apos;logs\app-20251219.log&apos;" date="2025-12-19T14:17:46.897" /><!-- duration: 16ms -->
            <step title="Deleting file: &apos;logs\stdout_20251219140443_16764.log&apos;" date="2025-12-19T14:17:46.913" /><!-- duration: 16ms -->
            <step title="Deleting directory: &apos;logs&apos;" date="2025-12-19T14:17:46.944" /><!-- duration: 0ms -->
            <step title="Copying file: &apos;SchoolAiChatbotBackend.dll&apos;" date="2025-12-19T14:17:46.960" /><!-- duration: 0ms -->
            <step title="Copying file: &apos;SchoolAiChatbotBackend.exe&apos;" date="2025-12-19T14:17:46.976" /><!-- duration: 0ms -->
            <step title="Copying file: &apos;SchoolAiChatbotBackend.pdb&apos;" date="2025-12-19T14:17:46.991" /><!-- duration: 0ms -->
            <step title="Deleting app_offline.htm" date="2025-12-19T14:17:47.007" /><!-- duration: 0ms -->
            <step title="Finished successfully." date="2025-12-19T14:17:47.022" /><!-- duration: 0ms -->
          </step><!-- duration: 2859ms -->
          <step title="Build completed succesfully." date="2025-12-19T14:17:47.069" /><!-- duration: 0ms -->
          <step title="Running post deployment command(s)..." date="2025-12-19T14:17:47.101" /><!-- duration: 16ms -->
          <step title="Requesting site restart" date="2025-12-19T14:17:47.147" /><!-- duration: 16ms -->
          <step title="Requesting site restart" date="2025-12-19T14:17:47.163" /><!-- duration: 0ms -->
          <step title="Requesting site restart. Attempt #1" date="2025-12-19T14:17:47.210" /><!-- duration: 0ms -->
          <step title="Requesting site restart. Attempt #1" date="2025-12-19T14:17:47.210" /><!-- duration: 16ms -->
          <step title="Successfully requested a restart. Attempt #1" date="2025-12-19T14:17:47.319" /><!-- duration: 0ms -->
          <step title="Successfully requested a restart. Attempt #1" date="2025-12-19T14:17:47.335" /><!-- duration: 0ms -->
          <step title="Deployment successful. DEPLOYMENTINFO: deploymentPath = OneDeploy, deployer = OneDeploy, os = windows, sku = Free, siteName = smartstudy-api, siteHostName = smartstudy-api-athtbtapcvdjesbe.centralindia-01.azurewebsites.net, deploymentStatus = Success" date="2025-12-19T14:17:47.366" /><!-- duration: 16ms -->
          <step title="Purge deployment items" date="2025-12-19T14:17:47.460" >
            <step title="Remove 4dd56004e, Success, received at 12/19/2025 12:15:54 PM" date="2025-12-19T14:17:47.522" /><!-- duration: 0ms -->
          </step><!-- duration: 78ms -->
        </step><!-- duration: 3750ms -->
      </step><!-- duration: 3984ms -->
      <step title="Cleaning up temp files" date="2025-12-19T14:17:47.554" /><!-- duration: 31ms -->
      <step title="Skip function trigger and logicapp sync because function is not enabled." date="2025-12-19T14:17:47.601" /><!-- duration: 0ms -->
    </step><!-- duration: 4735ms -->
    <step title="LockFile &apos;C:\home\site\locks\deployments.lock&apos; released" date="2025-12-19T14:17:47.647" /><!-- duration: 0ms -->
    <step title="Deleting shutdown sentinel file" date="2025-12-19T14:17:47.663" SemaphoreCount="8" /><!-- duration: 0ms -->
  </step><!-- duration: 5375ms -->
  <step title="Outgoing response" date="2025-12-19T14:17:47.663" type="response" statusCode="200" statusText="OK" Server="Microsoft-IIS/10.0" x-ms-request-id="769f90ae-dce5-11f0-9de2-7404f1536f46" Cache-Control="private" X-AspNet-Version="4.0.30319" /><!-- duration: 16ms -->
</step><!-- duration: 5422ms -->
