<step title="Incoming Request" date="2025-12-18T16:44:35.922" instance="a6e48b" url="/api/zipdeploy?isAsync=true" method="POST" type="request" pid="17084,2,8" Cache-Control="no-cache" Content-Length="12489668" Content-Type="application/octet-stream" Accept="*/*" Accept-Encoding="gzip, deflate" Authorization="Bea..." Host="smartstudy-api-athtbtapcvdjesbe.scm.centralindia-01.azurewebsites.net" User-Agent="AZURECLI/2.80.0 (MSI)" x-ms-client-request-id="cff27bb3-dc30-11f0-a882-7404f1536f46" X-ARR-LOG-ID="cff27bb3-dc30-11f0-a882-7404f1536f46" CLIENT-IP="38.254.185.106:58644" X-SITE-DEPLOYMENT-ID="smartstudy-api" WAS-DEFAULT-HOSTNAME="smartstudy-api-athtbtapcvdjesbe.scm.centralindia-01.azurewebsites.net" X-Forwarded-Proto="https" X-AppService-Proto="https" X-Forwarded-TlsVersion="1.3" X-WAWS-Unencoded-URL="/api/zipdeploy?isAsync=true" >
  <step title="ZipPushDeploy" date="2025-12-18T16:44:36.141" >
    <step title="ZipDeploy. Extract zip. " date="2025-12-18T16:44:36.157" /><!-- duration: 16ms -->
    <step title="Starting PushDeployAsync" date="2025-12-18T16:44:36.172" /><!-- duration: 0ms -->
    <step title="Updating shutdown sentinel last write time" date="2025-12-18T16:44:36.188" SemaphoreCount="7" /><!-- duration: 0ms -->
    <step title="LockFile &apos;C:\home\site\locks\deployments.lock&apos; acquired" date="2025-12-18T16:44:36.204" /><!-- duration: 0ms -->
    <step title="Saving request content to C:\local\Temp\zipdeploy\21bzpvb4.zip" date="2025-12-18T16:44:36.219" >
      <step title="Total 12,489,668 bytes written to C:\local\Temp\zipdeploy\21bzpvb4.zip" date="2025-12-18T16:44:36.844" /><!-- duration: 16ms -->
    </step><!-- duration: 641ms -->
    <step title="LockFile &apos;C:\home\site\locks\deployments.lock&apos; released" date="2025-12-18T16:44:36.876" /><!-- duration: 0ms -->
    <step title="Deleting shutdown sentinel file" date="2025-12-18T16:44:36.876" SemaphoreCount="8" /><!-- duration: 16ms -->
    <step title="Starting FetchDeploy" date="2025-12-18T16:44:36.891" /><!-- duration: 0ms -->
    <step title="Start deployment in the background" date="2025-12-18T16:44:36.891" /><!-- duration: 63ms -->
  </step><!-- duration: 813ms -->
  <step title="Outgoing response" date="2025-12-18T16:44:36.969" type="response" statusCode="202" statusText="Accepted" Server="Microsoft-IIS/10.0" x-ms-request-id="cff27bb3-dc30-11f0-a882-7404f1536f46" Retry-After="30" Cache-Control="private" X-AspNet-Version="4.0.30319" Location="https://smartstudy-api-athtbtapcvdjesbe.scm.centralindia-01.azurewebsites.net/api/deployments/latest?deployer=ZipDeploy&amp;time=2025-12-18_16-44-36Z" /><!-- duration: 0ms -->
</step><!-- duration: 1047ms -->
