<step title="Incoming Request" date="2025-12-19T12:20:11.734" instance="a6e48b" url="/api/publish?type=zip" method="POST" type="request" pid="20980,2,81" Cache-Control="no-cache" Content-Length="12503172" Content-Type="application/octet-stream" Accept="*/*" Accept-Encoding="gzip, deflate" Authorization="Bea..." Host="smartstudy-api-athtbtapcvdjesbe.scm.centralindia-01.azurewebsites.net" User-Agent="AZURECLI/2.80.0 (MSI)" x-ms-client-request-id="0954fc3d-dcd5-11f0-9a0d-7404f1536f46" X-ARR-LOG-ID="0954fc3d-dcd5-11f0-9a0d-7404f1536f46" CLIENT-IP="38.254.185.239:57911" X-SITE-DEPLOYMENT-ID="smartstudy-api" WAS-DEFAULT-HOSTNAME="smartstudy-api-athtbtapcvdjesbe.scm.centralindia-01.azurewebsites.net" X-Forwarded-Proto="https" X-AppService-Proto="https" X-Forwarded-TlsVersion="1.3" X-WAWS-Unencoded-URL="/api/publish?type=zip" >
  <step title="Cleanup Xml Logs" date="2025-12-19T12:20:11.734" /><!-- duration: 16ms -->
  <step title="OneDeploy" date="2025-12-19T12:20:11.781" >
    <step title="Starting PushDeployAsync" date="2025-12-19T12:20:11.781" /><!-- duration: 16ms -->
    <step title="Updating shutdown sentinel last write time" date="2025-12-19T12:20:11.796" SemaphoreCount="7" /><!-- duration: 0ms -->
    <step title="LockFile &apos;C:\home\site\locks\deployments.lock&apos; acquired" date="2025-12-19T12:20:11.812" /><!-- duration: 0ms -->
    <step title="Saving request content to C:\local\Temp\zipdeploy\uunrsvxz.zip" date="2025-12-19T12:20:11.828" >
      <step title="Total 12,503,172 bytes written to C:\local\Temp\zipdeploy\uunrsvxz.zip" date="2025-12-19T12:20:12.328" /><!-- duration: 16ms -->
    </step><!-- duration: 516ms -->
    <step title="LockFile &apos;C:\home\site\locks\deployments.lock&apos; released" date="2025-12-19T12:20:12.343" /><!-- duration: 0ms -->
    <step title="Deleting shutdown sentinel file" date="2025-12-19T12:20:12.359" SemaphoreCount="8" /><!-- duration: 0ms -->
    <step title="Starting FetchDeploy" date="2025-12-19T12:20:12.359" /><!-- duration: 16ms -->
    <step title="Attempting to fetch target branch HEAD" date="2025-12-19T12:20:12.375" /><!-- duration: 0ms -->
    <step title="Updating shutdown sentinel last write time" date="2025-12-19T12:20:12.390" SemaphoreCount="7" /><!-- duration: 0ms -->
    <step title="LockFile &apos;C:\home\site\locks\deployments.lock&apos; acquired" date="2025-12-19T12:20:12.390" /><!-- duration: 16ms -->
    <step title="Performing fetch based deployment" date="2025-12-19T12:20:12.406" >
      <step title="Creating temporary deployment" date="2025-12-19T12:20:12.406" /><!-- duration: 16ms -->
      <step title="Fetching changes." date="2025-12-19T12:20:12.453" /><!-- duration: 16ms -->
      <step title="Starting LocalZipHandler" date="2025-12-19T12:20:12.468" /><!-- duration: 0ms -->
      <step title="Starting LocalZipFetch" date="2025-12-19T12:20:12.484" /><!-- duration: 0ms -->
      <step title="Cleaning up temp folders from previous zip deployments and extracting pushed zip file C:\local\Temp\zipdeploy\uunrsvxz.zip (11.92 MB) to C:\local\Temp\zipdeploy\extracted" date="2025-12-19T12:20:12.500" /><!-- duration: 31ms -->
      <step title="Cleaning up temp folders from previous zip deployments and extracting pushed zip file C:\local\Temp\zipdeploy\uunrsvxz.zip (11.92 MB) to C:\local\Temp\zipdeploy\extracted" date="2025-12-19T12:20:12.531" >
        <step title="Renaming extractTargetDirectory(C:\local\Temp\zipdeploy\extracted) to tempDirectory(C:\local\Temp\zipdeploy\uymu4c04.iur)" date="2025-12-19T12:20:12.546" /><!-- duration: 0ms -->
        <step title="Extracting 107 entries to C:\local\Temp\zipdeploy\extracted directory" date="2025-12-19T12:20:12.546" >
          <step title="Extracting to C:\local\Temp\zipdeploy\extracted\runtimes\unix\lib\net6.0\Microsoft.Data.SqlClient.dll ..." date="2025-12-19T12:20:12.546" /><!-- duration: 31ms -->
          <step title="Extracting to C:\local\Temp\zipdeploy\extracted\runtimes\unix\lib\net6.0\System.Drawing.Common.dll ..." date="2025-12-19T12:20:12.578" /><!-- duration: 16ms -->
          <step title="Extracting to C:\local\Temp\zipdeploy\extracted\runtimes\win\lib\net6.0\Microsoft.Data.SqlClient.dll ..." date="2025-12-19T12:20:12.593" /><!-- duration: 16ms -->
          <step title="Extracting to C:\local\Temp\zipdeploy\extracted\runtimes\win\lib\net6.0\Microsoft.Win32.SystemEvents.dll ..." date="2025-12-19T12:20:12.609" /><!-- duration: 16ms -->
          <step title="Extracting to C:\local\Temp\zipdeploy\extracted\runtimes\win\lib\net6.0\System.Drawing.Common.dll ..." date="2025-12-19T12:20:12.625" /><!-- duration: 16ms -->
          <step title="Omitting extracting file traces ..." date="2025-12-19T12:20:12.640" /><!-- duration: 0ms -->
        </step><!-- duration: 484ms -->
      </step><!-- duration: 516ms -->
      <step title="None repository commit" date="2025-12-19T12:20:13.047" >
        <step title="Commit id: 994f2e607a944455ab27b89953235cf1" date="2025-12-19T12:20:13.047" Message="OneDeploy" AuthorName="N/A" AuthorEmail="N/A" /><!-- duration: 0ms -->
      </step><!-- duration: 16ms -->
      <step title="Before sending BuildRequestReceived status to /api/updatedeploystatus" date="2025-12-19T12:20:13.062" /><!-- duration: 0ms -->
      <step title="DeploymentManager.Deploy(id:994f2e607a944455ab27b89953235cf1)" date="2025-12-19T12:20:13.078" >
        <step title="Collecting changeset information" date="2025-12-19T12:20:13.078" /><!-- duration: 31ms -->
        <step title="Updating submodules" date="2025-12-19T12:20:13.125" >
          <step title="Updating submodules." date="2025-12-19T12:20:13.156" /><!-- duration: 0ms -->
        </step><!-- duration: 31ms -->
        <step title="Preparing deployment for commit id &apos;994f2e607a&apos;." date="2025-12-19T12:20:13.203" /><!-- duration: 16ms -->
        <step title="Determining deployment builder" date="2025-12-19T12:20:13.250" >
          <step title="Builder is OneDeployBuilder" date="2025-12-19T12:20:13.250" /><!-- duration: 0ms -->
        </step><!-- duration: 16ms -->
        <step title="Copying SSH keys" date="2025-12-19T12:20:13.265" /><!-- duration: 16ms -->
        <step title="Building" date="2025-12-19T12:20:13.281" >
          <step title="Running build. Project type: OneDeploy" date="2025-12-19T12:20:13.312" /><!-- duration: 0ms -->
          <step title="Copying the manifest" date="2025-12-19T12:20:13.359" /><!-- duration: 0ms -->
          <step title="Clean deploying to C:\home\site\wwwroot" date="2025-12-19T12:20:13.406" /><!-- duration: 16ms -->
          <step title="Generating deployment script." date="2025-12-19T12:20:13.453" /><!-- duration: 0ms -->
          <step title="Generating deployment script" date="2025-12-19T12:20:13.468" >
            <step title="Using cached version of the deployment script for command: -y --no-dot-deployment -r &quot;C:\local\Temp\zipdeploy\extracted&quot; -o &quot;C:\home\site\deployments\tools&quot; --basic --sitePath &quot;C:\local\Temp\zipdeploy\extracted&quot;" date="2025-12-19T12:20:13.468" /><!-- duration: 16ms -->
            <step title="Using cached version of deployment script (command: &apos;azure -y --no-dot-deployment -r &quot;C:\local\Temp\zipdeploy\extracted&quot; -o &quot;C:\home\site\deployments\tools&quot; --basic --sitePath &quot;C:\local\Temp\zipdeploy\extracted&quot;&apos;)." date="2025-12-19T12:20:13.500" /><!-- duration: 0ms -->
          </step><!-- duration: 47ms -->
          <step title="Running deployment command..." date="2025-12-19T12:20:13.562" /><!-- duration: 0ms -->
          <step title="Command: &quot;C:\home\site\deployments\tools\deploy.cmd&quot;" date="2025-12-19T12:20:13.578" /><!-- duration: 0ms -->
          <step title="Executing external process" date="2025-12-19T12:20:13.578" type="process" path="starter.cmd" arguments="&quot;C:\home\site\deployments\tools\deploy.cmd&quot;" >
            <step title="Handling Basic Web Site deployment." date="2025-12-19T12:20:13.703" /><!-- duration: 16ms -->
            <step title="Creating app_offline.htm" date="2025-12-19T12:20:16.562" /><!-- duration: 16ms -->
            <step title="KuduSync.NET from: &apos;C:\local\Temp\zipdeploy\extracted&apos; to: &apos;C:\home\site\wwwroot&apos;" date="2025-12-19T12:20:16.578" /><!-- duration: 16ms -->
            <step title="Deleting file: &apos;logs\app-20251219.log&apos;" date="2025-12-19T12:20:16.594" /><!-- duration: 16ms -->
            <step title="Deleting file: &apos;logs\stdout_20251219121558_8848.log&apos;" date="2025-12-19T12:20:16.625" /><!-- duration: 0ms -->
            <step title="Deleting file: &apos;logs\stdout_20251219121624_20972.log&apos;" date="2025-12-19T12:20:16.641" /><!-- duration: 0ms -->
            <step title="Deleting directory: &apos;logs&apos;" date="2025-12-19T12:20:16.656" /><!-- duration: 0ms -->
            <step title="Copying file: &apos;SchoolAiChatbotBackend.dll&apos;" date="2025-12-19T12:20:16.672" /><!-- duration: 0ms -->
            <step title="Copying file: &apos;SchoolAiChatbotBackend.exe&apos;" date="2025-12-19T12:20:16.687" /><!-- duration: 0ms -->
            <step title="Copying file: &apos;SchoolAiChatbotBackend.pdb&apos;" date="2025-12-19T12:20:16.703" /><!-- duration: 0ms -->
            <step title="Deleting app_offline.htm" date="2025-12-19T12:20:16.703" /><!-- duration: 16ms -->
            <step title="Finished successfully." date="2025-12-19T12:20:16.734" /><!-- duration: 0ms -->
          </step><!-- duration: 3172ms -->
          <step title="Build completed succesfully." date="2025-12-19T12:20:16.781" /><!-- duration: 0ms -->
          <step title="Running post deployment command(s)..." date="2025-12-19T12:20:16.891" /><!-- duration: 0ms -->
          <step title="Requesting site restart" date="2025-12-19T12:20:16.922" /><!-- duration: 16ms -->
          <step title="Requesting site restart" date="2025-12-19T12:20:16.937" /><!-- duration: 0ms -->
          <step title="Requesting site restart. Attempt #1" date="2025-12-19T12:20:16.984" /><!-- duration: 0ms -->
          <step title="Requesting site restart. Attempt #1" date="2025-12-19T12:20:17.000" /><!-- duration: 0ms -->
          <step title="Successfully requested a restart. Attempt #1" date="2025-12-19T12:20:17.125" /><!-- duration: 0ms -->
          <step title="Successfully requested a restart. Attempt #1" date="2025-12-19T12:20:17.141" /><!-- duration: 0ms -->
          <step title="Deployment successful. DEPLOYMENTINFO: deploymentPath = OneDeploy, deployer = OneDeploy, os = windows, sku = Free, siteName = smartstudy-api, siteHostName = smartstudy-api-athtbtapcvdjesbe.centralindia-01.azurewebsites.net, deploymentStatus = Success" date="2025-12-19T12:20:17.187" /><!-- duration: 0ms -->
          <step title="Purge deployment items" date="2025-12-19T12:20:17.266" >
            <step title="Remove 3374ddd84, Success, received at 12/18/2025 5:44:48 PM" date="2025-12-19T12:20:17.328" /><!-- duration: 0ms -->
          </step><!-- duration: 63ms -->
        </step><!-- duration: 4078ms -->
      </step><!-- duration: 4282ms -->
      <step title="Cleaning up temp files" date="2025-12-19T12:20:17.359" /><!-- duration: 0ms -->
      <step title="Skip function trigger and logicapp sync because function is not enabled." date="2025-12-19T12:20:17.375" /><!-- duration: 0ms -->
    </step><!-- duration: 5016ms -->
    <step title="LockFile &apos;C:\home\site\locks\deployments.lock&apos; released" date="2025-12-19T12:20:17.422" /><!-- duration: 0ms -->
    <step title="Deleting shutdown sentinel file" date="2025-12-19T12:20:17.438" SemaphoreCount="8" /><!-- duration: 0ms -->
  </step><!-- duration: 5672ms -->
  <step title="Outgoing response" date="2025-12-19T12:20:17.453" type="response" statusCode="200" statusText="OK" Server="Microsoft-IIS/10.0" x-ms-request-id="0954fc3d-dcd5-11f0-9a0d-7404f1536f46" Cache-Control="private" X-AspNet-Version="4.0.30319" /><!-- duration: 0ms -->
</step><!-- duration: 5735ms -->
