<step title="BackgroundTrace" date="2025-12-18T13:30:39.343" instance="a6e48b" url="/api/publish" method="POST" >
  <step title="Updating shutdown sentinel last write time" date="2025-12-18T13:30:39.359" SemaphoreCount="7" /><!-- duration: 0ms -->
  <step title="LockFile &apos;C:\home\site\locks\deployments.lock&apos; acquired" date="2025-12-18T13:30:39.374" /><!-- duration: 0ms -->
  <step title="Creating temporary deployment" date="2025-12-18T13:30:39.374" /><!-- duration: 31ms -->
  <step title="Performing fetch based deployment" date="2025-12-18T13:30:39.406" >
    <step title="Fetching changes." date="2025-12-18T13:30:39.499" /><!-- duration: 16ms -->
    <step title="Starting LocalZipHandler" date="2025-12-18T13:30:39.515" /><!-- duration: 0ms -->
    <step title="Cleaning up temp folders from previous zip deployments and extracting pushed zip file C:\local\Temp\zipdeploy\dusiuqw1.zip (11.91 MB) to C:\local\Temp\zipdeploy\extracted" date="2025-12-18T13:30:39.562" /><!-- duration: 0ms -->
    <step title="Cleaning up temp folders from previous zip deployments and extracting pushed zip file C:\local\Temp\zipdeploy\dusiuqw1.zip (11.91 MB) to C:\local\Temp\zipdeploy\extracted" date="2025-12-18T13:30:39.562" >
      <step title="Renaming extractTargetDirectory(C:\local\Temp\zipdeploy\extracted) to tempDirectory(C:\local\Temp\zipdeploy\tnetbpt0.v1z)" date="2025-12-18T13:30:39.577" /><!-- duration: 0ms -->
      <step title="Extracting 107 entries to C:\local\Temp\zipdeploy\extracted directory" date="2025-12-18T13:30:39.577" >
        <step title="Extracting to C:\local\Temp\zipdeploy\extracted\runtimes\unix\lib\net6.0\Microsoft.Data.SqlClient.dll ..." date="2025-12-18T13:30:39.593" /><!-- duration: 16ms -->
        <step title="Extracting to C:\local\Temp\zipdeploy\extracted\runtimes\unix\lib\net6.0\System.Drawing.Common.dll ..." date="2025-12-18T13:30:39.609" /><!-- duration: 16ms -->
        <step title="Extracting to C:\local\Temp\zipdeploy\extracted\runtimes\win\lib\net6.0\Microsoft.Data.SqlClient.dll ..." date="2025-12-18T13:30:39.624" /><!-- duration: 31ms -->
        <step title="Extracting to C:\local\Temp\zipdeploy\extracted\runtimes\win\lib\net6.0\Microsoft.Win32.SystemEvents.dll ..." date="2025-12-18T13:30:39.656" /><!-- duration: 0ms -->
        <step title="Extracting to C:\local\Temp\zipdeploy\extracted\runtimes\win\lib\net6.0\System.Drawing.Common.dll ..." date="2025-12-18T13:30:39.656" /><!-- duration: 16ms -->
        <step title="Omitting extracting file traces ..." date="2025-12-18T13:30:39.671" /><!-- duration: 16ms -->
      </step><!-- duration: 500ms -->
    </step><!-- duration: 516ms -->
    <step title="Before sending BuildRequestReceived status to /api/updatedeploystatus" date="2025-12-18T13:30:40.077" /><!-- duration: 0ms -->
    <step title="DeploymentManager.Deploy(id:79c486f26ff94f79b59db9a9a2c01a9f)" date="2025-12-18T13:30:40.093" >
      <step title="Collecting changeset information" date="2025-12-18T13:30:40.093" /><!-- duration: 47ms -->
      <step title="Updating submodules" date="2025-12-18T13:30:40.140" >
        <step title="Updating submodules." date="2025-12-18T13:30:40.187" /><!-- duration: 0ms -->
      </step><!-- duration: 47ms -->
      <step title="Preparing deployment for commit id &apos;79c486f26f&apos;." date="2025-12-18T13:30:40.218" /><!-- duration: 0ms -->
      <step title="Determining deployment builder" date="2025-12-18T13:30:40.265" >
        <step title="Builder is OneDeployBuilder" date="2025-12-18T13:30:40.265" /><!-- duration: 0ms -->
      </step><!-- duration: 0ms -->
      <step title="Copying SSH keys" date="2025-12-18T13:30:40.296" /><!-- duration: 0ms -->
      <step title="Building" date="2025-12-18T13:30:40.296" >
        <step title="Running build. Project type: OneDeploy" date="2025-12-18T13:30:40.343" /><!-- duration: 0ms -->
        <step title="Copying the manifest" date="2025-12-18T13:30:40.390" /><!-- duration: 16ms -->
        <step title="Clean deploying to C:\home\site\wwwroot" date="2025-12-18T13:30:40.437" /><!-- duration: 16ms -->
        <step title="Generating deployment script." date="2025-12-18T13:30:40.484" /><!-- duration: 0ms -->
        <step title="Generating deployment script" date="2025-12-18T13:30:40.484" >
          <step title="Using cached version of the deployment script for command: -y --no-dot-deployment -r &quot;C:\local\Temp\zipdeploy\extracted&quot; -o &quot;C:\home\site\deployments\tools&quot; --basic --sitePath &quot;C:\local\Temp\zipdeploy\extracted&quot;" date="2025-12-18T13:30:40.499" /><!-- duration: 16ms -->
          <step title="Using cached version of deployment script (command: &apos;azure -y --no-dot-deployment -r &quot;C:\local\Temp\zipdeploy\extracted&quot; -o &quot;C:\home\site\deployments\tools&quot; --basic --sitePath &quot;C:\local\Temp\zipdeploy\extracted&quot;&apos;)." date="2025-12-18T13:30:40.531" /><!-- duration: 0ms -->
        </step><!-- duration: 47ms -->
        <step title="Running deployment command..." date="2025-12-18T13:30:40.577" /><!-- duration: 0ms -->
        <step title="Command: &quot;C:\home\site\deployments\tools\deploy.cmd&quot;" date="2025-12-18T13:30:40.577" /><!-- duration: 0ms -->
        <step title="Executing external process" date="2025-12-18T13:30:40.593" type="process" path="starter.cmd" arguments="&quot;C:\home\site\deployments\tools\deploy.cmd&quot;" >
          <step title="Handling Basic Web Site deployment." date="2025-12-18T13:30:40.734" /><!-- duration: 0ms -->
          <step title="Creating app_offline.htm" date="2025-12-18T13:30:43.297" /><!-- duration: 0ms -->
          <step title="KuduSync.NET from: &apos;C:\local\Temp\zipdeploy\extracted&apos; to: &apos;C:\home\site\wwwroot&apos;" date="2025-12-18T13:30:43.313" /><!-- duration: 0ms -->
          <step title="Deleting file: &apos;logs\app-20251218.log&apos;" date="2025-12-18T13:30:43.313" /><!-- duration: 16ms -->
          <step title="Deleting file: &apos;logs\stdout_20251218131810_3508.log&apos;" date="2025-12-18T13:30:43.329" /><!-- duration: 0ms -->
          <step title="Deleting file: &apos;logs\stdout_20251218131827_1316.log&apos;" date="2025-12-18T13:30:43.344" /><!-- duration: 0ms -->
          <step title="Deleting directory: &apos;logs&apos;" date="2025-12-18T13:30:43.360" /><!-- duration: 0ms -->
          <step title="Copying file: &apos;SchoolAiChatbotBackend.dll&apos;" date="2025-12-18T13:30:43.376" /><!-- duration: 0ms -->
          <step title="Copying file: &apos;SchoolAiChatbotBackend.exe&apos;" date="2025-12-18T13:30:43.376" /><!-- duration: 16ms -->
          <step title="Copying file: &apos;SchoolAiChatbotBackend.pdb&apos;" date="2025-12-18T13:30:43.391" /><!-- duration: 0ms -->
          <step title="Deleting app_offline.htm" date="2025-12-18T13:30:43.407" /><!-- duration: 0ms -->
          <step title="Finished successfully." date="2025-12-18T13:30:43.422" /><!-- duration: 0ms -->
        </step><!-- duration: 2829ms -->
        <step title="Build completed succesfully." date="2025-12-18T13:30:43.454" /><!-- duration: 0ms -->
        <step title="Running post deployment command(s)..." date="2025-12-18T13:30:43.516" /><!-- duration: 0ms -->
        <step title="Requesting site restart" date="2025-12-18T13:30:43.547" /><!-- duration: 0ms -->
        <step title="Requesting site restart" date="2025-12-18T13:30:43.579" /><!-- duration: 16ms -->
        <step title="Requesting site restart. Attempt #1" date="2025-12-18T13:30:43.626" /><!-- duration: 16ms -->
        <step title="Requesting site restart. Attempt #1" date="2025-12-18T13:30:43.641" /><!-- duration: 0ms -->
        <step title="Successfully requested a restart. Attempt #1" date="2025-12-18T13:30:43.766" /><!-- duration: 16ms -->
        <step title="Successfully requested a restart. Attempt #1" date="2025-12-18T13:30:43.782" /><!-- duration: 0ms -->
        <step title="Deployment successful. DEPLOYMENTINFO: deploymentPath = OneDeploy, deployer = OneDeploy, os = windows, sku = Free, siteName = smartstudy-api, siteHostName = smartstudy-api-athtbtapcvdjesbe.centralindia-01.azurewebsites.net, deploymentStatus = Success" date="2025-12-18T13:30:43.813" /><!-- duration: 16ms -->
        <step title="Purge deployment items" date="2025-12-18T13:30:43.907" >
          <step title="Remove 1481c687c, Success, received at 12/18/2025 8:35:23 AM" date="2025-12-18T13:30:43.969" /><!-- duration: 0ms -->
        </step><!-- duration: 63ms -->
      </step><!-- duration: 3704ms -->
    </step><!-- duration: 3907ms -->
    <step title="Cleaning up temp files" date="2025-12-18T13:30:44.001" /><!-- duration: 0ms -->
    <step title="Skip function trigger and logicapp sync because function is not enabled." date="2025-12-18T13:30:44.016" /><!-- duration: 0ms -->
  </step><!-- duration: 4658ms -->
  <step title="LockFile &apos;C:\home\site\locks\deployments.lock&apos; released" date="2025-12-18T13:30:44.063" /><!-- duration: 0ms -->
  <step title="Deleting shutdown sentinel file" date="2025-12-18T13:30:44.079" SemaphoreCount="8" /><!-- duration: 0ms -->
</step><!-- duration: 4751ms -->
