<step title="BackgroundTrace" date="2025-12-19T09:43:48.712" instance="a6e48b" url="/api/publish" method="POST" >
  <step title="Updating shutdown sentinel last write time" date="2025-12-19T09:43:48.728" SemaphoreCount="7" /><!-- duration: 0ms -->
  <step title="LockFile &apos;C:\home\site\locks\deployments.lock&apos; acquired" date="2025-12-19T09:43:48.728" /><!-- duration: 0ms -->
  <step title="Creating temporary deployment" date="2025-12-19T09:43:48.744" /><!-- duration: 31ms -->
  <step title="Performing fetch based deployment" date="2025-12-19T09:43:48.791" >
    <step title="Fetching changes." date="2025-12-19T09:43:48.838" /><!-- duration: 47ms -->
    <step title="Starting LocalZipHandler" date="2025-12-19T09:43:48.884" /><!-- duration: 16ms -->
    <step title="Cleaning up temp folders from previous zip deployments and extracting pushed zip file C:\local\Temp\zipdeploy\udzt5tm3.zip (11.92 MB) to C:\local\Temp\zipdeploy\extracted" date="2025-12-19T09:43:48.916" /><!-- duration: 0ms -->
    <step title="Cleaning up temp folders from previous zip deployments and extracting pushed zip file C:\local\Temp\zipdeploy\udzt5tm3.zip (11.92 MB) to C:\local\Temp\zipdeploy\extracted" date="2025-12-19T09:43:48.931" >
      <step title="Renaming extractTargetDirectory(C:\local\Temp\zipdeploy\extracted) to tempDirectory(C:\local\Temp\zipdeploy\qa5pxtyn.tom)" date="2025-12-19T09:43:48.931" /><!-- duration: 0ms -->
      <step title="Extracting 107 entries to C:\local\Temp\zipdeploy\extracted directory" date="2025-12-19T09:43:48.947" >
        <step title="Extracting to C:\local\Temp\zipdeploy\extracted\runtimes\unix\lib\net6.0\Microsoft.Data.SqlClient.dll ..." date="2025-12-19T09:43:48.963" /><!-- duration: 31ms -->
        <step title="Extracting to C:\local\Temp\zipdeploy\extracted\runtimes\unix\lib\net6.0\System.Drawing.Common.dll ..." date="2025-12-19T09:43:48.994" /><!-- duration: 16ms -->
        <step title="Extracting to C:\local\Temp\zipdeploy\extracted\runtimes\win\lib\net6.0\Microsoft.Data.SqlClient.dll ..." date="2025-12-19T09:43:49.009" /><!-- duration: 16ms -->
        <step title="Extracting to C:\local\Temp\zipdeploy\extracted\runtimes\win\lib\net6.0\Microsoft.Win32.SystemEvents.dll ..." date="2025-12-19T09:43:49.025" /><!-- duration: 16ms -->
        <step title="Extracting to C:\local\Temp\zipdeploy\extracted\runtimes\win\lib\net6.0\System.Drawing.Common.dll ..." date="2025-12-19T09:43:49.041" /><!-- duration: 16ms -->
        <step title="Omitting extracting file traces ..." date="2025-12-19T09:43:49.056" /><!-- duration: 16ms -->
      </step><!-- duration: 516ms -->
    </step><!-- duration: 531ms -->
    <step title="Before sending BuildRequestReceived status to /api/updatedeploystatus" date="2025-12-19T09:43:49.478" /><!-- duration: 0ms -->
    <step title="DeploymentManager.Deploy(id:3c0d3aca95f94923b6204861d3cd0b29)" date="2025-12-19T09:43:49.509" >
      <step title="Collecting changeset information" date="2025-12-19T09:43:49.509" /><!-- duration: 31ms -->
      <step title="Updating submodules" date="2025-12-19T09:43:49.556" >
        <step title="Updating submodules." date="2025-12-19T09:43:49.603" /><!-- duration: 0ms -->
      </step><!-- duration: 47ms -->
      <step title="Preparing deployment for commit id &apos;3c0d3aca95&apos;." date="2025-12-19T09:43:49.650" /><!-- duration: 0ms -->
      <step title="Determining deployment builder" date="2025-12-19T09:43:49.682" >
        <step title="Builder is OneDeployBuilder" date="2025-12-19T09:43:49.682" /><!-- duration: 16ms -->
      </step><!-- duration: 16ms -->
      <step title="Copying SSH keys" date="2025-12-19T09:43:49.713" /><!-- duration: 16ms -->
      <step title="Building" date="2025-12-19T09:43:49.729" >
        <step title="Running build. Project type: OneDeploy" date="2025-12-19T09:43:49.760" /><!-- duration: 0ms -->
        <step title="Copying the manifest" date="2025-12-19T09:43:49.807" /><!-- duration: 16ms -->
        <step title="Clean deploying to C:\home\site\wwwroot" date="2025-12-19T09:43:49.869" /><!-- duration: 0ms -->
        <step title="Generating deployment script." date="2025-12-19T09:43:49.900" /><!-- duration: 0ms -->
        <step title="Generating deployment script" date="2025-12-19T09:43:49.916" >
          <step title="Using cached version of the deployment script for command: -y --no-dot-deployment -r &quot;C:\local\Temp\zipdeploy\extracted&quot; -o &quot;C:\home\site\deployments\tools&quot; --basic --sitePath &quot;C:\local\Temp\zipdeploy\extracted&quot;" date="2025-12-19T09:43:49.947" /><!-- duration: 0ms -->
          <step title="Using cached version of deployment script (command: &apos;azure -y --no-dot-deployment -r &quot;C:\local\Temp\zipdeploy\extracted&quot; -o &quot;C:\home\site\deployments\tools&quot; --basic --sitePath &quot;C:\local\Temp\zipdeploy\extracted&quot;&apos;)." date="2025-12-19T09:43:49.979" /><!-- duration: 0ms -->
        </step><!-- duration: 62ms -->
        <step title="Running deployment command..." date="2025-12-19T09:43:50.010" /><!-- duration: 0ms -->
        <step title="Command: &quot;C:\home\site\deployments\tools\deploy.cmd&quot;" date="2025-12-19T09:43:50.025" /><!-- duration: 0ms -->
        <step title="Executing external process" date="2025-12-19T09:43:50.041" type="process" path="starter.cmd" arguments="&quot;C:\home\site\deployments\tools\deploy.cmd&quot;" >
          <step title="Handling Basic Web Site deployment." date="2025-12-19T09:43:50.182" /><!-- duration: 0ms -->
          <step title="Creating app_offline.htm" date="2025-12-19T09:43:53.041" /><!-- duration: 0ms -->
          <step title="KuduSync.NET from: &apos;C:\local\Temp\zipdeploy\extracted&apos; to: &apos;C:\home\site\wwwroot&apos;" date="2025-12-19T09:43:53.057" /><!-- duration: 0ms -->
          <step title="Deleting file: &apos;logs\app-20251219.log&apos;" date="2025-12-19T09:43:53.072" /><!-- duration: 0ms -->
          <step title="Deleting file: &apos;logs\stdout_20251219093228_17808.log&apos;" date="2025-12-19T09:43:53.072" /><!-- duration: 16ms -->
          <step title="Deleting file: &apos;logs\stdout_20251219094244_14672.log&apos;" date="2025-12-19T09:43:53.104" /><!-- duration: 0ms -->
          <step title="Deleting directory: &apos;logs&apos;" date="2025-12-19T09:43:53.104" /><!-- duration: 16ms -->
          <step title="Deleting file: &apos;uploads\students-answer-sheets\Karnataka_2nd_PUC_Math_Model_Paper_2024-25_STU-MJCOA3F2-S4JZ0S_20251219_093520_40e926dde8714a37998732eb42fbc7d0.jpeg&apos;" date="2025-12-19T09:43:53.119" /><!-- duration: 0ms -->
          <step title="Deleting directory: &apos;uploads\students-answer-sheets&apos;" date="2025-12-19T09:43:53.135" /><!-- duration: 0ms -->
          <step title="Deleting directory: &apos;uploads&apos;" date="2025-12-19T09:43:53.151" /><!-- duration: 0ms -->
          <step title="Copying file: &apos;SchoolAiChatbotBackend.dll&apos;" date="2025-12-19T09:43:53.151" /><!-- duration: 16ms -->
          <step title="Copying file: &apos;SchoolAiChatbotBackend.exe&apos;" date="2025-12-19T09:43:53.166" /><!-- duration: 0ms -->
          <step title="Copying file: &apos;SchoolAiChatbotBackend.pdb&apos;" date="2025-12-19T09:43:53.182" /><!-- duration: 0ms -->
          <step title="Deleting app_offline.htm" date="2025-12-19T09:43:53.197" /><!-- duration: 0ms -->
          <step title="Finished successfully." date="2025-12-19T09:43:53.213" /><!-- duration: 0ms -->
        </step><!-- duration: 3172ms -->
        <step title="Build completed succesfully." date="2025-12-19T09:43:53.260" /><!-- duration: 0ms -->
        <step title="Running post deployment command(s)..." date="2025-12-19T09:43:53.291" /><!-- duration: 16ms -->
        <step title="Requesting site restart" date="2025-12-19T09:43:53.354" /><!-- duration: 0ms -->
        <step title="Requesting site restart" date="2025-12-19T09:43:53.354" /><!-- duration: 0ms -->
        <step title="Requesting site restart. Attempt #1" date="2025-12-19T09:43:53.401" /><!-- duration: 0ms -->
        <step title="Requesting site restart. Attempt #1" date="2025-12-19T09:43:53.401" /><!-- duration: 16ms -->
        <step title="Successfully requested a restart. Attempt #1" date="2025-12-19T09:43:53.994" /><!-- duration: 16ms -->
        <step title="Successfully requested a restart. Attempt #1" date="2025-12-19T09:43:54.010" /><!-- duration: 0ms -->
        <step title="Deployment successful. DEPLOYMENTINFO: deploymentPath = OneDeploy, deployer = OneDeploy, os = windows, sku = Free, siteName = smartstudy-api, siteHostName = smartstudy-api-athtbtapcvdjesbe.centralindia-01.azurewebsites.net, deploymentStatus = Success" date="2025-12-19T09:43:54.041" /><!-- duration: 0ms -->
        <step title="Purge deployment items" date="2025-12-19T09:43:54.119" >
          <step title="Remove 45aef00af, Success, received at 12/18/2025 12:39:15 PM" date="2025-12-19T09:43:54.260" /><!-- duration: 0ms -->
        </step><!-- duration: 141ms -->
      </step><!-- duration: 4547ms -->
    </step><!-- duration: 4782ms -->
    <step title="Cleaning up temp files" date="2025-12-19T09:43:54.291" /><!-- duration: 0ms -->
    <step title="Skip function trigger and logicapp sync because function is not enabled." date="2025-12-19T09:43:54.307" /><!-- duration: 0ms -->
  </step><!-- duration: 5532ms -->
  <step title="LockFile &apos;C:\home\site\locks\deployments.lock&apos; released" date="2025-12-19T09:43:54.338" /><!-- duration: 0ms -->
  <step title="Deleting shutdown sentinel file" date="2025-12-19T09:43:54.354" SemaphoreCount="8" /><!-- duration: 0ms -->
</step><!-- duration: 5641ms -->
