<step title="BackgroundTrace" date="2025-12-18T13:51:52.285" instance="a6e48b" url="/api/publish" method="POST" >
  <step title="Updating shutdown sentinel last write time" date="2025-12-18T13:51:52.285" SemaphoreCount="7" /><!-- duration: 0ms -->
  <step title="LockFile &apos;C:\home\site\locks\deployments.lock&apos; acquired" date="2025-12-18T13:51:52.301" /><!-- duration: 0ms -->
  <step title="Creating temporary deployment" date="2025-12-18T13:51:52.301" /><!-- duration: 31ms -->
  <step title="Performing fetch based deployment" date="2025-12-18T13:51:52.332" >
    <step title="Fetching changes." date="2025-12-18T13:51:52.379" /><!-- duration: 16ms -->
    <step title="Starting LocalZipHandler" date="2025-12-18T13:51:52.395" /><!-- duration: 16ms -->
    <step title="Cleaning up temp folders from previous zip deployments and extracting pushed zip file C:\local\Temp\zipdeploy\ygsy1s4k.zip (11.91 MB) to C:\local\Temp\zipdeploy\extracted" date="2025-12-18T13:51:52.426" /><!-- duration: 16ms -->
    <step title="Cleaning up temp folders from previous zip deployments and extracting pushed zip file C:\local\Temp\zipdeploy\ygsy1s4k.zip (11.91 MB) to C:\local\Temp\zipdeploy\extracted" date="2025-12-18T13:51:52.442" >
      <step title="Renaming extractTargetDirectory(C:\local\Temp\zipdeploy\extracted) to tempDirectory(C:\local\Temp\zipdeploy\gmex2sy5.2ev)" date="2025-12-18T13:51:52.442" /><!-- duration: 16ms -->
      <step title="Extracting 107 entries to C:\local\Temp\zipdeploy\extracted directory" date="2025-12-18T13:51:52.473" >
        <step title="Extracting to C:\local\Temp\zipdeploy\extracted\runtimes\unix\lib\net6.0\Microsoft.Data.SqlClient.dll ..." date="2025-12-18T13:51:52.473" /><!-- duration: 31ms -->
        <step title="Extracting to C:\local\Temp\zipdeploy\extracted\runtimes\unix\lib\net6.0\System.Drawing.Common.dll ..." date="2025-12-18T13:51:52.504" /><!-- duration: 16ms -->
        <step title="Extracting to C:\local\Temp\zipdeploy\extracted\runtimes\win\lib\net6.0\Microsoft.Data.SqlClient.dll ..." date="2025-12-18T13:51:52.520" /><!-- duration: 16ms -->
        <step title="Extracting to C:\local\Temp\zipdeploy\extracted\runtimes\win\lib\net6.0\Microsoft.Win32.SystemEvents.dll ..." date="2025-12-18T13:51:52.551" /><!-- duration: 0ms -->
        <step title="Extracting to C:\local\Temp\zipdeploy\extracted\runtimes\win\lib\net6.0\System.Drawing.Common.dll ..." date="2025-12-18T13:51:52.551" /><!-- duration: 16ms -->
        <step title="Omitting extracting file traces ..." date="2025-12-18T13:51:52.582" /><!-- duration: 0ms -->
      </step><!-- duration: 500ms -->
    </step><!-- duration: 531ms -->
    <step title="Before sending BuildRequestReceived status to /api/updatedeploystatus" date="2025-12-18T13:51:52.989" /><!-- duration: 0ms -->
    <step title="DeploymentManager.Deploy(id:efa0391a1e784995a3b4365f8a3e34f8)" date="2025-12-18T13:51:52.989" >
      <step title="Collecting changeset information" date="2025-12-18T13:51:53.004" /><!-- duration: 47ms -->
      <step title="Updating submodules" date="2025-12-18T13:51:53.051" >
        <step title="Updating submodules." date="2025-12-18T13:51:53.082" /><!-- duration: 0ms -->
      </step><!-- duration: 47ms -->
      <step title="Preparing deployment for commit id &apos;efa0391a1e&apos;." date="2025-12-18T13:51:53.129" /><!-- duration: 16ms -->
      <step title="Determining deployment builder" date="2025-12-18T13:51:53.176" >
        <step title="Builder is OneDeployBuilder" date="2025-12-18T13:51:53.176" /><!-- duration: 0ms -->
      </step><!-- duration: 0ms -->
      <step title="Copying SSH keys" date="2025-12-18T13:51:53.192" /><!-- duration: 16ms -->
      <step title="Building" date="2025-12-18T13:51:53.207" >
        <step title="Running build. Project type: OneDeploy" date="2025-12-18T13:51:53.254" /><!-- duration: 0ms -->
        <step title="Copying the manifest" date="2025-12-18T13:51:53.285" /><!-- duration: 0ms -->
        <step title="Clean deploying to C:\home\site\wwwroot" date="2025-12-18T13:51:53.348" /><!-- duration: 0ms -->
        <step title="Generating deployment script." date="2025-12-18T13:51:53.395" /><!-- duration: 0ms -->
        <step title="Generating deployment script" date="2025-12-18T13:51:53.395" >
          <step title="Using cached version of the deployment script for command: -y --no-dot-deployment -r &quot;C:\local\Temp\zipdeploy\extracted&quot; -o &quot;C:\home\site\deployments\tools&quot; --basic --sitePath &quot;C:\local\Temp\zipdeploy\extracted&quot;" date="2025-12-18T13:51:53.410" /><!-- duration: 16ms -->
          <step title="Using cached version of deployment script (command: &apos;azure -y --no-dot-deployment -r &quot;C:\local\Temp\zipdeploy\extracted&quot; -o &quot;C:\home\site\deployments\tools&quot; --basic --sitePath &quot;C:\local\Temp\zipdeploy\extracted&quot;&apos;)." date="2025-12-18T13:51:53.442" /><!-- duration: 0ms -->
        </step><!-- duration: 47ms -->
        <step title="Running deployment command..." date="2025-12-18T13:51:53.473" /><!-- duration: 16ms -->
        <step title="Command: &quot;C:\home\site\deployments\tools\deploy.cmd&quot;" date="2025-12-18T13:51:53.520" /><!-- duration: 0ms -->
        <step title="Executing external process" date="2025-12-18T13:51:53.520" type="process" path="starter.cmd" arguments="&quot;C:\home\site\deployments\tools\deploy.cmd&quot;" >
          <step title="Handling Basic Web Site deployment." date="2025-12-18T13:51:53.645" /><!-- duration: 16ms -->
          <step title="Creating app_offline.htm" date="2025-12-18T13:51:56.254" /><!-- duration: 16ms -->
          <step title="KuduSync.NET from: &apos;C:\local\Temp\zipdeploy\extracted&apos; to: &apos;C:\home\site\wwwroot&apos;" date="2025-12-18T13:51:56.270" /><!-- duration: 0ms -->
          <step title="Deleting file: &apos;logs\app-20251218.log&apos;" date="2025-12-18T13:51:56.286" /><!-- duration: 0ms -->
          <step title="Deleting file: &apos;logs\stdout_20251218133340_7124.log&apos;" date="2025-12-18T13:51:56.301" /><!-- duration: 0ms -->
          <step title="Deleting directory: &apos;logs&apos;" date="2025-12-18T13:51:56.301" /><!-- duration: 16ms -->
          <step title="Copying file: &apos;SchoolAiChatbotBackend.dll&apos;" date="2025-12-18T13:51:56.317" /><!-- duration: 0ms -->
          <step title="Copying file: &apos;SchoolAiChatbotBackend.exe&apos;" date="2025-12-18T13:51:56.332" /><!-- duration: 0ms -->
          <step title="Copying file: &apos;SchoolAiChatbotBackend.pdb&apos;" date="2025-12-18T13:51:56.348" /><!-- duration: 0ms -->
          <step title="Deleting app_offline.htm" date="2025-12-18T13:51:56.364" /><!-- duration: 0ms -->
          <step title="Finished successfully." date="2025-12-18T13:51:56.379" /><!-- duration: 0ms -->
        </step><!-- duration: 2859ms -->
        <step title="Build completed succesfully." date="2025-12-18T13:51:56.426" /><!-- duration: 0ms -->
        <step title="Running post deployment command(s)..." date="2025-12-18T13:51:56.457" /><!-- duration: 0ms -->
        <step title="Requesting site restart" date="2025-12-18T13:51:56.504" /><!-- duration: 0ms -->
        <step title="Requesting site restart" date="2025-12-18T13:51:56.520" /><!-- duration: 0ms -->
        <step title="Requesting site restart. Attempt #1" date="2025-12-18T13:51:56.567" /><!-- duration: 0ms -->
        <step title="Requesting site restart. Attempt #1" date="2025-12-18T13:51:56.582" /><!-- duration: 0ms -->
        <step title="Successfully requested a restart. Attempt #1" date="2025-12-18T13:51:56.911" /><!-- duration: 0ms -->
        <step title="Successfully requested a restart. Attempt #1" date="2025-12-18T13:51:56.911" /><!-- duration: 16ms -->
        <step title="Deployment successful. DEPLOYMENTINFO: deploymentPath = OneDeploy, deployer = OneDeploy, os = windows, sku = Free, siteName = smartstudy-api, siteHostName = smartstudy-api-athtbtapcvdjesbe.centralindia-01.azurewebsites.net, deploymentStatus = Success" date="2025-12-18T13:51:56.957" /><!-- duration: 0ms -->
        <step title="Purge deployment items" date="2025-12-18T13:51:57.036" >
          <step title="Remove 7e89c5dad, Success, received at 12/18/2025 8:38:54 AM" date="2025-12-18T13:51:57.098" /><!-- duration: 0ms -->
        </step><!-- duration: 63ms -->
      </step><!-- duration: 3906ms -->
    </step><!-- duration: 4141ms -->
    <step title="Cleaning up temp files" date="2025-12-18T13:51:57.129" /><!-- duration: 0ms -->
    <step title="Skip function trigger and logicapp sync because function is not enabled." date="2025-12-18T13:51:57.145" /><!-- duration: 0ms -->
  </step><!-- duration: 4860ms -->
  <step title="LockFile &apos;C:\home\site\locks\deployments.lock&apos; released" date="2025-12-18T13:51:57.192" /><!-- duration: 0ms -->
  <step title="Deleting shutdown sentinel file" date="2025-12-18T13:51:57.208" SemaphoreCount="8" /><!-- duration: 0ms -->
</step><!-- duration: 4922ms -->
