<step title="BackgroundTrace" date="2025-12-19T13:36:04.050" instance="a6e48b" url="/api/publish" method="POST" >
  <step title="Updating shutdown sentinel last write time" date="2025-12-19T13:36:04.065" SemaphoreCount="7" /><!-- duration: 0ms -->
  <step title="LockFile &apos;C:\home\site\locks\deployments.lock&apos; acquired" date="2025-12-19T13:36:04.065" /><!-- duration: 16ms -->
  <step title="Creating temporary deployment" date="2025-12-19T13:36:04.081" /><!-- duration: 16ms -->
  <step title="Performing fetch based deployment" date="2025-12-19T13:36:04.112" >
    <step title="Fetching changes." date="2025-12-19T13:36:04.143" /><!-- duration: 16ms -->
    <step title="Starting LocalZipHandler" date="2025-12-19T13:36:04.159" /><!-- duration: 0ms -->
    <step title="Cleaning up temp folders from previous zip deployments and extracting pushed zip file C:\local\Temp\zipdeploy\ywsbtjdr.zip (13.20 MB) to C:\local\Temp\zipdeploy\extracted" date="2025-12-19T13:36:04.190" /><!-- duration: 0ms -->
    <step title="Cleaning up temp folders from previous zip deployments and extracting pushed zip file C:\local\Temp\zipdeploy\ywsbtjdr.zip (13.20 MB) to C:\local\Temp\zipdeploy\extracted" date="2025-12-19T13:36:04.190" >
      <step title="Renaming extractTargetDirectory(C:\local\Temp\zipdeploy\extracted) to tempDirectory(C:\local\Temp\zipdeploy\yf2awfav.yz4)" date="2025-12-19T13:36:04.206" /><!-- duration: 0ms -->
      <step title="Extracting 115 entries to C:\local\Temp\zipdeploy\extracted directory" date="2025-12-19T13:36:04.221" >
        <step title="Extracting to C:\local\Temp\zipdeploy\extracted\appsettings.json ..." date="2025-12-19T13:36:04.221" /><!-- duration: 0ms -->
        <step title="Extracting to C:\local\Temp\zipdeploy\extracted\appsettings.template.json ..." date="2025-12-19T13:36:04.237" /><!-- duration: 0ms -->
        <step title="Extracting to C:\local\Temp\zipdeploy\extracted\Azure.Core.dll ..." date="2025-12-19T13:36:04.237" /><!-- duration: 16ms -->
        <step title="Extracting to C:\local\Temp\zipdeploy\extracted\Azure.Identity.dll ..." date="2025-12-19T13:36:04.253" /><!-- duration: 16ms -->
        <step title="Extracting to C:\local\Temp\zipdeploy\extracted\Azure.Storage.Blobs.dll ..." date="2025-12-19T13:36:04.268" /><!-- duration: 16ms -->
        <step title="Omitting extracting file traces ..." date="2025-12-19T13:36:04.300" /><!-- duration: 0ms -->
      </step><!-- duration: 516ms -->
    </step><!-- duration: 578ms -->
    <step title="Before sending BuildRequestReceived status to /api/updatedeploystatus" date="2025-12-19T13:36:04.768" /><!-- duration: 0ms -->
    <step title="DeploymentManager.Deploy(id:4f43c3eca63d4210a05d0f16e3792765)" date="2025-12-19T13:36:04.768" >
      <step title="Collecting changeset information" date="2025-12-19T13:36:04.784" /><!-- duration: 31ms -->
      <step title="Updating submodules" date="2025-12-19T13:36:04.815" >
        <step title="Updating submodules." date="2025-12-19T13:36:04.846" /><!-- duration: 0ms -->
      </step><!-- duration: 47ms -->
      <step title="Preparing deployment for commit id &apos;4f43c3eca6&apos;." date="2025-12-19T13:36:04.909" /><!-- duration: 0ms -->
      <step title="Determining deployment builder" date="2025-12-19T13:36:04.940" >
        <step title="Builder is OneDeployBuilder" date="2025-12-19T13:36:04.940" /><!-- duration: 0ms -->
      </step><!-- duration: 0ms -->
      <step title="Copying SSH keys" date="2025-12-19T13:36:04.956" /><!-- duration: 16ms -->
      <step title="Building" date="2025-12-19T13:36:04.971" >
        <step title="Running build. Project type: OneDeploy" date="2025-12-19T13:36:05.018" /><!-- duration: 0ms -->
        <step title="Copying the manifest" date="2025-12-19T13:36:05.051" /><!-- duration: 0ms -->
        <step title="Clean deploying to C:\home\site\wwwroot" date="2025-12-19T13:36:05.097" /><!-- duration: 16ms -->
        <step title="Generating deployment script." date="2025-12-19T13:36:05.144" /><!-- duration: 16ms -->
        <step title="Generating deployment script" date="2025-12-19T13:36:05.160" >
          <step title="Using cached version of the deployment script for command: -y --no-dot-deployment -r &quot;C:\local\Temp\zipdeploy\extracted&quot; -o &quot;C:\home\site\deployments\tools&quot; --basic --sitePath &quot;C:\local\Temp\zipdeploy\extracted&quot;" date="2025-12-19T13:36:05.176" /><!-- duration: 0ms -->
          <step title="Using cached version of deployment script (command: &apos;azure -y --no-dot-deployment -r &quot;C:\local\Temp\zipdeploy\extracted&quot; -o &quot;C:\home\site\deployments\tools&quot; --basic --sitePath &quot;C:\local\Temp\zipdeploy\extracted&quot;&apos;)." date="2025-12-19T13:36:05.191" /><!-- duration: 0ms -->
        </step><!-- duration: 31ms -->
        <step title="Running deployment command..." date="2025-12-19T13:36:05.238" /><!-- duration: 0ms -->
        <step title="Command: &quot;C:\home\site\deployments\tools\deploy.cmd&quot;" date="2025-12-19T13:36:05.254" /><!-- duration: 16ms -->
        <step title="Executing external process" date="2025-12-19T13:36:05.269" type="process" path="starter.cmd" arguments="&quot;C:\home\site\deployments\tools\deploy.cmd&quot;" >
          <step title="Handling Basic Web Site deployment." date="2025-12-19T13:36:05.410" /><!-- duration: 0ms -->
          <step title="Creating app_offline.htm" date="2025-12-19T13:36:05.988" /><!-- duration: 16ms -->
          <step title="KuduSync.NET from: &apos;C:\local\Temp\zipdeploy\extracted&apos; to: &apos;C:\home\site\wwwroot&apos;" date="2025-12-19T13:36:06.019" /><!-- duration: 16ms -->
          <step title="Deleting file: &apos;logs\app-20251219.log&apos;" date="2025-12-19T13:36:06.035" /><!-- duration: 0ms -->
          <step title="Deleting file: &apos;logs\stdout_20251219133155_20972.log&apos;" date="2025-12-19T13:36:06.051" /><!-- duration: 0ms -->
          <step title="Deleting directory: &apos;logs&apos;" date="2025-12-19T13:36:06.066" /><!-- duration: 31ms -->
          <step title="Copying file: &apos;appsettings.json&apos;" date="2025-12-19T13:36:06.113" /><!-- duration: 0ms -->
          <step title="Copying file: &apos;appsettings.template.json&apos;" date="2025-12-19T13:36:06.113" /><!-- duration: 16ms -->
          <step title="Copying file: &apos;Azure.Core.dll&apos;" date="2025-12-19T13:36:06.129" /><!-- duration: 16ms -->
          <step title="Copying file: &apos;Azure.Identity.dll&apos;" date="2025-12-19T13:36:06.144" /><!-- duration: 0ms -->
          <step title="Copying file: &apos;Azure.Storage.Blobs.dll&apos;" date="2025-12-19T13:36:06.160" /><!-- duration: 0ms -->
          <step title="Copying file: &apos;Azure.Storage.Common.dll&apos;" date="2025-12-19T13:36:06.160" /><!-- duration: 16ms -->
          <step title="Copying file: &apos;Azure.Storage.Queues.dll&apos;" date="2025-12-19T13:36:06.176" /><!-- duration: 0ms -->
          <step title="Copying file: &apos;Google.Api.CommonProtos.dll&apos;" date="2025-12-19T13:36:06.191" /><!-- duration: 0ms -->
          <step title="Copying file: &apos;Google.Api.Gax.dll&apos;" date="2025-12-19T13:36:06.207" /><!-- duration: 0ms -->
          <step title="Copying file: &apos;Google.Api.Gax.Grpc.dll&apos;" date="2025-12-19T13:36:06.222" /><!-- duration: 0ms -->
          <step title="Copying file: &apos;Google.Apis.Auth.dll&apos;" date="2025-12-19T13:36:06.222" /><!-- duration: 16ms -->
          <step title="Copying file: &apos;Google.Apis.Core.dll&apos;" date="2025-12-19T13:36:06.238" /><!-- duration: 0ms -->
          <step title="Copying file: &apos;Google.Apis.dll&apos;" date="2025-12-19T13:36:06.254" /><!-- duration: 0ms -->
          <step title="Copying file: &apos;Google.Cloud.Vision.V1.dll&apos;" date="2025-12-19T13:36:06.269" /><!-- duration: 0ms -->
          <step title="Copying file: &apos;Google.LongRunning.dll&apos;" date="2025-12-19T13:36:06.269" /><!-- duration: 0ms -->
          <step title="Copying file: &apos;Google.Protobuf.dll&apos;" date="2025-12-19T13:36:06.285" /><!-- duration: 0ms -->
          <step title="Copying file: &apos;Grpc.Auth.dll&apos;" date="2025-12-19T13:36:06.301" /><!-- duration: 0ms -->
          <step title="Copying file: &apos;Grpc.Core.Api.dll&apos;" date="2025-12-19T13:36:06.316" /><!-- duration: 0ms -->
          <step title="Copying file: &apos;Grpc.Net.Client.dll&apos;" date="2025-12-19T13:36:06.316" /><!-- duration: 16ms -->
          <step title="Copying file: &apos;Grpc.Net.Common.dll&apos;" date="2025-12-19T13:36:06.347" /><!-- duration: 0ms -->
          <step title="Copying file: &apos;Microsoft.AspNetCore.Authentication.JwtBearer.dll&apos;" date="2025-12-19T13:36:06.363" /><!-- duration: 0ms -->
          <step title="Copying file: &apos;Microsoft.AspNetCore.OpenApi.dll&apos;" date="2025-12-19T13:36:06.363" /><!-- duration: 16ms -->
          <step title="Copying file: &apos;Microsoft.Bcl.AsyncInterfaces.dll&apos;" date="2025-12-19T13:36:06.379" /><!-- duration: 0ms -->
          <step title="Copying file: &apos;Microsoft.Data.SqlClient.dll&apos;" date="2025-12-19T13:36:06.394" /><!-- duration: 0ms -->
          <step title="Copying file: &apos;Microsoft.EntityFrameworkCore.Abstractions.dll&apos;" date="2025-12-19T13:36:06.410" /><!-- duration: 0ms -->
          <step title="Copying file: &apos;Microsoft.EntityFrameworkCore.dll&apos;" date="2025-12-19T13:36:06.410" /><!-- duration: 16ms -->
          <step title="Copying file: &apos;Microsoft.EntityFrameworkCore.InMemory.dll&apos;" date="2025-12-19T13:36:06.426" /><!-- duration: 0ms -->
          <step title="Copying file: &apos;Microsoft.EntityFrameworkCore.Relational.dll&apos;" date="2025-12-19T13:36:06.457" /><!-- duration: 0ms -->
          <step title="Copying file: &apos;Microsoft.EntityFrameworkCore.SqlServer.dll&apos;" date="2025-12-19T13:36:06.457" /><!-- duration: 0ms -->
          <step title="Copying file: &apos;Microsoft.Extensions.Caching.Memory.dll&apos;" date="2025-12-19T13:36:06.472" /><!-- duration: 0ms -->
          <step title="Copying file: &apos;Microsoft.Extensions.DependencyInjection.Abstractions.dll&apos;" date="2025-12-19T13:36:06.488" /><!-- duration: 0ms -->
          <step title="Copying file: &apos;Microsoft.Extensions.DependencyInjection.dll&apos;" date="2025-12-19T13:36:06.488" /><!-- duration: 16ms -->
          <step title="Copying file: &apos;Microsoft.Extensions.DependencyModel.dll&apos;" date="2025-12-19T13:36:06.504" /><!-- duration: 0ms -->
          <step title="Copying file: &apos;Microsoft.Extensions.Logging.Abstractions.dll&apos;" date="2025-12-19T13:36:06.519" /><!-- duration: 16ms -->
          <step title="Copying file: &apos;Microsoft.Extensions.Logging.dll&apos;" date="2025-12-19T13:36:06.535" /><!-- duration: 16ms -->
          <step title="Copying file: &apos;Microsoft.Extensions.Options.dll&apos;" date="2025-12-19T13:36:06.551" /><!-- duration: 0ms -->
          <step title="Copying file: &apos;Microsoft.Identity.Client.dll&apos;" date="2025-12-19T13:36:06.566" /><!-- duration: 0ms -->
          <step title="Copying file: &apos;Microsoft.Identity.Client.Extensions.Msal.dll&apos;" date="2025-12-19T13:36:06.582" /><!-- duration: 0ms -->
          <step title="Copying file: &apos;Microsoft.IdentityModel.Abstractions.dll&apos;" date="2025-12-19T13:36:06.582" /><!-- duration: 16ms -->
          <step title="Copying file: &apos;Microsoft.IdentityModel.JsonWebTokens.dll&apos;" date="2025-12-19T13:36:06.597" /><!-- duration: 0ms -->
          <step title="Copying file: &apos;Microsoft.IdentityModel.Logging.dll&apos;" date="2025-12-19T13:36:06.613" /><!-- duration: 0ms -->
          <step title="Copying file: &apos;Microsoft.IdentityModel.Protocols.dll&apos;" date="2025-12-19T13:36:06.629" /><!-- duration: 0ms -->
          <step title="Copying file: &apos;Microsoft.IdentityModel.Protocols.OpenIdConnect.dll&apos;" date="2025-12-19T13:36:06.644" /><!-- duration: 0ms -->
          <step title="Copying file: &apos;Microsoft.IdentityModel.Tokens.dll&apos;" date="2025-12-19T13:36:06.660" /><!-- duration: 0ms -->
          <step title="Copying file: &apos;Microsoft.OpenApi.dll&apos;" date="2025-12-19T13:36:06.676" /><!-- duration: 0ms -->
          <step title="Omitting next output lines..." date="2025-12-19T13:36:06.676" /><!-- duration: 16ms -->
          <step title="Finished successfully." date="2025-12-19T13:36:08.207" /><!-- duration: 0ms -->
        </step><!-- duration: 2938ms -->
        <step title="Build completed succesfully." date="2025-12-19T13:36:08.254" /><!-- duration: 0ms -->
        <step title="Running post deployment command(s)..." date="2025-12-19T13:36:08.286" /><!-- duration: 0ms -->
        <step title="Requesting site restart" date="2025-12-19T13:36:08.317" /><!-- duration: 16ms -->
        <step title="Requesting site restart" date="2025-12-19T13:36:08.332" /><!-- duration: 16ms -->
        <step title="Requesting site restart. Attempt #1" date="2025-12-19T13:36:08.379" /><!-- duration: 0ms -->
        <step title="Requesting site restart. Attempt #1" date="2025-12-19T13:36:08.379" /><!-- duration: 16ms -->
        <step title="Successfully requested a restart. Attempt #1" date="2025-12-19T13:36:08.504" /><!-- duration: 0ms -->
        <step title="Successfully requested a restart. Attempt #1" date="2025-12-19T13:36:08.520" /><!-- duration: 0ms -->
        <step title="Deployment successful. DEPLOYMENTINFO: deploymentPath = OneDeploy, deployer = OneDeploy, os = windows, sku = Free, siteName = smartstudy-api, siteHostName = smartstudy-api-athtbtapcvdjesbe.centralindia-01.azurewebsites.net, deploymentStatus = Success" date="2025-12-19T13:36:08.551" /><!-- duration: 16ms -->
        <step title="Purge deployment items" date="2025-12-19T13:36:08.629" >
          <step title="Remove d2e149b32, Success, received at 12/19/2025 11:57:09 AM" date="2025-12-19T13:36:08.676" /><!-- duration: 0ms -->
        </step><!-- duration: 63ms -->
      </step><!-- duration: 3736ms -->
    </step><!-- duration: 3939ms -->
    <step title="Cleaning up temp files" date="2025-12-19T13:36:08.723" /><!-- duration: 0ms -->
    <step title="Skip function trigger and logicapp sync because function is not enabled." date="2025-12-19T13:36:08.739" /><!-- duration: 0ms -->
  </step><!-- duration: 4658ms -->
  <step title="LockFile &apos;C:\home\site\locks\deployments.lock&apos; released" date="2025-12-19T13:36:08.786" /><!-- duration: 0ms -->
  <step title="Deleting shutdown sentinel file" date="2025-12-19T13:36:08.786" SemaphoreCount="8" /><!-- duration: 16ms -->
</step><!-- duration: 4752ms -->
