<step title="BackgroundTrace" date="2025-12-19T09:54:20.099" instance="a6e48b" url="/api/publish" method="POST" >
  <step title="Updating shutdown sentinel last write time" date="2025-12-19T09:54:20.099" SemaphoreCount="7" /><!-- duration: 0ms -->
  <step title="LockFile &apos;C:\home\site\locks\deployments.lock&apos; acquired" date="2025-12-19T09:54:20.115" /><!-- duration: 0ms -->
  <step title="Creating temporary deployment" date="2025-12-19T09:54:20.115" /><!-- duration: 63ms -->
  <step title="Performing fetch based deployment" date="2025-12-19T09:54:20.178" >
    <step title="Fetching changes." date="2025-12-19T09:54:20.240" /><!-- duration: 16ms -->
    <step title="Starting LocalZipHandler" date="2025-12-19T09:54:20.256" /><!-- duration: 0ms -->
    <step title="Cleaning up temp folders from previous zip deployments and extracting pushed zip file C:\local\Temp\zipdeploy\yidndg53.zip (11.93 MB) to C:\local\Temp\zipdeploy\extracted" date="2025-12-19T09:54:20.303" /><!-- duration: 16ms -->
    <step title="Cleaning up temp folders from previous zip deployments and extracting pushed zip file C:\local\Temp\zipdeploy\yidndg53.zip (11.93 MB) to C:\local\Temp\zipdeploy\extracted" date="2025-12-19T09:54:20.318" >
      <step title="Extracting 107 entries to C:\local\Temp\zipdeploy\extracted directory" date="2025-12-19T09:54:20.334" >
        <step title="Extracting to C:\local\Temp\zipdeploy\extracted\runtimes\unix\lib\net6.0\Microsoft.Data.SqlClient.dll ..." date="2025-12-19T09:54:20.334" /><!-- duration: 31ms -->
        <step title="Extracting to C:\local\Temp\zipdeploy\extracted\runtimes\unix\lib\net6.0\System.Drawing.Common.dll ..." date="2025-12-19T09:54:20.365" /><!-- duration: 16ms -->
        <step title="Extracting to C:\local\Temp\zipdeploy\extracted\runtimes\win\lib\net6.0\Microsoft.Data.SqlClient.dll ..." date="2025-12-19T09:54:20.381" /><!-- duration: 31ms -->
        <step title="Extracting to C:\local\Temp\zipdeploy\extracted\runtimes\win\lib\net6.0\Microsoft.Win32.SystemEvents.dll ..." date="2025-12-19T09:54:20.412" /><!-- duration: 0ms -->
        <step title="Extracting to C:\local\Temp\zipdeploy\extracted\runtimes\win\lib\net6.0\System.Drawing.Common.dll ..." date="2025-12-19T09:54:20.428" /><!-- duration: 16ms -->
        <step title="Omitting extracting file traces ..." date="2025-12-19T09:54:20.443" /><!-- duration: 0ms -->
      </step><!-- duration: 516ms -->
    </step><!-- duration: 531ms -->
    <step title="Before sending BuildRequestReceived status to /api/updatedeploystatus" date="2025-12-19T09:54:20.849" /><!-- duration: 0ms -->
    <step title="DeploymentManager.Deploy(id:36cb5f94fad04e8a8816b782794fa455)" date="2025-12-19T09:54:20.865" >
      <step title="Collecting changeset information" date="2025-12-19T09:54:20.881" /><!-- duration: 31ms -->
      <step title="Updating submodules" date="2025-12-19T09:54:20.912" >
        <step title="Updating submodules." date="2025-12-19T09:54:20.943" /><!-- duration: 16ms -->
      </step><!-- duration: 47ms -->
      <step title="Preparing deployment for commit id &apos;36cb5f94fa&apos;." date="2025-12-19T09:54:20.990" /><!-- duration: 16ms -->
      <step title="Determining deployment builder" date="2025-12-19T09:54:21.037" >
        <step title="Builder is OneDeployBuilder" date="2025-12-19T09:54:21.037" /><!-- duration: 16ms -->
      </step><!-- duration: 16ms -->
      <step title="Copying SSH keys" date="2025-12-19T09:54:21.068" /><!-- duration: 0ms -->
      <step title="Building" date="2025-12-19T09:54:21.068" >
        <step title="Running build. Project type: OneDeploy" date="2025-12-19T09:54:21.115" /><!-- duration: 0ms -->
        <step title="Copying the manifest" date="2025-12-19T09:54:21.146" /><!-- duration: 0ms -->
        <step title="Clean deploying to C:\home\site\wwwroot" date="2025-12-19T09:54:21.193" /><!-- duration: 16ms -->
        <step title="Generating deployment script." date="2025-12-19T09:54:21.240" /><!-- duration: 0ms -->
        <step title="Generating deployment script" date="2025-12-19T09:54:21.256" >
          <step title="Using cached version of the deployment script for command: -y --no-dot-deployment -r &quot;C:\local\Temp\zipdeploy\extracted&quot; -o &quot;C:\home\site\deployments\tools&quot; --basic --sitePath &quot;C:\local\Temp\zipdeploy\extracted&quot;" date="2025-12-19T09:54:21.287" /><!-- duration: 0ms -->
          <step title="Using cached version of deployment script (command: &apos;azure -y --no-dot-deployment -r &quot;C:\local\Temp\zipdeploy\extracted&quot; -o &quot;C:\home\site\deployments\tools&quot; --basic --sitePath &quot;C:\local\Temp\zipdeploy\extracted&quot;&apos;)." date="2025-12-19T09:54:21.318" /><!-- duration: 0ms -->
        </step><!-- duration: 63ms -->
        <step title="Running deployment command..." date="2025-12-19T09:54:21.349" /><!-- duration: 16ms -->
        <step title="Command: &quot;C:\home\site\deployments\tools\deploy.cmd&quot;" date="2025-12-19T09:54:21.365" /><!-- duration: 0ms -->
        <step title="Executing external process" date="2025-12-19T09:54:21.381" type="process" path="starter.cmd" arguments="&quot;C:\home\site\deployments\tools\deploy.cmd&quot;" >
          <step title="Handling Basic Web Site deployment." date="2025-12-19T09:54:21.521" /><!-- duration: 0ms -->
          <step title="Creating app_offline.htm" date="2025-12-19T09:54:24.381" /><!-- duration: 0ms -->
          <step title="KuduSync.NET from: &apos;C:\local\Temp\zipdeploy\extracted&apos; to: &apos;C:\home\site\wwwroot&apos;" date="2025-12-19T09:54:24.381" /><!-- duration: 16ms -->
          <step title="Deleting file: &apos;logs\app-20251219.log&apos;" date="2025-12-19T09:54:24.396" /><!-- duration: 0ms -->
          <step title="Deleting file: &apos;logs\stdout_20251219094431_18308.log&apos;" date="2025-12-19T09:54:24.412" /><!-- duration: 0ms -->
          <step title="Deleting file: &apos;logs\stdout_20251219094508_16496.log&apos;" date="2025-12-19T09:54:24.428" /><!-- duration: 0ms -->
          <step title="Deleting directory: &apos;logs&apos;" date="2025-12-19T09:54:24.428" /><!-- duration: 16ms -->
          <step title="Copying file: &apos;SchoolAiChatbotBackend.dll&apos;" date="2025-12-19T09:54:24.443" /><!-- duration: 16ms -->
          <step title="Copying file: &apos;SchoolAiChatbotBackend.exe&apos;" date="2025-12-19T09:54:24.459" /><!-- duration: 0ms -->
          <step title="Copying file: &apos;SchoolAiChatbotBackend.pdb&apos;" date="2025-12-19T09:54:24.475" /><!-- duration: 0ms -->
          <step title="Deleting app_offline.htm" date="2025-12-19T09:54:24.490" /><!-- duration: 0ms -->
          <step title="Finished successfully." date="2025-12-19T09:54:24.490" /><!-- duration: 16ms -->
        </step><!-- duration: 3125ms -->
        <step title="Build completed succesfully." date="2025-12-19T09:54:24.537" /><!-- duration: 0ms -->
        <step title="Running post deployment command(s)..." date="2025-12-19T09:54:24.584" /><!-- duration: 0ms -->
        <step title="Requesting site restart" date="2025-12-19T09:54:24.646" /><!-- duration: 0ms -->
        <step title="Requesting site restart" date="2025-12-19T09:54:24.646" /><!-- duration: 0ms -->
        <step title="Requesting site restart. Attempt #1" date="2025-12-19T09:54:24.693" /><!-- duration: 16ms -->
        <step title="Requesting site restart. Attempt #1" date="2025-12-19T09:54:24.709" /><!-- duration: 0ms -->
        <step title="Successfully requested a restart. Attempt #1" date="2025-12-19T09:54:25.037" /><!-- duration: 0ms -->
        <step title="Successfully requested a restart. Attempt #1" date="2025-12-19T09:54:25.053" /><!-- duration: 0ms -->
        <step title="Deployment successful. DEPLOYMENTINFO: deploymentPath = OneDeploy, deployer = OneDeploy, os = windows, sku = Free, siteName = smartstudy-api, siteHostName = smartstudy-api-athtbtapcvdjesbe.centralindia-01.azurewebsites.net, deploymentStatus = Success" date="2025-12-19T09:54:25.084" /><!-- duration: 0ms -->
        <step title="Purge deployment items" date="2025-12-19T09:54:25.490" >
          <step title="Remove c506cf4b5, Success, received at 12/18/2025 1:17:55 PM" date="2025-12-19T09:54:25.506" /><!-- duration: 16ms -->
        </step><!-- duration: 31ms -->
      </step><!-- duration: 4469ms -->
    </step><!-- duration: 4672ms -->
    <step title="Cleaning up temp files" date="2025-12-19T09:54:25.553" /><!-- duration: 0ms -->
    <step title="Skip function trigger and logicapp sync because function is not enabled." date="2025-12-19T09:54:25.553" /><!-- duration: 16ms -->
  </step><!-- duration: 5438ms -->
  <step title="LockFile &apos;C:\home\site\locks\deployments.lock&apos; released" date="2025-12-19T09:54:25.615" /><!-- duration: 0ms -->
  <step title="Deleting shutdown sentinel file" date="2025-12-19T09:54:25.631" SemaphoreCount="8" /><!-- duration: 0ms -->
</step><!-- duration: 5531ms -->
