<step title="Incoming Request" date="2025-12-18T10:51:14.140" instance="a6e48b" url="/api/publish?type=zip&amp;async=True" method="POST" type="request" pid="13488,2,45" Cache-Control="no-cache" Content-Length="12486804" Content-Type="application/octet-stream" Accept="*/*" Accept-Encoding="gzip, deflate" Authorization="Bea..." Host="smartstudy-api-athtbtapcvdjesbe.scm.centralindia-01.azurewebsites.net" User-Agent="AZURECLI/2.80.0 (MSI)" x-ms-client-request-id="741a4c18-dbff-11f0-bf32-7404f1536f46" X-ARR-LOG-ID="741a4c18-dbff-11f0-bf32-7404f1536f46" CLIENT-IP="38.254.185.42:50604" X-SITE-DEPLOYMENT-ID="smartstudy-api" WAS-DEFAULT-HOSTNAME="smartstudy-api-athtbtapcvdjesbe.scm.centralindia-01.azurewebsites.net" X-Forwarded-Proto="https" X-AppService-Proto="https" X-Forwarded-TlsVersion="1.3" X-WAWS-Unencoded-URL="/api/publish?type=zip&amp;async=True" >
  <step title="Cleanup Xml Logs" date="2025-12-18T10:51:14.140" /><!-- duration: 16ms -->
  <step title="OneDeploy" date="2025-12-18T10:51:14.171" >
    <step title="Starting PushDeployAsync" date="2025-12-18T10:51:14.202" /><!-- duration: 0ms -->
    <step title="Updating shutdown sentinel last write time" date="2025-12-18T10:51:14.218" SemaphoreCount="7" /><!-- duration: 0ms -->
    <step title="LockFile &apos;C:\home\site\locks\deployments.lock&apos; acquired" date="2025-12-18T10:51:14.234" /><!-- duration: 0ms -->
    <step title="Saving request content to C:\local\Temp\zipdeploy\axp5v0go.zip" date="2025-12-18T10:51:14.234" >
      <step title="Total 12,486,804 bytes written to C:\local\Temp\zipdeploy\axp5v0go.zip" date="2025-12-18T10:51:32.299" /><!-- duration: 16ms -->
    </step><!-- duration: 18081ms -->
    <step title="LockFile &apos;C:\home\site\locks\deployments.lock&apos; released" date="2025-12-18T10:51:32.315" /><!-- duration: 16ms -->
    <step title="Deleting shutdown sentinel file" date="2025-12-18T10:51:32.330" SemaphoreCount="8" /><!-- duration: 0ms -->
    <step title="Starting FetchDeploy" date="2025-12-18T10:51:32.346" /><!-- duration: 0ms -->
    <step title="Start deployment in the background" date="2025-12-18T10:51:32.346" /><!-- duration: 94ms -->
  </step><!-- duration: 18269ms -->
  <step title="Outgoing response" date="2025-12-18T10:51:32.440" type="response" statusCode="202" statusText="Accepted" Server="Microsoft-IIS/10.0" x-ms-request-id="741a4c18-dbff-11f0-bf32-7404f1536f46" Retry-After="30" Cache-Control="private" X-AspNet-Version="4.0.30319" Location="https://smartstudy-api-athtbtapcvdjesbe.scm.centralindia-01.azurewebsites.net/api/deployments/latest?deployer=OneDeploy&amp;time=2025-12-18_10-51-32Z" /><!-- duration: 0ms -->
</step><!-- duration: 18315ms -->
