<step title="BackgroundTrace" date="2025-12-18T08:20:22.689" instance="a6e48b" url="/api/zipdeploy" method="POST" >
  <step title="Updating shutdown sentinel last write time" date="2025-12-18T08:20:22.704" SemaphoreCount="7" /><!-- duration: 0ms -->
  <step title="LockFile &apos;C:\home\site\locks\deployments.lock&apos; acquired" date="2025-12-18T08:20:22.704" /><!-- duration: 0ms -->
  <step title="Creating temporary deployment" date="2025-12-18T08:20:22.720" /><!-- duration: 47ms -->
  <step title="Performing fetch based deployment" date="2025-12-18T08:20:22.767" >
    <step title="Fetching changes." date="2025-12-18T08:20:22.829" /><!-- duration: 16ms -->
    <step title="Starting LocalZipHandler" date="2025-12-18T08:20:22.845" /><!-- duration: 16ms -->
    <step title="Cleaning up temp folders from previous zip deployments and extracting pushed zip file C:\local\Temp\zipdeploy\raz0yhh0.zip (11.91 MB) to C:\local\Temp\zipdeploy\extracted" date="2025-12-18T08:20:22.876" /><!-- duration: 0ms -->
    <step title="Cleaning up temp folders from previous zip deployments and extracting pushed zip file C:\local\Temp\zipdeploy\raz0yhh0.zip (11.91 MB) to C:\local\Temp\zipdeploy\extracted" date="2025-12-18T08:20:22.892" >
      <step title="Extracting 107 entries to C:\local\Temp\zipdeploy\extracted directory" date="2025-12-18T08:20:22.923" >
        <step title="Extracting to C:\local\Temp\zipdeploy\extracted\runtimes\unix\lib\net6.0\Microsoft.Data.SqlClient.dll ..." date="2025-12-18T08:20:22.939" /><!-- duration: 47ms -->
        <step title="Extracting to C:\local\Temp\zipdeploy\extracted\runtimes\unix\lib\net6.0\System.Drawing.Common.dll ..." date="2025-12-18T08:20:22.986" /><!-- duration: 0ms -->
        <step title="Extracting to C:\local\Temp\zipdeploy\extracted\runtimes\win\lib\net6.0\Microsoft.Data.SqlClient.dll ..." date="2025-12-18T08:20:23.001" /><!-- duration: 16ms -->
        <step title="Extracting to C:\local\Temp\zipdeploy\extracted\runtimes\win\lib\net6.0\Microsoft.Win32.SystemEvents.dll ..." date="2025-12-18T08:20:23.017" /><!-- duration: 16ms -->
        <step title="Extracting to C:\local\Temp\zipdeploy\extracted\runtimes\win\lib\net6.0\System.Drawing.Common.dll ..." date="2025-12-18T08:20:23.032" /><!-- duration: 0ms -->
        <step title="Omitting extracting file traces ..." date="2025-12-18T08:20:23.048" /><!-- duration: 0ms -->
      </step><!-- duration: 531ms -->
    </step><!-- duration: 563ms -->
    <step title="Before sending BuildRequestReceived status to /api/updatedeploystatus" date="2025-12-18T08:20:23.454" /><!-- duration: 16ms -->
    <step title="DeploymentManager.Deploy(id:bdb0e5e56ca4415fbc62966537167d36)" date="2025-12-18T08:20:23.470" >
      <step title="Collecting changeset information" date="2025-12-18T08:20:23.501" /><!-- duration: 16ms -->
      <step title="Updating submodules" date="2025-12-18T08:20:23.533" >
        <step title="Updating submodules." date="2025-12-18T08:20:23.579" /><!-- duration: 0ms -->
      </step><!-- duration: 63ms -->
      <step title="Preparing deployment for commit id &apos;bdb0e5e56c&apos;." date="2025-12-18T08:20:23.626" /><!-- duration: 0ms -->
      <step title="Determining deployment builder" date="2025-12-18T08:20:23.673" >
        <step title="Builder is BasicBuilder" date="2025-12-18T08:20:23.673" /><!-- duration: 0ms -->
      </step><!-- duration: 16ms -->
      <step title="Copying SSH keys" date="2025-12-18T08:20:23.704" /><!-- duration: 0ms -->
      <step title="Building" date="2025-12-18T08:20:23.704" >
        <step title="Generating deployment script." date="2025-12-18T08:20:23.751" /><!-- duration: 0ms -->
        <step title="Generating deployment script" date="2025-12-18T08:20:23.767" >
          <step title="Using cached version of the deployment script for command: -y --no-dot-deployment -r &quot;C:\local\Temp\zipdeploy\extracted&quot; -o &quot;C:\home\site\deployments\tools&quot; --basic --sitePath &quot;C:\local\Temp\zipdeploy\extracted&quot;" date="2025-12-18T08:20:23.798" /><!-- duration: 16ms -->
          <step title="Using cached version of deployment script (command: &apos;azure -y --no-dot-deployment -r &quot;C:\local\Temp\zipdeploy\extracted&quot; -o &quot;C:\home\site\deployments\tools&quot; --basic --sitePath &quot;C:\local\Temp\zipdeploy\extracted&quot;&apos;)." date="2025-12-18T08:20:23.814" /><!-- duration: 0ms -->
        </step><!-- duration: 63ms -->
        <step title="Running deployment command..." date="2025-12-18T08:20:23.861" /><!-- duration: 0ms -->
        <step title="Command: &quot;C:\home\site\deployments\tools\deploy.cmd&quot;" date="2025-12-18T08:20:23.876" /><!-- duration: 31ms -->
        <step title="Executing external process" date="2025-12-18T08:20:23.923" type="process" path="starter.cmd" arguments="&quot;C:\home\site\deployments\tools\deploy.cmd&quot;" >
          <step title="Handling Basic Web Site deployment." date="2025-12-18T08:20:24.079" /><!-- duration: 0ms -->
          <step title="Creating app_offline.htm" date="2025-12-18T08:20:26.533" /><!-- duration: 16ms -->
          <step title="KuduSync.NET from: &apos;C:\local\Temp\zipdeploy\extracted&apos; to: &apos;C:\home\site\wwwroot&apos;" date="2025-12-18T08:20:26.548" /><!-- duration: 16ms -->
          <step title="Copying file: &apos;SchoolAiChatbotBackend.dll&apos;" date="2025-12-18T08:20:26.580" /><!-- duration: 0ms -->
          <step title="Copying file: &apos;SchoolAiChatbotBackend.exe&apos;" date="2025-12-18T08:20:26.595" /><!-- duration: 0ms -->
          <step title="Copying file: &apos;SchoolAiChatbotBackend.pdb&apos;" date="2025-12-18T08:20:26.611" /><!-- duration: 0ms -->
          <step title="Deleting app_offline.htm" date="2025-12-18T08:20:26.611" /><!-- duration: 16ms -->
          <step title="Finished successfully." date="2025-12-18T08:20:26.626" /><!-- duration: 0ms -->
        </step><!-- duration: 2719ms -->
        <step title="Running post deployment command(s)..." date="2025-12-18T08:20:26.673" /><!-- duration: 16ms -->
        <step title="Triggering recycle (preview mode disabled)." date="2025-12-18T08:20:26.736" /><!-- duration: 0ms -->
        <step title="Ignoring FS watcher based recycle request as this is a classic Windows app." date="2025-12-18T08:20:26.736" /><!-- duration: 0ms -->
        <step title="Deployment successful. DEPLOYMENTINFO: deploymentPath = ZipDeploy. Extract zip. , deployer = ZipDeploy, os = windows, sku = Free, siteName = smartstudy-api, siteHostName = smartstudy-api-athtbtapcvdjesbe.centralindia-01.azurewebsites.net, deploymentStatus = Success" date="2025-12-18T08:20:26.783" /><!-- duration: 0ms -->
        <step title="Purge deployment items" date="2025-12-18T08:20:27.189" >
          <step title="Remove dfff447f1, Success, received at 12/17/2025 6:42:05 PM" date="2025-12-18T08:20:27.236" /><!-- duration: 0ms -->
        </step><!-- duration: 47ms -->
      </step><!-- duration: 3563ms -->
    </step><!-- duration: 3797ms -->
    <step title="Cleaning up temp files" date="2025-12-18T08:20:27.283" /><!-- duration: 16ms -->
    <step title="Skip function trigger and logicapp sync because function is not enabled." date="2025-12-18T08:20:27.298" /><!-- duration: 0ms -->
  </step><!-- duration: 4578ms -->
  <step title="LockFile &apos;C:\home\site\locks\deployments.lock&apos; released" date="2025-12-18T08:20:27.345" /><!-- duration: 0ms -->
  <step title="Deleting shutdown sentinel file" date="2025-12-18T08:20:27.361" SemaphoreCount="8" /><!-- duration: 0ms -->
</step><!-- duration: 4672ms -->
