﻿<?xml version="1.0" encoding="utf-8"?>
<deployment>
  <id>45aef00af778455a89f647c7b18dba67</id>
  <author>N/A</author>
  <deployer>OneDeploy</deployer>
  <authorEmail>N/A</authorEmail>
  <message>OneDeploy</message>
  <progress></progress>
  <status>Success</status>
  <statusText></statusText>
  <lastSuccessEndTime>2025-12-18T12:39:19.008136Z</lastSuccessEndTime>
  <receivedTime>2025-12-18T12:39:15.0079984Z</receivedTime>
  <startTime>2025-12-18T12:39:15.1329773Z</startTime>
  <endTime>2025-12-18T12:39:19.008136Z</endTime>
  <complete>True</complete>
  <is_temp>False</is_temp>
  <is_readonly>True</is_readonly>
  <project_type>OneDeploy</project_type>
  <vsproject_id></vsproject_id>
</deployment>