﻿<?xml version="1.0" encoding="utf-8"?>
<deployment>
  <id>ddd238a908e5460baacd7415c33502c2</id>
  <author>N/A</author>
  <deployer>OneDeploy</deployer>
  <authorEmail>N/A</authorEmail>
  <message>OneDeploy</message>
  <progress></progress>
  <status>Success</status>
  <statusText></statusText>
  <lastSuccessEndTime>2025-12-19T13:24:22.664135Z</lastSuccessEndTime>
  <receivedTime>2025-12-19T13:24:18.5233617Z</receivedTime>
  <startTime>2025-12-19T13:24:18.6639948Z</startTime>
  <endTime>2025-12-19T13:24:22.664135Z</endTime>
  <complete>True</complete>
  <is_temp>False</is_temp>
  <is_readonly>True</is_readonly>
  <project_type>OneDeploy</project_type>
  <vsproject_id></vsproject_id>
</deployment>