﻿<?xml version="1.0" encoding="utf-8"?>
<deployment>
  <id>1850e0b729734f25b21db54a6f176817</id>
  <author>N/A</author>
  <deployer>OneDeploy</deployer>
  <authorEmail>N/A</authorEmail>
  <message>OneDeploy</message>
  <progress></progress>
  <status>Success</status>
  <statusText></statusText>
  <lastSuccessEndTime>2025-12-19T14:17:47.3979005Z</lastSuccessEndTime>
  <receivedTime>2025-12-19T14:17:43.600939Z</receivedTime>
  <startTime>2025-12-19T14:17:43.7415683Z</startTime>
  <endTime>2025-12-19T14:17:47.3979005Z</endTime>
  <complete>True</complete>
  <is_temp>False</is_temp>
  <is_readonly>True</is_readonly>
  <project_type>OneDeploy</project_type>
  <vsproject_id></vsproject_id>
</deployment>