﻿<?xml version="1.0" encoding="utf-8"?>
<deployment>
  <id>6954cc4db7e740399419d891623cfb1b</id>
  <author>N/A</author>
  <deployer>ZipDeploy</deployer>
  <authorEmail>N/A</authorEmail>
  <message>Created via a push deployment</message>
  <progress></progress>
  <status>Success</status>
  <statusText></statusText>
  <lastSuccessEndTime>2025-12-18T10:37:32.261591Z</lastSuccessEndTime>
  <receivedTime>2025-12-18T10:37:28.8708326Z</receivedTime>
  <startTime>2025-12-18T10:37:28.9958256Z</startTime>
  <endTime>2025-12-18T10:37:32.261591Z</endTime>
  <complete>True</complete>
  <is_temp>False</is_temp>
  <is_readonly>True</is_readonly>
  <project_type>BASIC</project_type>
  <vsproject_id></vsproject_id>
</deployment>