﻿<?xml version="1.0" encoding="utf-8"?>
<deployment>
  <id>12201018e58c41128f17f6766aa13f24</id>
  <author>N/A</author>
  <deployer>OneDeploy</deployer>
  <authorEmail>N/A</authorEmail>
  <message>OneDeploy</message>
  <progress></progress>
  <status>Success</status>
  <statusText></statusText>
  <lastSuccessEndTime>2025-12-14T12:10:58.6341483Z</lastSuccessEndTime>
  <receivedTime>2025-12-14T12:10:54.394758Z</receivedTime>
  <startTime>2025-12-14T12:10:54.5197665Z</startTime>
  <endTime>2025-12-14T12:10:58.6341483Z</endTime>
  <complete>True</complete>
  <is_temp>False</is_temp>
  <is_readonly>True</is_readonly>
  <project_type>OneDeploy</project_type>
  <vsproject_id></vsproject_id>
</deployment>