﻿<?xml version="1.0" encoding="utf-8"?>
<deployment>
  <id>efa0391a1e784995a3b4365f8a3e34f8</id>
  <author>N/A</author>
  <deployer>OneDeploy</deployer>
  <authorEmail>N/A</authorEmail>
  <message>OneDeploy</message>
  <progress></progress>
  <status>Success</status>
  <statusText></statusText>
  <lastSuccessEndTime>2025-12-18T13:51:56.973619Z</lastSuccessEndTime>
  <receivedTime>2025-12-18T13:51:53.0047235Z</receivedTime>
  <startTime>2025-12-18T13:51:53.1453519Z</startTime>
  <endTime>2025-12-18T13:51:56.973619Z</endTime>
  <complete>True</complete>
  <is_temp>False</is_temp>
  <is_readonly>True</is_readonly>
  <project_type>OneDeploy</project_type>
  <vsproject_id></vsproject_id>
</deployment>