{"TimeStamp":"2025-12-18T16:58:26Z","SiteName":"smartstudy-api","RequestId":"bd894f67-dc32-11f0-9462-7404f1536f46","Kind":"ZipDeploy","Status":"Success","Details":"{\"Id\":\"d61f7c80aecf42d8a279f6d5d40f34cd\",\"Status\":4,\"StatusText\":\"\",\"AuthorEmail\":\"N/A\",\"Author\":\"N/A\",\"Message\":\"Created via a push deployment\",\"Progress\":\"\",\"Deployer\":\"ZipDeploy\",\"ReceivedTime\":\"2025-12-18T16:58:23.0135669Z\",\"StartTime\":\"2025-12-18T16:58:23.154173Z\",\"EndTime\":\"2025-12-18T16:58:26.3417914Z\",\"LastSuccessEndTime\":\"2025-12-18T16:58:26.3417914Z\",\"Complete\":true,\"IsTemporary\":false,\"IsReadOnly\":true,\"SiteName\":\"smartstudy-api\",\"HostName\":\"smartstudy-api-athtbtapcvdjesbe.scm.centralindia-01.azurewebsites.net\",\"ProjectType\":\"BASIC\",\"VsProjectId\":null}"}