﻿<?xml version="1.0" encoding="utf-8"?>
<deployment>
  <id>2acad735ea034eeba62a54d46d4d29ed</id>
  <author>N/A</author>
  <deployer>OneDeploy</deployer>
  <authorEmail>N/A</authorEmail>
  <message>OneDeploy</message>
  <progress></progress>
  <status>Success</status>
  <statusText></statusText>
  <lastSuccessEndTime>2025-12-19T13:15:57.8891478Z</lastSuccessEndTime>
  <receivedTime>2025-12-19T13:15:56.1703267Z</receivedTime>
  <startTime>2025-12-19T13:15:56.3422087Z</startTime>
  <endTime>2025-12-19T13:15:57.8891478Z</endTime>
  <complete>True</complete>
  <is_temp>False</is_temp>
  <is_readonly>True</is_readonly>
  <project_type>OneDeploy</project_type>
  <vsproject_id></vsproject_id>
</deployment>