<step title="Incoming Request" date="2025-12-13T15:22:25.171" instance="22a7da" url="/api/publish?async=true&amp;deployer=GITHUB_ONE_DEPLOY&amp;type=zip&amp;message=%7B%22type%22%3A%22deployment%22%2C%22sha%22%3A%226137f8ea8d6d3c669bee8aea64565f53aabb13e0%22%2C%22repoName%22%3A%22sadabyakod%2Fschool-ai-chatbot%22%2C%22actor%22%3A%22sadabyakod%22%2C%22slotName%22%3A%22Production%22%2C%22commitMessage%22%3A%22docs%3A%20Update%20README%20with%20production%20URLs%2C%20mobile%20architecture%2C%20and%20new%20features%22%7D" method="POST" type="request" pid="15740,2,27" Transfer-Encoding="chunked" Content-Type="application/octet-stream" Authorization="Bea..." Cookie="ARRAffinity=22a7daa836b64a8ce56c907737553d08297ff2e76cd06a1f52c29956b9a85c17;Path=/;HttpOnly;Secure;Domain=smartstudy-api-athtbtapcvdjesbe.scm.centralindia-01.azurewebsites.net; ARRAffinitySameSite=22a7daa836b64a8ce56c907737553d08297ff2e76cd06a1f52c29956b9a85c17;Path=/;HttpOnly;SameSite=None;Secure;Domain=smartstudy-api-athtbtapcvdjesbe.scm.centralindia-01.azurewebsites.net" Host="smartstudy-api-athtbtapcvdjesbe.scm.centralindia-01.azurewebsites.net" User-Agent="GITHUBACTIONS_DeployWebAppToAzure_b38e683445ac2cccfa8cd358babf8f5a5158c9572d0969b43cb3c24e61907cfe" X-ARR-LOG-ID="d7f1ee22-435d-48a6-8934-5f5005525905" CLIENT-IP="51.8.152.225:24584" X-SITE-DEPLOYMENT-ID="smartstudy-api" WAS-DEFAULT-HOSTNAME="smartstudy-api-athtbtapcvdjesbe.scm.centralindia-01.azurewebsites.net" X-Forwarded-Proto="https" X-AppService-Proto="https" X-Forwarded-TlsVersion="1.3" X-WAWS-Unencoded-URL="/api/publish?async=true&amp;deployer=GITHUB_ONE_DEPLOY&amp;type=zip&amp;message=%7B%22type%22%3A%22deployment%22%2C%22sha%22%3A%226137f8ea8d6d3c669bee8aea64565f53aabb13e0%22%2C%22repoName%22%3A%22sadabyakod%2Fschool-ai-chatbot%22%2C%22actor%22%3A%22sadabyakod%22%2C%22slotName%22%3A%22Production%22%2C%22commitMessage%22%3A%22docs%3A%20Update%20README%20with%20production%20URLs%2C%20mobile%20architecture%2C%20and%20new%20features%22%7D" >
  <step title="OneDeploy" date="2025-12-13T15:22:25.609" >
    <step title="Starting PushDeployAsync" date="2025-12-13T15:22:25.609" /><!-- duration: 16ms -->
    <step title="Updating shutdown sentinel last write time" date="2025-12-13T15:22:25.624" SemaphoreCount="7" /><!-- duration: 0ms -->
    <step title="LockFile &apos;C:\home\site\locks\deployments.lock&apos; acquired" date="2025-12-13T15:22:25.640" /><!-- duration: 16ms -->
    <step title="Saving request content to C:\local\Temp\zipdeploy\euyzqeul.zip" date="2025-12-13T15:22:25.656" >
      <step title="Total 13,733,376 bytes written to C:\local\Temp\zipdeploy\euyzqeul.zip" date="2025-12-13T15:22:28.531" /><!-- duration: 0ms -->
    </step><!-- duration: 2875ms -->
    <step title="LockFile &apos;C:\home\site\locks\deployments.lock&apos; released" date="2025-12-13T15:22:28.531" /><!-- duration: 16ms -->
    <step title="Deleting shutdown sentinel file" date="2025-12-13T15:22:28.546" SemaphoreCount="8" /><!-- duration: 0ms -->
    <step title="Starting FetchDeploy" date="2025-12-13T15:22:28.562" /><!-- duration: 0ms -->
    <step title="Start deployment in the background" date="2025-12-13T15:22:28.562" /><!-- duration: 63ms -->
  </step><!-- duration: 3016ms -->
  <step title="Outgoing response" date="2025-12-13T15:22:28.624" type="response" statusCode="202" statusText="Accepted" Server="Microsoft-IIS/10.0" x-ms-request-id="d7f1ee22-435d-48a6-8934-5f5005525905" Retry-After="30" Cache-Control="private" X-AspNet-Version="4.0.30319" Location="https://smartstudy-api-athtbtapcvdjesbe.scm.centralindia-01.azurewebsites.net/api/deployments/latest?deployer=OneDeploy&amp;time=2025-12-13_15-22-28Z" /><!-- duration: 0ms -->
</step><!-- duration: 3453ms -->
