<step title="Incoming Request" date="2025-12-13T15:42:19.268" instance="22a7da" url="/api/publish?async=true&amp;deployer=GITHUB_ONE_DEPLOY&amp;type=zip&amp;message=%7B%22type%22%3A%22deployment%22%2C%22sha%22%3A%221bc58741fe654ac63123a333afdc82a4a5807855%22%2C%22repoName%22%3A%22sadabyakod%2Fschool-ai-chatbot%22%2C%22actor%22%3A%22sadabyakod%22%2C%22slotName%22%3A%22Production%22%2C%22commitMessage%22%3A%22feat(frontend)%3A%20Add%20async%20written%20answer%20upload%20with%20polling%20UI%5Cn%5Cn-%20Add%20API%20functions%3A%20submitWrittenAnswers%2C%20pollSubmissionStatus%2C%20getExamResults%5Cn-%20Add%20file%20validation%20(10MB%20max%2C%2020%20files%2C%20jpg%2Fpng%2Fpdf%20only)%5Cn-%20Create%20WrittenExamUpload%20component%20with%20drag-drop%20file%20selection%5Cn-%20Create%20ProcessingStatus%20component%20with%203-second%20polling%5Cn-%20Create%20WrittenExamResult%20component%20for%20detailed%20results%20display%5Cn-%20Add%20Upload%20Written%20Answers%20banner%20to%20ExamHub%5Cn-%20Handle%20409%20duplicate%20submission%20error%20with%20user-friendly%20message%5Cn-%20Match%20backend%20async%20processing%20flow%22%7D" method="POST" type="request" pid="15740,2,106" Transfer-Encoding="chunked" Content-Type="application/octet-stream" Authorization="Bea..." Cookie="ARRAffinity=22a7daa836b64a8ce56c907737553d08297ff2e76cd06a1f52c29956b9a85c17;Path=/;HttpOnly;Secure;Domain=smartstudy-api-athtbtapcvdjesbe.scm.centralindia-01.azurewebsites.net; ARRAffinitySameSite=22a7daa836b64a8ce56c907737553d08297ff2e76cd06a1f52c29956b9a85c17;Path=/;HttpOnly;SameSite=None;Secure;Domain=smartstudy-api-athtbtapcvdjesbe.scm.centralindia-01.azurewebsites.net" Host="smartstudy-api-athtbtapcvdjesbe.scm.centralindia-01.azurewebsites.net" User-Agent="GITHUBACTIONS_DeployWebAppToAzure_b38e683445ac2cccfa8cd358babf8f5a5158c9572d0969b43cb3c24e61907cfe" X-ARR-LOG-ID="cefe3af6-c060-4550-9053-b4949ffca35e" CLIENT-IP="52.159.247.64:27648" X-SITE-DEPLOYMENT-ID="smartstudy-api" WAS-DEFAULT-HOSTNAME="smartstudy-api-athtbtapcvdjesbe.scm.centralindia-01.azurewebsites.net" X-Forwarded-Proto="https" X-AppService-Proto="https" X-Forwarded-TlsVersion="1.3" X-WAWS-Unencoded-URL="/api/publish?async=true&amp;deployer=GITHUB_ONE_DEPLOY&amp;type=zip&amp;message=%7B%22type%22%3A%22deployment%22%2C%22sha%22%3A%221bc58741fe654ac63123a333afdc82a4a5807855%22%2C%22repoName%22%3A%22sadabyakod%2Fschool-ai-chatbot%22%2C%22actor%22%3A%22sadabyakod%22%2C%22slotName%22%3A%22Production%22%2C%22commitMessage%22%3A%22feat(frontend)%3A%20Add%20async%20written%20answer%20upload%20with%20polling%20UI%5Cn%5Cn-%20Add%20API%20functions%3A%20submitWrittenAnswers%2C%20pollSubmissionStatus%2C%20getExamResults%5Cn-%20Add%20file%20validation%20(10MB%20max%2C%2020%20files%2C%20jpg%2Fpng%2Fpdf%20only)%5Cn-%20Create%20WrittenExamUpload%20component%20with%20drag-drop%20file%20selection%5Cn-%20Create%20ProcessingStatus%20component%20with%203-second%20polling%5Cn-%20Create%20WrittenExamResult%20component%20for%20detailed%20results%20display%5Cn-%20Add%20Upload%20Written%20Answers%20banner%20to%20ExamHub%5Cn-%20Handle%20409%20duplicate%20submission%20error%20with%20user-friendly%20message%5Cn-%20Match%20backend%20async%20processing%20flow%22%7D" >
  <step title="OneDeploy" date="2025-12-13T15:42:19.737" >
    <step title="Starting PushDeployAsync" date="2025-12-13T15:42:19.737" /><!-- duration: 0ms -->
    <step title="Updating shutdown sentinel last write time" date="2025-12-13T15:42:19.753" SemaphoreCount="7" /><!-- duration: 0ms -->
    <step title="LockFile &apos;C:\home\site\locks\deployments.lock&apos; acquired" date="2025-12-13T15:42:19.768" /><!-- duration: 0ms -->
    <step title="Saving request content to C:\local\Temp\zipdeploy\ld5vayyj.zip" date="2025-12-13T15:42:19.768" >
      <step title="Total 13,733,370 bytes written to C:\local\Temp\zipdeploy\ld5vayyj.zip" date="2025-12-13T15:42:22.493" /><!-- duration: 0ms -->
    </step><!-- duration: 2741ms -->
    <step title="LockFile &apos;C:\home\site\locks\deployments.lock&apos; released" date="2025-12-13T15:42:22.509" /><!-- duration: 16ms -->
    <step title="Deleting shutdown sentinel file" date="2025-12-13T15:42:22.525" SemaphoreCount="8" /><!-- duration: 0ms -->
    <step title="Starting FetchDeploy" date="2025-12-13T15:42:22.525" /><!-- duration: 16ms -->
    <step title="Start deployment in the background" date="2025-12-13T15:42:22.541" /><!-- duration: 47ms -->
  </step><!-- duration: 2866ms -->
  <step title="Outgoing response" date="2025-12-13T15:42:22.603" type="response" statusCode="202" statusText="Accepted" Server="Microsoft-IIS/10.0" x-ms-request-id="cefe3af6-c060-4550-9053-b4949ffca35e" Retry-After="30" Cache-Control="private" X-AspNet-Version="4.0.30319" Location="https://smartstudy-api-athtbtapcvdjesbe.scm.centralindia-01.azurewebsites.net/api/deployments/latest?deployer=OneDeploy&amp;time=2025-12-13_15-42-22Z" /><!-- duration: 0ms -->
</step><!-- duration: 3335ms -->
