<step title="BackgroundTrace" date="2025-12-13T19:51:54.370" instance="22a7da" url="/api/publish" method="POST" >
  <step title="Updating shutdown sentinel last write time" date="2025-12-13T19:51:54.386" SemaphoreCount="7" /><!-- duration: 0ms -->
  <step title="LockFile &apos;C:\home\site\locks\deployments.lock&apos; acquired" date="2025-12-13T19:51:54.386" /><!-- duration: 16ms -->
  <step title="Creating temporary deployment" date="2025-12-13T19:51:54.402" /><!-- duration: 16ms -->
  <step title="Performing fetch based deployment" date="2025-12-13T19:51:54.433" >
    <step title="Fetching changes." date="2025-12-13T19:51:54.464" /><!-- duration: 16ms -->
    <step title="Starting LocalZipHandler" date="2025-12-13T19:51:54.480" /><!-- duration: 16ms -->
    <step title="Cleaning up temp folders from previous zip deployments and extracting pushed zip file C:\local\Temp\zipdeploy\kvpvjgu4.zip (13.12 MB) to C:\local\Temp\zipdeploy\extracted" date="2025-12-13T19:51:54.511" /><!-- duration: 16ms -->
    <step title="Cleaning up temp folders from previous zip deployments and extracting pushed zip file C:\local\Temp\zipdeploy\kvpvjgu4.zip (13.12 MB) to C:\local\Temp\zipdeploy\extracted" date="2025-12-13T19:51:54.527" >
      <step title="Renaming extractTargetDirectory(C:\local\Temp\zipdeploy\extracted) to tempDirectory(C:\local\Temp\zipdeploy\wn5n0yts.uzj)" date="2025-12-13T19:51:54.527" /><!-- duration: 0ms -->
      <step title="Extracting 115 entries to C:\local\Temp\zipdeploy\extracted directory" date="2025-12-13T19:51:54.542" >
        <step title="Extracting to C:\local\Temp\zipdeploy\extracted\appsettings.json ..." date="2025-12-13T19:51:54.542" /><!-- duration: 16ms -->
        <step title="Extracting to C:\local\Temp\zipdeploy\extracted\appsettings.template.json ..." date="2025-12-13T19:51:54.558" /><!-- duration: 0ms -->
        <step title="Extracting to C:\local\Temp\zipdeploy\extracted\Azure.Core.dll ..." date="2025-12-13T19:51:54.558" /><!-- duration: 16ms -->
        <step title="Extracting to C:\local\Temp\zipdeploy\extracted\Azure.Identity.dll ..." date="2025-12-13T19:51:54.574" /><!-- duration: 16ms -->
        <step title="Extracting to C:\local\Temp\zipdeploy\extracted\Azure.Storage.Blobs.dll ..." date="2025-12-13T19:51:54.589" /><!-- duration: 31ms -->
        <step title="Omitting extracting file traces ..." date="2025-12-13T19:51:54.620" /><!-- duration: 0ms -->
      </step><!-- duration: 531ms -->
    </step><!-- duration: 547ms -->
    <step title="Before sending BuildRequestReceived status to /api/updatedeploystatus" date="2025-12-13T19:51:55.074" /><!-- duration: 16ms -->
    <step title="DeploymentManager.Deploy(id:2a2e018637b446c9bbac7bc2187beaea)" date="2025-12-13T19:51:55.089" >
      <step title="Collecting changeset information" date="2025-12-13T19:51:55.105" /><!-- duration: 31ms -->
      <step title="Updating submodules" date="2025-12-13T19:51:55.136" >
        <step title="Updating submodules." date="2025-12-13T19:51:55.183" /><!-- duration: 0ms -->
      </step><!-- duration: 47ms -->
      <step title="Preparing deployment for commit id &apos;2a2e018637&apos;." date="2025-12-13T19:51:55.245" /><!-- duration: 0ms -->
      <step title="Determining deployment builder" date="2025-12-13T19:51:55.277" >
        <step title="Builder is OneDeployBuilder" date="2025-12-13T19:51:55.277" /><!-- duration: 16ms -->
      </step><!-- duration: 16ms -->
      <step title="Copying SSH keys" date="2025-12-13T19:51:55.308" /><!-- duration: 16ms -->
      <step title="Building" date="2025-12-13T19:51:55.324" >
        <step title="Running build. Project type: OneDeploy" date="2025-12-13T19:51:55.370" /><!-- duration: 0ms -->
        <step title="Copying the manifest" date="2025-12-13T19:51:55.402" /><!-- duration: 16ms -->
        <step title="Clean deploying to C:\home\site\wwwroot" date="2025-12-13T19:51:55.464" /><!-- duration: 0ms -->
        <step title="Generating deployment script." date="2025-12-13T19:51:55.495" /><!-- duration: 16ms -->
        <step title="Generating deployment script" date="2025-12-13T19:51:55.511" >
          <step title="Using cached version of the deployment script for command: -y --no-dot-deployment -r &quot;C:\local\Temp\zipdeploy\extracted&quot; -o &quot;C:\home\site\deployments\tools&quot; --basic --sitePath &quot;C:\local\Temp\zipdeploy\extracted&quot;" date="2025-12-13T19:51:55.527" /><!-- duration: 0ms -->
          <step title="Using cached version of deployment script (command: &apos;azure -y --no-dot-deployment -r &quot;C:\local\Temp\zipdeploy\extracted&quot; -o &quot;C:\home\site\deployments\tools&quot; --basic --sitePath &quot;C:\local\Temp\zipdeploy\extracted&quot;&apos;)." date="2025-12-13T19:51:55.558" /><!-- duration: 0ms -->
        </step><!-- duration: 63ms -->
        <step title="Running deployment command..." date="2025-12-13T19:51:55.605" /><!-- duration: 0ms -->
        <step title="Command: &quot;C:\home\site\deployments\tools\deploy.cmd&quot;" date="2025-12-13T19:51:55.620" /><!-- duration: 0ms -->
        <step title="Executing external process" date="2025-12-13T19:51:55.636" type="process" path="starter.cmd" arguments="&quot;C:\home\site\deployments\tools\deploy.cmd&quot;" >
          <step title="Handling Basic Web Site deployment." date="2025-12-13T19:51:55.761" /><!-- duration: 0ms -->
          <step title="Creating app_offline.htm" date="2025-12-13T19:51:56.339" /><!-- duration: 16ms -->
          <step title="KuduSync.NET from: &apos;C:\local\Temp\zipdeploy\extracted&apos; to: &apos;C:\home\site\wwwroot&apos;" date="2025-12-13T19:51:56.355" /><!-- duration: 16ms -->
          <step title="Deleting file: &apos;logs\app-20251213.log&apos;" date="2025-12-13T19:51:56.371" /><!-- duration: 16ms -->
          <step title="Deleting file: &apos;logs\stdout_20251213194854_18756.log&apos;" date="2025-12-13T19:51:56.386" /><!-- duration: 16ms -->
          <step title="Deleting directory: &apos;logs&apos;" date="2025-12-13T19:51:56.417" /><!-- duration: 0ms -->
          <step title="Copying file: &apos;appsettings.json&apos;" date="2025-12-13T19:51:56.433" /><!-- duration: 0ms -->
          <step title="Copying file: &apos;appsettings.template.json&apos;" date="2025-12-13T19:51:56.449" /><!-- duration: 16ms -->
          <step title="Copying file: &apos;Azure.Core.dll&apos;" date="2025-12-13T19:51:56.464" /><!-- duration: 0ms -->
          <step title="Copying file: &apos;Azure.Identity.dll&apos;" date="2025-12-13T19:51:56.480" /><!-- duration: 0ms -->
          <step title="Copying file: &apos;Azure.Storage.Blobs.dll&apos;" date="2025-12-13T19:51:56.496" /><!-- duration: 0ms -->
          <step title="Copying file: &apos;Azure.Storage.Common.dll&apos;" date="2025-12-13T19:51:56.511" /><!-- duration: 0ms -->
          <step title="Copying file: &apos;Azure.Storage.Queues.dll&apos;" date="2025-12-13T19:51:56.527" /><!-- duration: 0ms -->
          <step title="Copying file: &apos;Google.Api.CommonProtos.dll&apos;" date="2025-12-13T19:51:56.542" /><!-- duration: 0ms -->
          <step title="Copying file: &apos;Google.Api.Gax.dll&apos;" date="2025-12-13T19:51:56.558" /><!-- duration: 0ms -->
          <step title="Copying file: &apos;Google.Api.Gax.Grpc.dll&apos;" date="2025-12-13T19:51:56.574" /><!-- duration: 0ms -->
          <step title="Copying file: &apos;Google.Apis.Auth.dll&apos;" date="2025-12-13T19:51:56.589" /><!-- duration: 0ms -->
          <step title="Copying file: &apos;Google.Apis.Core.dll&apos;" date="2025-12-13T19:51:56.605" /><!-- duration: 0ms -->
          <step title="Copying file: &apos;Google.Apis.dll&apos;" date="2025-12-13T19:51:56.605" /><!-- duration: 16ms -->
          <step title="Copying file: &apos;Google.Cloud.Vision.V1.dll&apos;" date="2025-12-13T19:51:56.621" /><!-- duration: 16ms -->
          <step title="Copying file: &apos;Google.LongRunning.dll&apos;" date="2025-12-13T19:51:56.652" /><!-- duration: 16ms -->
          <step title="Copying file: &apos;Google.Protobuf.dll&apos;" date="2025-12-13T19:51:56.667" /><!-- duration: 16ms -->
          <step title="Copying file: &apos;Grpc.Auth.dll&apos;" date="2025-12-13T19:51:56.699" /><!-- duration: 0ms -->
          <step title="Copying file: &apos;Grpc.Core.Api.dll&apos;" date="2025-12-13T19:51:56.714" /><!-- duration: 0ms -->
          <step title="Copying file: &apos;Grpc.Net.Client.dll&apos;" date="2025-12-13T19:51:56.730" /><!-- duration: 0ms -->
          <step title="Copying file: &apos;Grpc.Net.Common.dll&apos;" date="2025-12-13T19:51:56.746" /><!-- duration: 0ms -->
          <step title="Copying file: &apos;Microsoft.AspNetCore.Authentication.JwtBearer.dll&apos;" date="2025-12-13T19:51:56.761" /><!-- duration: 16ms -->
          <step title="Copying file: &apos;Microsoft.AspNetCore.OpenApi.dll&apos;" date="2025-12-13T19:51:56.792" /><!-- duration: 0ms -->
          <step title="Copying file: &apos;Microsoft.Bcl.AsyncInterfaces.dll&apos;" date="2025-12-13T19:51:56.808" /><!-- duration: 0ms -->
          <step title="Copying file: &apos;Microsoft.Data.SqlClient.dll&apos;" date="2025-12-13T19:51:56.824" /><!-- duration: 0ms -->
          <step title="Copying file: &apos;Microsoft.EntityFrameworkCore.Abstractions.dll&apos;" date="2025-12-13T19:51:56.839" /><!-- duration: 0ms -->
          <step title="Copying file: &apos;Microsoft.EntityFrameworkCore.dll&apos;" date="2025-12-13T19:51:56.855" /><!-- duration: 0ms -->
          <step title="Copying file: &apos;Microsoft.EntityFrameworkCore.InMemory.dll&apos;" date="2025-12-13T19:51:56.871" /><!-- duration: 0ms -->
          <step title="Copying file: &apos;Microsoft.EntityFrameworkCore.Relational.dll&apos;" date="2025-12-13T19:51:56.886" /><!-- duration: 0ms -->
          <step title="Copying file: &apos;Microsoft.EntityFrameworkCore.SqlServer.dll&apos;" date="2025-12-13T19:51:56.902" /><!-- duration: 0ms -->
          <step title="Copying file: &apos;Microsoft.Extensions.Caching.Memory.dll&apos;" date="2025-12-13T19:51:56.917" /><!-- duration: 0ms -->
          <step title="Copying file: &apos;Microsoft.Extensions.DependencyInjection.Abstractions.dll&apos;" date="2025-12-13T19:51:56.933" /><!-- duration: 0ms -->
          <step title="Copying file: &apos;Microsoft.Extensions.DependencyInjection.dll&apos;" date="2025-12-13T19:51:56.949" /><!-- duration: 0ms -->
          <step title="Copying file: &apos;Microsoft.Extensions.DependencyModel.dll&apos;" date="2025-12-13T19:51:56.964" /><!-- duration: 0ms -->
          <step title="Copying file: &apos;Microsoft.Extensions.Logging.Abstractions.dll&apos;" date="2025-12-13T19:51:56.980" /><!-- duration: 0ms -->
          <step title="Copying file: &apos;Microsoft.Extensions.Logging.dll&apos;" date="2025-12-13T19:51:56.996" /><!-- duration: 0ms -->
          <step title="Copying file: &apos;Microsoft.Extensions.Options.dll&apos;" date="2025-12-13T19:51:57.011" /><!-- duration: 16ms -->
          <step title="Copying file: &apos;Microsoft.Identity.Client.dll&apos;" date="2025-12-13T19:51:57.027" /><!-- duration: 16ms -->
          <step title="Copying file: &apos;Microsoft.Identity.Client.Extensions.Msal.dll&apos;" date="2025-12-13T19:51:57.042" /><!-- duration: 16ms -->
          <step title="Copying file: &apos;Microsoft.IdentityModel.Abstractions.dll&apos;" date="2025-12-13T19:51:57.074" /><!-- duration: 0ms -->
          <step title="Copying file: &apos;Microsoft.IdentityModel.JsonWebTokens.dll&apos;" date="2025-12-13T19:51:57.089" /><!-- duration: 0ms -->
          <step title="Copying file: &apos;Microsoft.IdentityModel.Logging.dll&apos;" date="2025-12-13T19:51:57.105" /><!-- duration: 0ms -->
          <step title="Copying file: &apos;Microsoft.IdentityModel.Protocols.dll&apos;" date="2025-12-13T19:51:57.121" /><!-- duration: 0ms -->
          <step title="Copying file: &apos;Microsoft.IdentityModel.Protocols.OpenIdConnect.dll&apos;" date="2025-12-13T19:51:57.136" /><!-- duration: 0ms -->
          <step title="Copying file: &apos;Microsoft.IdentityModel.Tokens.dll&apos;" date="2025-12-13T19:51:57.152" /><!-- duration: 0ms -->
          <step title="Copying file: &apos;Microsoft.OpenApi.dll&apos;" date="2025-12-13T19:51:57.167" /><!-- duration: 0ms -->
          <step title="Omitting next output lines..." date="2025-12-13T19:51:57.183" /><!-- duration: 0ms -->
          <step title="Finished successfully." date="2025-12-13T19:51:58.474" /><!-- duration: 31ms -->
        </step><!-- duration: 2869ms -->
        <step title="Build completed succesfully." date="2025-12-13T19:51:58.537" /><!-- duration: 16ms -->
        <step title="Running post deployment command(s)..." date="2025-12-13T19:51:58.583" /><!-- duration: 0ms -->
        <step title="Requesting site restart" date="2025-12-13T19:51:58.630" /><!-- duration: 0ms -->
        <step title="Requesting site restart" date="2025-12-13T19:51:58.630" /><!-- duration: 16ms -->
        <step title="Requesting site restart. Attempt #1" date="2025-12-13T19:51:58.677" /><!-- duration: 0ms -->
        <step title="Requesting site restart. Attempt #1" date="2025-12-13T19:51:58.693" /><!-- duration: 0ms -->
        <step title="Successfully requested a restart. Attempt #1" date="2025-12-13T19:51:58.818" /><!-- duration: 0ms -->
        <step title="Successfully requested a restart. Attempt #1" date="2025-12-13T19:51:58.818" /><!-- duration: 16ms -->
        <step title="Deployment successful. DEPLOYMENTINFO: deploymentPath = OneDeploy, deployer = OneDeploy, os = windows, sku = Free, siteName = smartstudy-api, siteHostName = smartstudy-api-athtbtapcvdjesbe.centralindia-01.azurewebsites.net, deploymentStatus = Success" date="2025-12-13T19:51:58.865" /><!-- duration: 0ms -->
        <step title="Purge deployment items" date="2025-12-13T19:51:58.959" >
          <step title="Remove a258b2177, Success, received at 12/12/2025 6:58:46 PM" date="2025-12-13T19:51:58.990" /><!-- duration: 0ms -->
        </step><!-- duration: 47ms -->
      </step><!-- duration: 3697ms -->
    </step><!-- duration: 3932ms -->
    <step title="Cleaning up temp files" date="2025-12-13T19:51:59.037" /><!-- duration: 0ms -->
    <step title="Skip function trigger and logicapp sync because function is not enabled." date="2025-12-13T19:51:59.037" /><!-- duration: 16ms -->
  </step><!-- duration: 4651ms -->
  <step title="LockFile &apos;C:\home\site\locks\deployments.lock&apos; released" date="2025-12-13T19:51:59.084" /><!-- duration: 0ms -->
  <step title="Deleting shutdown sentinel file" date="2025-12-13T19:51:59.099" SemaphoreCount="8" /><!-- duration: 0ms -->
</step><!-- duration: 4729ms -->
