<step title="Incoming Request" date="2025-12-14T11:01:09.105" instance="22a7da" url="/api/publish?async=true&amp;deployer=GITHUB_ONE_DEPLOY&amp;type=zip&amp;message=%7B%22type%22%3A%22deployment%22%2C%22sha%22%3A%2238bd374707148ccb4470e104548c4a4e8f8e91b8%22%2C%22repoName%22%3A%22sadabyakod%2Fschool-ai-chatbot%22%2C%22actor%22%3A%22sadabyakod%22%2C%22slotName%22%3A%22Production%22%2C%22commitMessage%22%3A%22Update%20Azure%20OpenAI%20endpoint%20to%20AI%20Foundry%22%7D" method="POST" type="request" pid="16092,2,15" Transfer-Encoding="chunked" Content-Type="application/octet-stream" Authorization="Bea..." Cookie="ARRAffinity=22a7daa836b64a8ce56c907737553d08297ff2e76cd06a1f52c29956b9a85c17;Path=/;HttpOnly;Secure;Domain=smartstudy-api-athtbtapcvdjesbe.scm.centralindia-01.azurewebsites.net; ARRAffinitySameSite=22a7daa836b64a8ce56c907737553d08297ff2e76cd06a1f52c29956b9a85c17;Path=/;HttpOnly;SameSite=None;Secure;Domain=smartstudy-api-athtbtapcvdjesbe.scm.centralindia-01.azurewebsites.net" Host="smartstudy-api-athtbtapcvdjesbe.scm.centralindia-01.azurewebsites.net" User-Agent="GITHUBACTIONS_DeployWebAppToAzure_b38e683445ac2cccfa8cd358babf8f5a5158c9572d0969b43cb3c24e61907cfe" X-ARR-LOG-ID="d52b355e-77c4-40e2-bf4b-3bf5a6f3ba75" CLIENT-IP="52.173.162.96:29696" X-SITE-DEPLOYMENT-ID="smartstudy-api" WAS-DEFAULT-HOSTNAME="smartstudy-api-athtbtapcvdjesbe.scm.centralindia-01.azurewebsites.net" X-Forwarded-Proto="https" X-AppService-Proto="https" X-Forwarded-TlsVersion="1.3" X-WAWS-Unencoded-URL="/api/publish?async=true&amp;deployer=GITHUB_ONE_DEPLOY&amp;type=zip&amp;message=%7B%22type%22%3A%22deployment%22%2C%22sha%22%3A%2238bd374707148ccb4470e104548c4a4e8f8e91b8%22%2C%22repoName%22%3A%22sadabyakod%2Fschool-ai-chatbot%22%2C%22actor%22%3A%22sadabyakod%22%2C%22slotName%22%3A%22Production%22%2C%22commitMessage%22%3A%22Update%20Azure%20OpenAI%20endpoint%20to%20AI%20Foundry%22%7D" >
  <step title="OneDeploy" date="2025-12-14T11:01:09.527" >
    <step title="Starting PushDeployAsync" date="2025-12-14T11:01:09.543" /><!-- duration: 0ms -->
    <step title="Updating shutdown sentinel last write time" date="2025-12-14T11:01:09.574" SemaphoreCount="7" /><!-- duration: 0ms -->
    <step title="LockFile &apos;C:\home\site\locks\deployments.lock&apos; acquired" date="2025-12-14T11:01:09.590" /><!-- duration: 0ms -->
    <step title="Saving request content to C:\local\Temp\zipdeploy\kofha0mt.zip" date="2025-12-14T11:01:09.590" >
      <step title="Total 13,795,950 bytes written to C:\local\Temp\zipdeploy\kofha0mt.zip" date="2025-12-14T11:01:11.871" /><!-- duration: 0ms -->
    </step><!-- duration: 2297ms -->
    <step title="LockFile &apos;C:\home\site\locks\deployments.lock&apos; released" date="2025-12-14T11:01:11.887" /><!-- duration: 0ms -->
    <step title="Deleting shutdown sentinel file" date="2025-12-14T11:01:11.902" SemaphoreCount="8" /><!-- duration: 0ms -->
    <step title="Starting FetchDeploy" date="2025-12-14T11:01:11.902" /><!-- duration: 0ms -->
    <step title="Start deployment in the background" date="2025-12-14T11:01:11.918" /><!-- duration: 47ms -->
  </step><!-- duration: 2453ms -->
  <step title="Outgoing response" date="2025-12-14T11:01:11.981" type="response" statusCode="202" statusText="Accepted" Server="Microsoft-IIS/10.0" x-ms-request-id="d52b355e-77c4-40e2-bf4b-3bf5a6f3ba75" Retry-After="30" Cache-Control="private" X-AspNet-Version="4.0.30319" Location="https://smartstudy-api-athtbtapcvdjesbe.scm.centralindia-01.azurewebsites.net/api/deployments/latest?deployer=OneDeploy&amp;time=2025-12-14_11-01-11Z" /><!-- duration: 0ms -->
</step><!-- duration: 2875ms -->
