<step title="Incoming Request" date="2025-12-14T11:19:11.033" instance="22a7da" url="/api/publish?async=true&amp;deployer=GITHUB_ONE_DEPLOY&amp;type=zip&amp;message=%7B%22type%22%3A%22deployment%22%2C%22sha%22%3A%22f03868617615626b028b5256a9b00dd4c24db8e2%22%2C%22repoName%22%3A%22sadabyakod%2Fschool-ai-chatbot%22%2C%22actor%22%3A%22sadabyakod%22%2C%22slotName%22%3A%22Production%22%2C%22commitMessage%22%3A%22Update%20prompts%20to%20fallback%20to%20general%20knowledge%20when%20syllabus%20data%20unavailable%22%7D" method="POST" type="request" pid="17132,2,77" Transfer-Encoding="chunked" Content-Type="application/octet-stream" Authorization="Bea..." Cookie="ARRAffinity=22a7daa836b64a8ce56c907737553d08297ff2e76cd06a1f52c29956b9a85c17;Path=/;HttpOnly;Secure;Domain=smartstudy-api-athtbtapcvdjesbe.scm.centralindia-01.azurewebsites.net; ARRAffinitySameSite=22a7daa836b64a8ce56c907737553d08297ff2e76cd06a1f52c29956b9a85c17;Path=/;HttpOnly;SameSite=None;Secure;Domain=smartstudy-api-athtbtapcvdjesbe.scm.centralindia-01.azurewebsites.net" Host="smartstudy-api-athtbtapcvdjesbe.scm.centralindia-01.azurewebsites.net" User-Agent="GITHUBACTIONS_DeployWebAppToAzure_b38e683445ac2cccfa8cd358babf8f5a5158c9572d0969b43cb3c24e61907cfe" X-ARR-LOG-ID="90254c7a-0303-449a-8f61-ec3839d80912" CLIENT-IP="64.236.161.34:22536" X-SITE-DEPLOYMENT-ID="smartstudy-api" WAS-DEFAULT-HOSTNAME="smartstudy-api-athtbtapcvdjesbe.scm.centralindia-01.azurewebsites.net" X-Forwarded-Proto="https" X-AppService-Proto="https" X-Forwarded-TlsVersion="1.3" X-WAWS-Unencoded-URL="/api/publish?async=true&amp;deployer=GITHUB_ONE_DEPLOY&amp;type=zip&amp;message=%7B%22type%22%3A%22deployment%22%2C%22sha%22%3A%22f03868617615626b028b5256a9b00dd4c24db8e2%22%2C%22repoName%22%3A%22sadabyakod%2Fschool-ai-chatbot%22%2C%22actor%22%3A%22sadabyakod%22%2C%22slotName%22%3A%22Production%22%2C%22commitMessage%22%3A%22Update%20prompts%20to%20fallback%20to%20general%20knowledge%20when%20syllabus%20data%20unavailable%22%7D" >
  <step title="OneDeploy" date="2025-12-14T11:19:11.455" >
    <step title="Starting PushDeployAsync" date="2025-12-14T11:19:11.471" /><!-- duration: 0ms -->
    <step title="Updating shutdown sentinel last write time" date="2025-12-14T11:19:11.486" SemaphoreCount="7" /><!-- duration: 0ms -->
    <step title="LockFile &apos;C:\home\site\locks\deployments.lock&apos; acquired" date="2025-12-14T11:19:11.502" /><!-- duration: 0ms -->
    <step title="Saving request content to C:\local\Temp\zipdeploy\pll54ygp.zip" date="2025-12-14T11:19:11.502" >
      <step title="Total 13,796,198 bytes written to C:\local\Temp\zipdeploy\pll54ygp.zip" date="2025-12-14T11:19:14.065" /><!-- duration: 0ms -->
    </step><!-- duration: 2563ms -->
    <step title="LockFile &apos;C:\home\site\locks\deployments.lock&apos; released" date="2025-12-14T11:19:14.081" /><!-- duration: 0ms -->
    <step title="Deleting shutdown sentinel file" date="2025-12-14T11:19:14.096" SemaphoreCount="8" /><!-- duration: 0ms -->
    <step title="Starting FetchDeploy" date="2025-12-14T11:19:14.096" /><!-- duration: 16ms -->
    <step title="Start deployment in the background" date="2025-12-14T11:19:14.112" /><!-- duration: 63ms -->
  </step><!-- duration: 2719ms -->
  <step title="Outgoing response" date="2025-12-14T11:19:14.190" type="response" statusCode="202" statusText="Accepted" Server="Microsoft-IIS/10.0" x-ms-request-id="90254c7a-0303-449a-8f61-ec3839d80912" Retry-After="30" Cache-Control="private" X-AspNet-Version="4.0.30319" Location="https://smartstudy-api-athtbtapcvdjesbe.scm.centralindia-01.azurewebsites.net/api/deployments/latest?deployer=OneDeploy&amp;time=2025-12-14_11-19-14Z" /><!-- duration: 0ms -->
</step><!-- duration: 3157ms -->
