<step title="BackgroundTrace" date="2025-12-14T15:07:38.487" instance="22a7da" url="/api/publish" method="POST" >
  <step title="Updating shutdown sentinel last write time" date="2025-12-14T15:07:38.503" SemaphoreCount="7" /><!-- duration: 0ms -->
  <step title="LockFile &apos;C:\home\site\locks\deployments.lock&apos; acquired" date="2025-12-14T15:07:38.503" /><!-- duration: 16ms -->
  <step title="Creating temporary deployment" date="2025-12-14T15:07:38.519" /><!-- duration: 31ms -->
  <step title="Performing fetch based deployment" date="2025-12-14T15:07:38.566" >
    <step title="Fetching changes." date="2025-12-14T15:07:38.612" /><!-- duration: 31ms -->
    <step title="Starting LocalZipHandler" date="2025-12-14T15:07:38.644" /><!-- duration: 0ms -->
    <step title="Cleaning up temp folders from previous zip deployments and extracting pushed zip file C:\local\Temp\zipdeploy\eis4uu15.zip (13.16 MB) to C:\local\Temp\zipdeploy\extracted" date="2025-12-14T15:07:38.675" /><!-- duration: 0ms -->
    <step title="Cleaning up temp folders from previous zip deployments and extracting pushed zip file C:\local\Temp\zipdeploy\eis4uu15.zip (13.16 MB) to C:\local\Temp\zipdeploy\extracted" date="2025-12-14T15:07:38.691" >
      <step title="Renaming extractTargetDirectory(C:\local\Temp\zipdeploy\extracted) to tempDirectory(C:\local\Temp\zipdeploy\izn4umrj.keb)" date="2025-12-14T15:07:38.691" /><!-- duration: 0ms -->
      <step title="Extracting 115 entries to C:\local\Temp\zipdeploy\extracted directory" date="2025-12-14T15:07:38.706" >
        <step title="Extracting to C:\local\Temp\zipdeploy\extracted\appsettings.json ..." date="2025-12-14T15:07:38.722" /><!-- duration: 0ms -->
        <step title="Extracting to C:\local\Temp\zipdeploy\extracted\appsettings.template.json ..." date="2025-12-14T15:07:38.737" /><!-- duration: 0ms -->
        <step title="Extracting to C:\local\Temp\zipdeploy\extracted\Azure.Core.dll ..." date="2025-12-14T15:07:38.737" /><!-- duration: 16ms -->
        <step title="Extracting to C:\local\Temp\zipdeploy\extracted\Azure.Identity.dll ..." date="2025-12-14T15:07:38.753" /><!-- duration: 16ms -->
        <step title="Extracting to C:\local\Temp\zipdeploy\extracted\Azure.Storage.Blobs.dll ..." date="2025-12-14T15:07:38.769" /><!-- duration: 16ms -->
        <step title="Omitting extracting file traces ..." date="2025-12-14T15:07:38.800" /><!-- duration: 0ms -->
      </step><!-- duration: 547ms -->
    </step><!-- duration: 563ms -->
    <step title="Before sending BuildRequestReceived status to /api/updatedeploystatus" date="2025-12-14T15:07:39.269" /><!-- duration: 0ms -->
    <step title="DeploymentManager.Deploy(id:29ae4cd134824f54bfc8d65574f02cf7)" date="2025-12-14T15:07:39.269" >
      <step title="Collecting changeset information" date="2025-12-14T15:07:39.284" /><!-- duration: 31ms -->
      <step title="Updating submodules" date="2025-12-14T15:07:39.316" >
        <step title="Updating submodules." date="2025-12-14T15:07:39.347" /><!-- duration: 16ms -->
      </step><!-- duration: 47ms -->
      <step title="Preparing deployment for commit id &apos;29ae4cd134&apos;." date="2025-12-14T15:07:39.409" /><!-- duration: 0ms -->
      <step title="Determining deployment builder" date="2025-12-14T15:07:39.441" >
        <step title="Builder is OneDeployBuilder" date="2025-12-14T15:07:39.441" /><!-- duration: 16ms -->
      </step><!-- duration: 16ms -->
      <step title="Copying SSH keys" date="2025-12-14T15:07:39.472" /><!-- duration: 16ms -->
      <step title="Building" date="2025-12-14T15:07:39.487" >
        <step title="Running build. Project type: OneDeploy" date="2025-12-14T15:07:39.519" /><!-- duration: 16ms -->
        <step title="Copying the manifest" date="2025-12-14T15:07:39.566" /><!-- duration: 0ms -->
        <step title="Clean deploying to C:\home\site\wwwroot" date="2025-12-14T15:07:39.612" /><!-- duration: 0ms -->
        <step title="Generating deployment script." date="2025-12-14T15:07:39.644" /><!-- duration: 16ms -->
        <step title="Generating deployment script" date="2025-12-14T15:07:39.659" >
          <step title="Using cached version of the deployment script for command: -y --no-dot-deployment -r &quot;C:\local\Temp\zipdeploy\extracted&quot; -o &quot;C:\home\site\deployments\tools&quot; --basic --sitePath &quot;C:\local\Temp\zipdeploy\extracted&quot;" date="2025-12-14T15:07:39.675" /><!-- duration: 0ms -->
          <step title="Using cached version of deployment script (command: &apos;azure -y --no-dot-deployment -r &quot;C:\local\Temp\zipdeploy\extracted&quot; -o &quot;C:\home\site\deployments\tools&quot; --basic --sitePath &quot;C:\local\Temp\zipdeploy\extracted&quot;&apos;)." date="2025-12-14T15:07:39.691" /><!-- duration: 16ms -->
        </step><!-- duration: 47ms -->
        <step title="Running deployment command..." date="2025-12-14T15:07:39.737" /><!-- duration: 0ms -->
        <step title="Command: &quot;C:\home\site\deployments\tools\deploy.cmd&quot;" date="2025-12-14T15:07:39.753" /><!-- duration: 0ms -->
        <step title="Executing external process" date="2025-12-14T15:07:39.753" type="process" path="starter.cmd" arguments="&quot;C:\home\site\deployments\tools\deploy.cmd&quot;" >
          <step title="Handling Basic Web Site deployment." date="2025-12-14T15:07:39.941" /><!-- duration: 0ms -->
          <step title="Creating app_offline.htm" date="2025-12-14T15:07:40.472" /><!-- duration: 0ms -->
          <step title="KuduSync.NET from: &apos;C:\local\Temp\zipdeploy\extracted&apos; to: &apos;C:\home\site\wwwroot&apos;" date="2025-12-14T15:07:40.503" /><!-- duration: 0ms -->
          <step title="Deleting file: &apos;logs\app-20251214.log&apos;" date="2025-12-14T15:07:40.519" /><!-- duration: 0ms -->
          <step title="Deleting file: &apos;logs\stdout_20251214133803_10404.log&apos;" date="2025-12-14T15:07:40.519" /><!-- duration: 16ms -->
          <step title="Deleting file: &apos;logs\stdout_20251214143700_2712.log&apos;" date="2025-12-14T15:07:40.534" /><!-- duration: 0ms -->
          <step title="Deleting directory: &apos;logs&apos;" date="2025-12-14T15:07:40.550" /><!-- duration: 0ms -->
          <step title="Copying file: &apos;appsettings.json&apos;" date="2025-12-14T15:07:40.566" /><!-- duration: 0ms -->
          <step title="Copying file: &apos;appsettings.template.json&apos;" date="2025-12-14T15:07:40.581" /><!-- duration: 0ms -->
          <step title="Copying file: &apos;Azure.Core.dll&apos;" date="2025-12-14T15:07:40.597" /><!-- duration: 0ms -->
          <step title="Copying file: &apos;Azure.Identity.dll&apos;" date="2025-12-14T15:07:40.597" /><!-- duration: 16ms -->
          <step title="Copying file: &apos;Azure.Storage.Blobs.dll&apos;" date="2025-12-14T15:07:40.612" /><!-- duration: 0ms -->
          <step title="Copying file: &apos;Azure.Storage.Common.dll&apos;" date="2025-12-14T15:07:40.628" /><!-- duration: 0ms -->
          <step title="Copying file: &apos;Azure.Storage.Queues.dll&apos;" date="2025-12-14T15:07:40.644" /><!-- duration: 0ms -->
          <step title="Copying file: &apos;Google.Api.CommonProtos.dll&apos;" date="2025-12-14T15:07:40.644" /><!-- duration: 16ms -->
          <step title="Copying file: &apos;Google.Api.Gax.dll&apos;" date="2025-12-14T15:07:40.659" /><!-- duration: 16ms -->
          <step title="Copying file: &apos;Google.Api.Gax.Grpc.dll&apos;" date="2025-12-14T15:07:40.675" /><!-- duration: 16ms -->
          <step title="Copying file: &apos;Google.Apis.Auth.dll&apos;" date="2025-12-14T15:07:40.706" /><!-- duration: 0ms -->
          <step title="Copying file: &apos;Google.Apis.Core.dll&apos;" date="2025-12-14T15:07:40.722" /><!-- duration: 0ms -->
          <step title="Copying file: &apos;Google.Apis.dll&apos;" date="2025-12-14T15:07:40.722" /><!-- duration: 16ms -->
          <step title="Copying file: &apos;Google.Cloud.Vision.V1.dll&apos;" date="2025-12-14T15:07:40.737" /><!-- duration: 0ms -->
          <step title="Copying file: &apos;Google.LongRunning.dll&apos;" date="2025-12-14T15:07:40.753" /><!-- duration: 0ms -->
          <step title="Copying file: &apos;Google.Protobuf.dll&apos;" date="2025-12-14T15:07:40.769" /><!-- duration: 0ms -->
          <step title="Copying file: &apos;Grpc.Auth.dll&apos;" date="2025-12-14T15:07:40.784" /><!-- duration: 16ms -->
          <step title="Copying file: &apos;Grpc.Core.Api.dll&apos;" date="2025-12-14T15:07:40.800" /><!-- duration: 0ms -->
          <step title="Copying file: &apos;Grpc.Net.Client.dll&apos;" date="2025-12-14T15:07:40.816" /><!-- duration: 0ms -->
          <step title="Copying file: &apos;Grpc.Net.Common.dll&apos;" date="2025-12-14T15:07:40.831" /><!-- duration: 0ms -->
          <step title="Copying file: &apos;Microsoft.AspNetCore.Authentication.JwtBearer.dll&apos;" date="2025-12-14T15:07:40.847" /><!-- duration: 0ms -->
          <step title="Copying file: &apos;Microsoft.AspNetCore.OpenApi.dll&apos;" date="2025-12-14T15:07:40.862" /><!-- duration: 0ms -->
          <step title="Copying file: &apos;Microsoft.Bcl.AsyncInterfaces.dll&apos;" date="2025-12-14T15:07:40.862" /><!-- duration: 16ms -->
          <step title="Copying file: &apos;Microsoft.Data.SqlClient.dll&apos;" date="2025-12-14T15:07:40.878" /><!-- duration: 16ms -->
          <step title="Copying file: &apos;Microsoft.EntityFrameworkCore.Abstractions.dll&apos;" date="2025-12-14T15:07:40.894" /><!-- duration: 0ms -->
          <step title="Copying file: &apos;Microsoft.EntityFrameworkCore.dll&apos;" date="2025-12-14T15:07:40.909" /><!-- duration: 0ms -->
          <step title="Copying file: &apos;Microsoft.EntityFrameworkCore.InMemory.dll&apos;" date="2025-12-14T15:07:40.925" /><!-- duration: 16ms -->
          <step title="Copying file: &apos;Microsoft.EntityFrameworkCore.Relational.dll&apos;" date="2025-12-14T15:07:40.941" /><!-- duration: 0ms -->
          <step title="Copying file: &apos;Microsoft.EntityFrameworkCore.SqlServer.dll&apos;" date="2025-12-14T15:07:40.956" /><!-- duration: 0ms -->
          <step title="Copying file: &apos;Microsoft.Extensions.Caching.Memory.dll&apos;" date="2025-12-14T15:07:40.972" /><!-- duration: 0ms -->
          <step title="Copying file: &apos;Microsoft.Extensions.DependencyInjection.Abstractions.dll&apos;" date="2025-12-14T15:07:40.987" /><!-- duration: 0ms -->
          <step title="Copying file: &apos;Microsoft.Extensions.DependencyInjection.dll&apos;" date="2025-12-14T15:07:41.003" /><!-- duration: 0ms -->
          <step title="Copying file: &apos;Microsoft.Extensions.DependencyModel.dll&apos;" date="2025-12-14T15:07:41.019" /><!-- duration: 0ms -->
          <step title="Copying file: &apos;Microsoft.Extensions.Logging.Abstractions.dll&apos;" date="2025-12-14T15:07:41.019" /><!-- duration: 16ms -->
          <step title="Copying file: &apos;Microsoft.Extensions.Logging.dll&apos;" date="2025-12-14T15:07:41.034" /><!-- duration: 16ms -->
          <step title="Copying file: &apos;Microsoft.Extensions.Options.dll&apos;" date="2025-12-14T15:07:41.050" /><!-- duration: 0ms -->
          <step title="Copying file: &apos;Microsoft.Identity.Client.dll&apos;" date="2025-12-14T15:07:41.066" /><!-- duration: 0ms -->
          <step title="Copying file: &apos;Microsoft.Identity.Client.Extensions.Msal.dll&apos;" date="2025-12-14T15:07:41.081" /><!-- duration: 0ms -->
          <step title="Copying file: &apos;Microsoft.IdentityModel.Abstractions.dll&apos;" date="2025-12-14T15:07:41.081" /><!-- duration: 16ms -->
          <step title="Copying file: &apos;Microsoft.IdentityModel.JsonWebTokens.dll&apos;" date="2025-12-14T15:07:41.097" /><!-- duration: 0ms -->
          <step title="Copying file: &apos;Microsoft.IdentityModel.Logging.dll&apos;" date="2025-12-14T15:07:41.112" /><!-- duration: 0ms -->
          <step title="Copying file: &apos;Microsoft.IdentityModel.Protocols.dll&apos;" date="2025-12-14T15:07:41.144" /><!-- duration: 0ms -->
          <step title="Copying file: &apos;Microsoft.IdentityModel.Protocols.OpenIdConnect.dll&apos;" date="2025-12-14T15:07:41.159" /><!-- duration: 0ms -->
          <step title="Copying file: &apos;Microsoft.IdentityModel.Tokens.dll&apos;" date="2025-12-14T15:07:41.175" /><!-- duration: 0ms -->
          <step title="Omitting next output lines..." date="2025-12-14T15:07:41.175" /><!-- duration: 16ms -->
          <step title="Finished successfully." date="2025-12-14T15:07:43.754" /><!-- duration: 0ms -->
        </step><!-- duration: 4001ms -->
        <step title="Build completed succesfully." date="2025-12-14T15:07:43.801" /><!-- duration: 0ms -->
        <step title="Running post deployment command(s)..." date="2025-12-14T15:07:43.832" /><!-- duration: 0ms -->
        <step title="Requesting site restart" date="2025-12-14T15:07:43.895" /><!-- duration: 0ms -->
        <step title="Requesting site restart" date="2025-12-14T15:07:43.895" /><!-- duration: 16ms -->
        <step title="Requesting site restart. Attempt #1" date="2025-12-14T15:07:43.942" /><!-- duration: 0ms -->
        <step title="Requesting site restart. Attempt #1" date="2025-12-14T15:07:43.957" /><!-- duration: 0ms -->
        <step title="Successfully requested a restart. Attempt #1" date="2025-12-14T15:07:44.176" /><!-- duration: 16ms -->
        <step title="Successfully requested a restart. Attempt #1" date="2025-12-14T15:07:44.192" /><!-- duration: 0ms -->
        <step title="Deployment successful. DEPLOYMENTINFO: deploymentPath = OneDeploy, deployer = OneDeploy, os = windows, sku = Free, siteName = smartstudy-api, siteHostName = smartstudy-api-athtbtapcvdjesbe.centralindia-01.azurewebsites.net, deploymentStatus = Success" date="2025-12-14T15:07:44.223" /><!-- duration: 16ms -->
        <step title="Purge deployment items" date="2025-12-14T15:07:44.317" >
          <step title="Remove c7f14cb46, Success, received at 12/14/2025 9:40:27 AM" date="2025-12-14T15:07:44.363" /><!-- duration: 0ms -->
        </step><!-- duration: 47ms -->
      </step><!-- duration: 4892ms -->
    </step><!-- duration: 5126ms -->
    <step title="Cleaning up temp files" date="2025-12-14T15:07:44.395" /><!-- duration: 0ms -->
    <step title="Skip function trigger and logicapp sync because function is not enabled." date="2025-12-14T15:07:44.410" /><!-- duration: 0ms -->
  </step><!-- duration: 5876ms -->
  <step title="LockFile &apos;C:\home\site\locks\deployments.lock&apos; released" date="2025-12-14T15:07:44.442" /><!-- duration: 16ms -->
  <step title="Deleting shutdown sentinel file" date="2025-12-14T15:07:44.457" SemaphoreCount="8" /><!-- duration: 0ms -->
</step><!-- duration: 5985ms -->
