<step title="BackgroundTrace" date="2025-12-14T15:39:37.127" instance="22a7da" url="/api/publish" method="POST" >
  <step title="Updating shutdown sentinel last write time" date="2025-12-14T15:39:37.127" SemaphoreCount="7" /><!-- duration: 16ms -->
  <step title="LockFile &apos;C:\home\site\locks\deployments.lock&apos; acquired" date="2025-12-14T15:39:37.143" /><!-- duration: 0ms -->
  <step title="Creating temporary deployment" date="2025-12-14T15:39:37.159" /><!-- duration: 16ms -->
  <step title="Performing fetch based deployment" date="2025-12-14T15:39:37.174" >
    <step title="Fetching changes." date="2025-12-14T15:39:37.221" /><!-- duration: 31ms -->
    <step title="Starting LocalZipHandler" date="2025-12-14T15:39:37.252" /><!-- duration: 0ms -->
    <step title="Cleaning up temp folders from previous zip deployments and extracting pushed zip file C:\local\Temp\zipdeploy\phv1qwld.zip (13.16 MB) to C:\local\Temp\zipdeploy\extracted" date="2025-12-14T15:39:37.284" /><!-- duration: 0ms -->
    <step title="Cleaning up temp folders from previous zip deployments and extracting pushed zip file C:\local\Temp\zipdeploy\phv1qwld.zip (13.16 MB) to C:\local\Temp\zipdeploy\extracted" date="2025-12-14T15:39:37.299" >
      <step title="Renaming extractTargetDirectory(C:\local\Temp\zipdeploy\extracted) to tempDirectory(C:\local\Temp\zipdeploy\11pjanwe.kju)" date="2025-12-14T15:39:37.299" /><!-- duration: 0ms -->
      <step title="Extracting 115 entries to C:\local\Temp\zipdeploy\extracted directory" date="2025-12-14T15:39:37.315" >
        <step title="Extracting to C:\local\Temp\zipdeploy\extracted\appsettings.json ..." date="2025-12-14T15:39:37.315" /><!-- duration: 0ms -->
        <step title="Extracting to C:\local\Temp\zipdeploy\extracted\Azure.Core.dll ..." date="2025-12-14T15:39:37.331" /><!-- duration: 0ms -->
        <step title="Extracting to C:\local\Temp\zipdeploy\extracted\appsettings.template.json ..." date="2025-12-14T15:39:37.346" /><!-- duration: 0ms -->
        <step title="Extracting to C:\local\Temp\zipdeploy\extracted\Azure.Identity.dll ..." date="2025-12-14T15:39:37.346" /><!-- duration: 16ms -->
        <step title="Extracting to C:\local\Temp\zipdeploy\extracted\Azure.Storage.Blobs.dll ..." date="2025-12-14T15:39:37.362" /><!-- duration: 31ms -->
        <step title="Omitting extracting file traces ..." date="2025-12-14T15:39:37.393" /><!-- duration: 0ms -->
      </step><!-- duration: 563ms -->
    </step><!-- duration: 578ms -->
    <step title="Before sending BuildRequestReceived status to /api/updatedeploystatus" date="2025-12-14T15:39:37.893" /><!-- duration: 0ms -->
    <step title="DeploymentManager.Deploy(id:1a6db7e02bab4fca864594006aef852e)" date="2025-12-14T15:39:37.893" >
      <step title="Collecting changeset information" date="2025-12-14T15:39:37.909" /><!-- duration: 31ms -->
      <step title="Updating submodules" date="2025-12-14T15:39:37.956" >
        <step title="Updating submodules." date="2025-12-14T15:39:37.987" /><!-- duration: 0ms -->
      </step><!-- duration: 31ms -->
      <step title="Preparing deployment for commit id &apos;1a6db7e02b&apos;." date="2025-12-14T15:39:38.034" /><!-- duration: 0ms -->
      <step title="Determining deployment builder" date="2025-12-14T15:39:38.081" >
        <step title="Builder is OneDeployBuilder" date="2025-12-14T15:39:38.081" /><!-- duration: 0ms -->
      </step><!-- duration: 16ms -->
      <step title="Copying SSH keys" date="2025-12-14T15:39:38.112" /><!-- duration: 0ms -->
      <step title="Building" date="2025-12-14T15:39:38.112" >
        <step title="Running build. Project type: OneDeploy" date="2025-12-14T15:39:38.159" /><!-- duration: 0ms -->
        <step title="Copying the manifest" date="2025-12-14T15:39:38.190" /><!-- duration: 16ms -->
        <step title="Clean deploying to C:\home\site\wwwroot" date="2025-12-14T15:39:38.252" /><!-- duration: 0ms -->
        <step title="Generating deployment script." date="2025-12-14T15:39:38.284" /><!-- duration: 0ms -->
        <step title="Generating deployment script" date="2025-12-14T15:39:38.299" >
          <step title="Using cached version of the deployment script for command: -y --no-dot-deployment -r &quot;C:\local\Temp\zipdeploy\extracted&quot; -o &quot;C:\home\site\deployments\tools&quot; --basic --sitePath &quot;C:\local\Temp\zipdeploy\extracted&quot;" date="2025-12-14T15:39:38.299" /><!-- duration: 16ms -->
          <step title="Using cached version of deployment script (command: &apos;azure -y --no-dot-deployment -r &quot;C:\local\Temp\zipdeploy\extracted&quot; -o &quot;C:\home\site\deployments\tools&quot; --basic --sitePath &quot;C:\local\Temp\zipdeploy\extracted&quot;&apos;)." date="2025-12-14T15:39:38.331" /><!-- duration: 0ms -->
        </step><!-- duration: 31ms -->
        <step title="Running deployment command..." date="2025-12-14T15:39:38.377" /><!-- duration: 16ms -->
        <step title="Command: &quot;C:\home\site\deployments\tools\deploy.cmd&quot;" date="2025-12-14T15:39:38.393" /><!-- duration: 0ms -->
        <step title="Executing external process" date="2025-12-14T15:39:38.409" type="process" path="starter.cmd" arguments="&quot;C:\home\site\deployments\tools\deploy.cmd&quot;" >
          <step title="Handling Basic Web Site deployment." date="2025-12-14T15:39:38.549" /><!-- duration: 0ms -->
          <step title="Creating app_offline.htm" date="2025-12-14T15:39:39.112" /><!-- duration: 16ms -->
          <step title="KuduSync.NET from: &apos;C:\local\Temp\zipdeploy\extracted&apos; to: &apos;C:\home\site\wwwroot&apos;" date="2025-12-14T15:39:39.127" /><!-- duration: 0ms -->
          <step title="Deleting file: &apos;logs\app-20251214.log&apos;" date="2025-12-14T15:39:39.143" /><!-- duration: 0ms -->
          <step title="Deleting file: &apos;logs\stdout_20251214150839_17340.log&apos;" date="2025-12-14T15:39:39.159" /><!-- duration: 0ms -->
          <step title="Deleting directory: &apos;logs&apos;" date="2025-12-14T15:39:39.174" /><!-- duration: 0ms -->
          <step title="Copying file: &apos;appsettings.json&apos;" date="2025-12-14T15:39:39.174" /><!-- duration: 16ms -->
          <step title="Copying file: &apos;appsettings.template.json&apos;" date="2025-12-14T15:39:39.190" /><!-- duration: 16ms -->
          <step title="Copying file: &apos;Azure.Core.dll&apos;" date="2025-12-14T15:39:39.237" /><!-- duration: 0ms -->
          <step title="Copying file: &apos;Azure.Identity.dll&apos;" date="2025-12-14T15:39:39.253" /><!-- duration: 0ms -->
          <step title="Copying file: &apos;Azure.Storage.Blobs.dll&apos;" date="2025-12-14T15:39:39.268" /><!-- duration: 0ms -->
          <step title="Copying file: &apos;Azure.Storage.Common.dll&apos;" date="2025-12-14T15:39:39.268" /><!-- duration: 16ms -->
          <step title="Copying file: &apos;Azure.Storage.Queues.dll&apos;" date="2025-12-14T15:39:39.284" /><!-- duration: 16ms -->
          <step title="Copying file: &apos;Google.Api.CommonProtos.dll&apos;" date="2025-12-14T15:39:39.299" /><!-- duration: 0ms -->
          <step title="Copying file: &apos;Google.Api.Gax.dll&apos;" date="2025-12-14T15:39:39.315" /><!-- duration: 0ms -->
          <step title="Copying file: &apos;Google.Api.Gax.Grpc.dll&apos;" date="2025-12-14T15:39:39.331" /><!-- duration: 0ms -->
          <step title="Copying file: &apos;Google.Apis.Auth.dll&apos;" date="2025-12-14T15:39:39.346" /><!-- duration: 0ms -->
          <step title="Copying file: &apos;Google.Apis.Core.dll&apos;" date="2025-12-14T15:39:39.362" /><!-- duration: 0ms -->
          <step title="Copying file: &apos;Google.Apis.dll&apos;" date="2025-12-14T15:39:39.378" /><!-- duration: 0ms -->
          <step title="Copying file: &apos;Google.Cloud.Vision.V1.dll&apos;" date="2025-12-14T15:39:39.378" /><!-- duration: 0ms -->
          <step title="Copying file: &apos;Google.LongRunning.dll&apos;" date="2025-12-14T15:39:39.393" /><!-- duration: 0ms -->
          <step title="Copying file: &apos;Google.Protobuf.dll&apos;" date="2025-12-14T15:39:39.409" /><!-- duration: 0ms -->
          <step title="Copying file: &apos;Grpc.Auth.dll&apos;" date="2025-12-14T15:39:39.424" /><!-- duration: 0ms -->
          <step title="Copying file: &apos;Grpc.Core.Api.dll&apos;" date="2025-12-14T15:39:39.424" /><!-- duration: 16ms -->
          <step title="Copying file: &apos;Grpc.Net.Client.dll&apos;" date="2025-12-14T15:39:39.440" /><!-- duration: 31ms -->
          <step title="Copying file: &apos;Grpc.Net.Common.dll&apos;" date="2025-12-14T15:39:39.471" /><!-- duration: 0ms -->
          <step title="Copying file: &apos;Microsoft.AspNetCore.Authentication.JwtBearer.dll&apos;" date="2025-12-14T15:39:39.487" /><!-- duration: 0ms -->
          <step title="Copying file: &apos;Microsoft.AspNetCore.OpenApi.dll&apos;" date="2025-12-14T15:39:39.503" /><!-- duration: 0ms -->
          <step title="Copying file: &apos;Microsoft.Bcl.AsyncInterfaces.dll&apos;" date="2025-12-14T15:39:39.518" /><!-- duration: 0ms -->
          <step title="Copying file: &apos;Microsoft.Data.SqlClient.dll&apos;" date="2025-12-14T15:39:39.518" /><!-- duration: 16ms -->
          <step title="Copying file: &apos;Microsoft.EntityFrameworkCore.Abstractions.dll&apos;" date="2025-12-14T15:39:39.534" /><!-- duration: 16ms -->
          <step title="Copying file: &apos;Microsoft.EntityFrameworkCore.dll&apos;" date="2025-12-14T15:39:39.549" /><!-- duration: 16ms -->
          <step title="Copying file: &apos;Microsoft.EntityFrameworkCore.InMemory.dll&apos;" date="2025-12-14T15:39:39.565" /><!-- duration: 16ms -->
          <step title="Copying file: &apos;Microsoft.EntityFrameworkCore.Relational.dll&apos;" date="2025-12-14T15:39:39.581" /><!-- duration: 16ms -->
          <step title="Copying file: &apos;Microsoft.EntityFrameworkCore.SqlServer.dll&apos;" date="2025-12-14T15:39:39.596" /><!-- duration: 0ms -->
          <step title="Copying file: &apos;Microsoft.Extensions.Caching.Memory.dll&apos;" date="2025-12-14T15:39:39.612" /><!-- duration: 0ms -->
          <step title="Copying file: &apos;Microsoft.Extensions.DependencyInjection.Abstractions.dll&apos;" date="2025-12-14T15:39:39.628" /><!-- duration: 0ms -->
          <step title="Copying file: &apos;Microsoft.Extensions.DependencyInjection.dll&apos;" date="2025-12-14T15:39:39.628" /><!-- duration: 0ms -->
          <step title="Copying file: &apos;Microsoft.Extensions.DependencyModel.dll&apos;" date="2025-12-14T15:39:39.643" /><!-- duration: 0ms -->
          <step title="Copying file: &apos;Microsoft.Extensions.Logging.Abstractions.dll&apos;" date="2025-12-14T15:39:39.659" /><!-- duration: 0ms -->
          <step title="Copying file: &apos;Microsoft.Extensions.Logging.dll&apos;" date="2025-12-14T15:39:39.674" /><!-- duration: 0ms -->
          <step title="Copying file: &apos;Microsoft.Extensions.Options.dll&apos;" date="2025-12-14T15:39:39.674" /><!-- duration: 16ms -->
          <step title="Copying file: &apos;Microsoft.Identity.Client.dll&apos;" date="2025-12-14T15:39:39.690" /><!-- duration: 0ms -->
          <step title="Copying file: &apos;Microsoft.Identity.Client.Extensions.Msal.dll&apos;" date="2025-12-14T15:39:39.706" /><!-- duration: 0ms -->
          <step title="Copying file: &apos;Microsoft.IdentityModel.Abstractions.dll&apos;" date="2025-12-14T15:39:39.721" /><!-- duration: 0ms -->
          <step title="Copying file: &apos;Microsoft.IdentityModel.JsonWebTokens.dll&apos;" date="2025-12-14T15:39:39.721" /><!-- duration: 16ms -->
          <step title="Copying file: &apos;Microsoft.IdentityModel.Logging.dll&apos;" date="2025-12-14T15:39:39.737" /><!-- duration: 0ms -->
          <step title="Copying file: &apos;Microsoft.IdentityModel.Protocols.dll&apos;" date="2025-12-14T15:39:39.753" /><!-- duration: 0ms -->
          <step title="Copying file: &apos;Microsoft.IdentityModel.Protocols.OpenIdConnect.dll&apos;" date="2025-12-14T15:39:39.768" /><!-- duration: 0ms -->
          <step title="Copying file: &apos;Microsoft.IdentityModel.Tokens.dll&apos;" date="2025-12-14T15:39:39.768" /><!-- duration: 16ms -->
          <step title="Copying file: &apos;Microsoft.OpenApi.dll&apos;" date="2025-12-14T15:39:39.784" /><!-- duration: 0ms -->
          <step title="Omitting next output lines..." date="2025-12-14T15:39:39.799" /><!-- duration: 0ms -->
          <step title="Finished successfully." date="2025-12-14T15:39:41.315" /><!-- duration: 0ms -->
        </step><!-- duration: 2906ms -->
        <step title="Build completed succesfully." date="2025-12-14T15:39:41.362" /><!-- duration: 0ms -->
        <step title="Running post deployment command(s)..." date="2025-12-14T15:39:41.393" /><!-- duration: 0ms -->
        <step title="Requesting site restart" date="2025-12-14T15:39:41.440" /><!-- duration: 16ms -->
        <step title="Requesting site restart" date="2025-12-14T15:39:41.456" /><!-- duration: 0ms -->
        <step title="Requesting site restart. Attempt #1" date="2025-12-14T15:39:41.487" /><!-- duration: 16ms -->
        <step title="Requesting site restart. Attempt #1" date="2025-12-14T15:39:41.503" /><!-- duration: 0ms -->
        <step title="Successfully requested a restart. Attempt #1" date="2025-12-14T15:39:41.721" /><!-- duration: 16ms -->
        <step title="Successfully requested a restart. Attempt #1" date="2025-12-14T15:39:41.737" /><!-- duration: 16ms -->
        <step title="Deployment successful. DEPLOYMENTINFO: deploymentPath = OneDeploy, deployer = OneDeploy, os = windows, sku = Free, siteName = smartstudy-api, siteHostName = smartstudy-api-athtbtapcvdjesbe.centralindia-01.azurewebsites.net, deploymentStatus = Success" date="2025-12-14T15:39:41.784" /><!-- duration: 0ms -->
        <step title="Purge deployment items" date="2025-12-14T15:39:41.862" >
          <step title="Remove 3f6d5c8bc, Success, received at 12/14/2025 11:01:12 AM" date="2025-12-14T15:39:41.909" /><!-- duration: 0ms -->
        </step><!-- duration: 62ms -->
      </step><!-- duration: 3828ms -->
    </step><!-- duration: 4063ms -->
    <step title="Cleaning up temp files" date="2025-12-14T15:39:41.971" /><!-- duration: 0ms -->
    <step title="Skip function trigger and logicapp sync because function is not enabled." date="2025-12-14T15:39:41.987" /><!-- duration: 0ms -->
  </step><!-- duration: 4844ms -->
  <step title="LockFile &apos;C:\home\site\locks\deployments.lock&apos; released" date="2025-12-14T15:39:42.034" /><!-- duration: 0ms -->
  <step title="Deleting shutdown sentinel file" date="2025-12-14T15:39:42.034" SemaphoreCount="8" /><!-- duration: 16ms -->
</step><!-- duration: 4922ms -->
