<step title="Incoming Request" date="2025-12-13T17:21:44.420" instance="22a7da" url="/api/publish?async=true&amp;deployer=GITHUB_ONE_DEPLOY&amp;type=zip&amp;message=%7B%22type%22%3A%22deployment%22%2C%22sha%22%3A%226fe79db1ad4f40328a25d7e0d81770114d3cb530%22%2C%22repoName%22%3A%22sadabyakod%2Fschool-ai-chatbot%22%2C%22actor%22%3A%22sadabyakod%22%2C%22slotName%22%3A%22Production%22%2C%22commitMessage%22%3A%22Merge%20branch%20%27main%27%20of%20https%3A%2F%2Fgithub.com%2Fsadabyakod%2Fschool-ai-chatbot%22%7D" method="POST" type="request" pid="19240,2,8" Transfer-Encoding="chunked" Content-Type="application/octet-stream" Authorization="Bea..." Cookie="ARRAffinity=22a7daa836b64a8ce56c907737553d08297ff2e76cd06a1f52c29956b9a85c17;Path=/;HttpOnly;Secure;Domain=smartstudy-api-athtbtapcvdjesbe.scm.centralindia-01.azurewebsites.net; ARRAffinitySameSite=22a7daa836b64a8ce56c907737553d08297ff2e76cd06a1f52c29956b9a85c17;Path=/;HttpOnly;SameSite=None;Secure;Domain=smartstudy-api-athtbtapcvdjesbe.scm.centralindia-01.azurewebsites.net" Host="smartstudy-api-athtbtapcvdjesbe.scm.centralindia-01.azurewebsites.net" User-Agent="GITHUBACTIONS_DeployWebAppToAzure_b38e683445ac2cccfa8cd358babf8f5a5158c9572d0969b43cb3c24e61907cfe" X-ARR-LOG-ID="6b1ad72d-a64f-4dd2-af0a-efe336ffb3b7" CLIENT-IP="20.55.87.145:18440" X-SITE-DEPLOYMENT-ID="smartstudy-api" WAS-DEFAULT-HOSTNAME="smartstudy-api-athtbtapcvdjesbe.scm.centralindia-01.azurewebsites.net" X-Forwarded-Proto="https" X-AppService-Proto="https" X-Forwarded-TlsVersion="1.3" X-WAWS-Unencoded-URL="/api/publish?async=true&amp;deployer=GITHUB_ONE_DEPLOY&amp;type=zip&amp;message=%7B%22type%22%3A%22deployment%22%2C%22sha%22%3A%226fe79db1ad4f40328a25d7e0d81770114d3cb530%22%2C%22repoName%22%3A%22sadabyakod%2Fschool-ai-chatbot%22%2C%22actor%22%3A%22sadabyakod%22%2C%22slotName%22%3A%22Production%22%2C%22commitMessage%22%3A%22Merge%20branch%20%27main%27%20of%20https%3A%2F%2Fgithub.com%2Fsadabyakod%2Fschool-ai-chatbot%22%7D" >
  <step title="OneDeploy" date="2025-12-13T17:21:44.889" >
    <step title="Starting PushDeployAsync" date="2025-12-13T17:21:44.905" /><!-- duration: 16ms -->
    <step title="Updating shutdown sentinel last write time" date="2025-12-13T17:21:44.951" SemaphoreCount="7" /><!-- duration: 0ms -->
    <step title="LockFile &apos;C:\home\site\locks\deployments.lock&apos; acquired" date="2025-12-13T17:21:44.951" /><!-- duration: 16ms -->
    <step title="Saving request content to C:\local\Temp\zipdeploy\e3zp1zr5.zip" date="2025-12-13T17:21:44.967" >
      <step title="Total 13,733,371 bytes written to C:\local\Temp\zipdeploy\e3zp1zr5.zip" date="2025-12-13T17:21:47.092" /><!-- duration: 16ms -->
    </step><!-- duration: 2141ms -->
    <step title="LockFile &apos;C:\home\site\locks\deployments.lock&apos; released" date="2025-12-13T17:21:47.108" /><!-- duration: 16ms -->
    <step title="Deleting shutdown sentinel file" date="2025-12-13T17:21:47.123" SemaphoreCount="8" /><!-- duration: 0ms -->
    <step title="Starting FetchDeploy" date="2025-12-13T17:21:47.139" /><!-- duration: 0ms -->
    <step title="Start deployment in the background" date="2025-12-13T17:21:47.139" /><!-- duration: 78ms -->
  </step><!-- duration: 2344ms -->
  <step title="Outgoing response" date="2025-12-13T17:21:47.233" type="response" statusCode="202" statusText="Accepted" Server="Microsoft-IIS/10.0" x-ms-request-id="6b1ad72d-a64f-4dd2-af0a-efe336ffb3b7" Retry-After="30" Cache-Control="private" X-AspNet-Version="4.0.30319" Location="https://smartstudy-api-athtbtapcvdjesbe.scm.centralindia-01.azurewebsites.net/api/deployments/latest?deployer=OneDeploy&amp;time=2025-12-13_17-21-47Z" /><!-- duration: 0ms -->
</step><!-- duration: 2828ms -->
