<step title="BackgroundTrace" date="2025-12-13T17:21:47.155" instance="22a7da" url="/api/publish" method="POST" >
  <step title="Updating shutdown sentinel last write time" date="2025-12-13T17:21:47.155" SemaphoreCount="7" /><!-- duration: 16ms -->
  <step title="LockFile &apos;C:\home\site\locks\deployments.lock&apos; acquired" date="2025-12-13T17:21:47.170" /><!-- duration: 0ms -->
  <step title="Creating temporary deployment" date="2025-12-13T17:21:47.170" /><!-- duration: 47ms -->
  <step title="Performing fetch based deployment" date="2025-12-13T17:21:47.233" >
    <step title="Fetching changes." date="2025-12-13T17:21:47.295" /><!-- duration: 16ms -->
    <step title="Starting LocalZipHandler" date="2025-12-13T17:21:47.311" /><!-- duration: 0ms -->
    <step title="Cleaning up temp folders from previous zip deployments and extracting pushed zip file C:\local\Temp\zipdeploy\e3zp1zr5.zip (13.10 MB) to C:\local\Temp\zipdeploy\extracted" date="2025-12-13T17:21:47.342" /><!-- duration: 0ms -->
    <step title="Cleaning up temp folders from previous zip deployments and extracting pushed zip file C:\local\Temp\zipdeploy\e3zp1zr5.zip (13.10 MB) to C:\local\Temp\zipdeploy\extracted" date="2025-12-13T17:21:47.358" >
      <step title="Renaming extractTargetDirectory(C:\local\Temp\zipdeploy\extracted) to tempDirectory(C:\local\Temp\zipdeploy\pe5adeyh.dto)" date="2025-12-13T17:21:47.358" /><!-- duration: 0ms -->
      <step title="Extracting 115 entries to C:\local\Temp\zipdeploy\extracted directory" date="2025-12-13T17:21:47.373" >
        <step title="Extracting to C:\local\Temp\zipdeploy\extracted\appsettings.json ..." date="2025-12-13T17:21:47.373" /><!-- duration: 16ms -->
        <step title="Extracting to C:\local\Temp\zipdeploy\extracted\Azure.Core.dll ..." date="2025-12-13T17:21:47.405" /><!-- duration: 0ms -->
        <step title="Extracting to C:\local\Temp\zipdeploy\extracted\appsettings.template.json ..." date="2025-12-13T17:21:47.420" /><!-- duration: 0ms -->
        <step title="Extracting to C:\local\Temp\zipdeploy\extracted\Azure.Identity.dll ..." date="2025-12-13T17:21:47.420" /><!-- duration: 16ms -->
        <step title="Extracting to C:\local\Temp\zipdeploy\extracted\Azure.Storage.Blobs.dll ..." date="2025-12-13T17:21:47.436" /><!-- duration: 16ms -->
        <step title="Omitting extracting file traces ..." date="2025-12-13T17:21:47.467" /><!-- duration: 0ms -->
      </step><!-- duration: 578ms -->
    </step><!-- duration: 594ms -->
    <step title="Before sending BuildRequestReceived status to /api/updatedeploystatus" date="2025-12-13T17:21:47.952" /><!-- duration: 16ms -->
    <step title="DeploymentManager.Deploy(id:97acb5c0357a4d278aa19e522577ae29)" date="2025-12-13T17:21:47.967" >
      <step title="Collecting changeset information" date="2025-12-13T17:21:47.983" /><!-- duration: 31ms -->
      <step title="Updating submodules" date="2025-12-13T17:21:48.014" >
        <step title="Updating submodules." date="2025-12-13T17:21:48.061" /><!-- duration: 0ms -->
      </step><!-- duration: 47ms -->
      <step title="Preparing deployment for commit id &apos;97acb5c035&apos;." date="2025-12-13T17:21:48.108" /><!-- duration: 0ms -->
      <step title="Determining deployment builder" date="2025-12-13T17:21:48.155" >
        <step title="Builder is OneDeployBuilder" date="2025-12-13T17:21:48.155" /><!-- duration: 16ms -->
      </step><!-- duration: 16ms -->
      <step title="Copying SSH keys" date="2025-12-13T17:21:48.186" /><!-- duration: 16ms -->
      <step title="Building" date="2025-12-13T17:21:48.202" >
        <step title="Running build. Project type: OneDeploy" date="2025-12-13T17:21:48.233" /><!-- duration: 0ms -->
        <step title="Copying the manifest" date="2025-12-13T17:21:48.280" /><!-- duration: 0ms -->
        <step title="Clean deploying to C:\home\site\wwwroot" date="2025-12-13T17:21:48.327" /><!-- duration: 0ms -->
        <step title="Generating deployment script." date="2025-12-13T17:21:48.373" /><!-- duration: 0ms -->
        <step title="Generating deployment script" date="2025-12-13T17:21:48.373" >
          <step title="Using cached version of the deployment script for command: -y --no-dot-deployment -r &quot;C:\local\Temp\zipdeploy\extracted&quot; -o &quot;C:\home\site\deployments\tools&quot; --basic --sitePath &quot;C:\local\Temp\zipdeploy\extracted&quot;" date="2025-12-13T17:21:48.389" /><!-- duration: 16ms -->
          <step title="Using cached version of deployment script (command: &apos;azure -y --no-dot-deployment -r &quot;C:\local\Temp\zipdeploy\extracted&quot; -o &quot;C:\home\site\deployments\tools&quot; --basic --sitePath &quot;C:\local\Temp\zipdeploy\extracted&quot;&apos;)." date="2025-12-13T17:21:48.420" /><!-- duration: 0ms -->
        </step><!-- duration: 62ms -->
        <step title="Running deployment command..." date="2025-12-13T17:21:48.467" /><!-- duration: 0ms -->
        <step title="Command: &quot;C:\home\site\deployments\tools\deploy.cmd&quot;" date="2025-12-13T17:21:48.483" /><!-- duration: 0ms -->
        <step title="Executing external process" date="2025-12-13T17:21:48.498" type="process" path="starter.cmd" arguments="&quot;C:\home\site\deployments\tools\deploy.cmd&quot;" >
          <step title="Handling Basic Web Site deployment." date="2025-12-13T17:21:48.639" /><!-- duration: 0ms -->
          <step title="Creating app_offline.htm" date="2025-12-13T17:21:49.217" /><!-- duration: 0ms -->
          <step title="KuduSync.NET from: &apos;C:\local\Temp\zipdeploy\extracted&apos; to: &apos;C:\home\site\wwwroot&apos;" date="2025-12-13T17:21:49.233" /><!-- duration: 0ms -->
          <step title="Deleting file: &apos;logs\app-20251213.log&apos;" date="2025-12-13T17:21:49.248" /><!-- duration: 0ms -->
          <step title="Deleting file: &apos;logs\stdout_20251213161103_18152.log&apos;" date="2025-12-13T17:21:49.264" /><!-- duration: 0ms -->
          <step title="Deleting file: &apos;logs\stdout_20251213165320_12864.log&apos;" date="2025-12-13T17:21:49.280" /><!-- duration: 0ms -->
          <step title="Deleting directory: &apos;logs&apos;" date="2025-12-13T17:21:49.280" /><!-- duration: 16ms -->
          <step title="Copying file: &apos;appsettings.json&apos;" date="2025-12-13T17:21:49.295" /><!-- duration: 16ms -->
          <step title="Copying file: &apos;appsettings.template.json&apos;" date="2025-12-13T17:21:49.311" /><!-- duration: 0ms -->
          <step title="Copying file: &apos;Azure.Core.dll&apos;" date="2025-12-13T17:21:49.327" /><!-- duration: 0ms -->
          <step title="Copying file: &apos;Azure.Identity.dll&apos;" date="2025-12-13T17:21:49.342" /><!-- duration: 0ms -->
          <step title="Copying file: &apos;Azure.Storage.Blobs.dll&apos;" date="2025-12-13T17:21:49.358" /><!-- duration: 0ms -->
          <step title="Copying file: &apos;Azure.Storage.Common.dll&apos;" date="2025-12-13T17:21:49.358" /><!-- duration: 16ms -->
          <step title="Copying file: &apos;Azure.Storage.Queues.dll&apos;" date="2025-12-13T17:21:49.373" /><!-- duration: 0ms -->
          <step title="Copying file: &apos;Google.Api.CommonProtos.dll&apos;" date="2025-12-13T17:21:49.389" /><!-- duration: 0ms -->
          <step title="Copying file: &apos;Google.Api.Gax.dll&apos;" date="2025-12-13T17:21:49.405" /><!-- duration: 0ms -->
          <step title="Copying file: &apos;Google.Api.Gax.Grpc.dll&apos;" date="2025-12-13T17:21:49.420" /><!-- duration: 0ms -->
          <step title="Copying file: &apos;Google.Apis.Auth.dll&apos;" date="2025-12-13T17:21:49.420" /><!-- duration: 16ms -->
          <step title="Copying file: &apos;Google.Apis.Core.dll&apos;" date="2025-12-13T17:21:49.436" /><!-- duration: 0ms -->
          <step title="Copying file: &apos;Google.Apis.dll&apos;" date="2025-12-13T17:21:49.452" /><!-- duration: 0ms -->
          <step title="Copying file: &apos;Google.Cloud.Vision.V1.dll&apos;" date="2025-12-13T17:21:49.467" /><!-- duration: 0ms -->
          <step title="Copying file: &apos;Google.LongRunning.dll&apos;" date="2025-12-13T17:21:49.467" /><!-- duration: 16ms -->
          <step title="Copying file: &apos;Google.Protobuf.dll&apos;" date="2025-12-13T17:21:49.483" /><!-- duration: 0ms -->
          <step title="Copying file: &apos;Grpc.Auth.dll&apos;" date="2025-12-13T17:21:49.498" /><!-- duration: 0ms -->
          <step title="Copying file: &apos;Grpc.Core.Api.dll&apos;" date="2025-12-13T17:21:49.514" /><!-- duration: 0ms -->
          <step title="Copying file: &apos;Grpc.Net.Client.dll&apos;" date="2025-12-13T17:21:49.514" /><!-- duration: 16ms -->
          <step title="Copying file: &apos;Grpc.Net.Common.dll&apos;" date="2025-12-13T17:21:49.530" /><!-- duration: 16ms -->
          <step title="Copying file: &apos;Microsoft.AspNetCore.Authentication.JwtBearer.dll&apos;" date="2025-12-13T17:21:49.561" /><!-- duration: 0ms -->
          <step title="Copying file: &apos;Microsoft.AspNetCore.OpenApi.dll&apos;" date="2025-12-13T17:21:49.577" /><!-- duration: 0ms -->
          <step title="Copying file: &apos;Microsoft.Bcl.AsyncInterfaces.dll&apos;" date="2025-12-13T17:21:49.577" /><!-- duration: 16ms -->
          <step title="Copying file: &apos;Microsoft.Data.SqlClient.dll&apos;" date="2025-12-13T17:21:49.592" /><!-- duration: 0ms -->
          <step title="Copying file: &apos;Microsoft.EntityFrameworkCore.Abstractions.dll&apos;" date="2025-12-13T17:21:49.608" /><!-- duration: 0ms -->
          <step title="Copying file: &apos;Microsoft.EntityFrameworkCore.dll&apos;" date="2025-12-13T17:21:49.623" /><!-- duration: 0ms -->
          <step title="Copying file: &apos;Microsoft.EntityFrameworkCore.InMemory.dll&apos;" date="2025-12-13T17:21:49.623" /><!-- duration: 0ms -->
          <step title="Copying file: &apos;Microsoft.EntityFrameworkCore.Relational.dll&apos;" date="2025-12-13T17:21:49.639" /><!-- duration: 0ms -->
          <step title="Copying file: &apos;Microsoft.EntityFrameworkCore.SqlServer.dll&apos;" date="2025-12-13T17:21:49.655" /><!-- duration: 15ms -->
          <step title="Copying file: &apos;Microsoft.Extensions.Caching.Memory.dll&apos;" date="2025-12-13T17:21:49.670" /><!-- duration: 16ms -->
          <step title="Copying file: &apos;Microsoft.Extensions.DependencyInjection.Abstractions.dll&apos;" date="2025-12-13T17:21:49.686" /><!-- duration: 0ms -->
          <step title="Copying file: &apos;Microsoft.Extensions.DependencyInjection.dll&apos;" date="2025-12-13T17:21:49.702" /><!-- duration: 0ms -->
          <step title="Copying file: &apos;Microsoft.Extensions.DependencyModel.dll&apos;" date="2025-12-13T17:21:49.717" /><!-- duration: 0ms -->
          <step title="Copying file: &apos;Microsoft.Extensions.Logging.Abstractions.dll&apos;" date="2025-12-13T17:21:49.717" /><!-- duration: 0ms -->
          <step title="Copying file: &apos;Microsoft.Extensions.Logging.dll&apos;" date="2025-12-13T17:21:49.733" /><!-- duration: 0ms -->
          <step title="Copying file: &apos;Microsoft.Extensions.Options.dll&apos;" date="2025-12-13T17:21:49.748" /><!-- duration: 0ms -->
          <step title="Copying file: &apos;Microsoft.Identity.Client.dll&apos;" date="2025-12-13T17:21:49.764" /><!-- duration: 0ms -->
          <step title="Copying file: &apos;Microsoft.Identity.Client.Extensions.Msal.dll&apos;" date="2025-12-13T17:21:49.780" /><!-- duration: 0ms -->
          <step title="Copying file: &apos;Microsoft.IdentityModel.Abstractions.dll&apos;" date="2025-12-13T17:21:49.795" /><!-- duration: 0ms -->
          <step title="Copying file: &apos;Microsoft.IdentityModel.JsonWebTokens.dll&apos;" date="2025-12-13T17:21:49.811" /><!-- duration: 0ms -->
          <step title="Copying file: &apos;Microsoft.IdentityModel.Logging.dll&apos;" date="2025-12-13T17:21:49.811" /><!-- duration: 16ms -->
          <step title="Copying file: &apos;Microsoft.IdentityModel.Protocols.dll&apos;" date="2025-12-13T17:21:49.827" /><!-- duration: 0ms -->
          <step title="Copying file: &apos;Microsoft.IdentityModel.Protocols.OpenIdConnect.dll&apos;" date="2025-12-13T17:21:49.842" /><!-- duration: 0ms -->
          <step title="Copying file: &apos;Microsoft.IdentityModel.Tokens.dll&apos;" date="2025-12-13T17:21:49.858" /><!-- duration: 0ms -->
          <step title="Omitting next output lines..." date="2025-12-13T17:21:49.873" /><!-- duration: 0ms -->
          <step title="Finished successfully." date="2025-12-13T17:21:52.452" /><!-- duration: 0ms -->
        </step><!-- duration: 3969ms -->
        <step title="Build completed succesfully." date="2025-12-13T17:21:52.499" /><!-- duration: 0ms -->
        <step title="Running post deployment command(s)..." date="2025-12-13T17:21:52.530" /><!-- duration: 0ms -->
        <step title="Requesting site restart" date="2025-12-13T17:21:52.577" /><!-- duration: 0ms -->
        <step title="Requesting site restart" date="2025-12-13T17:21:52.592" /><!-- duration: 0ms -->
        <step title="Requesting site restart. Attempt #1" date="2025-12-13T17:21:52.624" /><!-- duration: 16ms -->
        <step title="Requesting site restart. Attempt #1" date="2025-12-13T17:21:52.639" /><!-- duration: 0ms -->
        <step title="Successfully requested a restart. Attempt #1" date="2025-12-13T17:21:52.952" /><!-- duration: 0ms -->
        <step title="Successfully requested a restart. Attempt #1" date="2025-12-13T17:21:52.967" /><!-- duration: 0ms -->
        <step title="Deployment successful. DEPLOYMENTINFO: deploymentPath = OneDeploy, deployer = OneDeploy, os = windows, sku = Free, siteName = smartstudy-api, siteHostName = smartstudy-api-athtbtapcvdjesbe.centralindia-01.azurewebsites.net, deploymentStatus = Success" date="2025-12-13T17:21:53.014" /><!-- duration: 0ms -->
        <step title="Purge deployment items" date="2025-12-13T17:21:53.092" >
          <step title="Remove 327d7ccef, Success, received at 12/12/2025 6:23:27 PM" date="2025-12-13T17:21:53.139" /><!-- duration: 16ms -->
        </step><!-- duration: 63ms -->
      </step><!-- duration: 4969ms -->
    </step><!-- duration: 5203ms -->
    <step title="Cleaning up temp files" date="2025-12-13T17:21:53.186" /><!-- duration: 0ms -->
    <step title="Skip function trigger and logicapp sync because function is not enabled." date="2025-12-13T17:21:53.202" /><!-- duration: 0ms -->
  </step><!-- duration: 6000ms -->
  <step title="LockFile &apos;C:\home\site\locks\deployments.lock&apos; released" date="2025-12-13T17:21:53.249" /><!-- duration: 0ms -->
  <step title="Deleting shutdown sentinel file" date="2025-12-13T17:21:53.249" SemaphoreCount="8" /><!-- duration: 0ms -->
</step><!-- duration: 6110ms -->
