<step title="BackgroundTrace" date="2025-12-13T10:33:21.428" instance="22a7da" url="/api/publish" method="POST" >
  <step title="Updating shutdown sentinel last write time" date="2025-12-13T10:33:21.444" SemaphoreCount="7" /><!-- duration: 0ms -->
  <step title="LockFile &apos;C:\home\site\locks\deployments.lock&apos; acquired" date="2025-12-13T10:33:21.444" /><!-- duration: 0ms -->
  <step title="Creating temporary deployment" date="2025-12-13T10:33:21.459" /><!-- duration: 47ms -->
  <step title="Performing fetch based deployment" date="2025-12-13T10:33:21.506" >
    <step title="Fetching changes." date="2025-12-13T10:33:21.553" /><!-- duration: 16ms -->
    <step title="Starting LocalZipHandler" date="2025-12-13T10:33:21.584" /><!-- duration: 0ms -->
    <step title="Cleaning up temp folders from previous zip deployments and extracting pushed zip file C:\local\Temp\zipdeploy\fsqwp052.zip (12.90 MB) to C:\local\Temp\zipdeploy\extracted" date="2025-12-13T10:33:21.616" /><!-- duration: 0ms -->
    <step title="Cleaning up temp folders from previous zip deployments and extracting pushed zip file C:\local\Temp\zipdeploy\fsqwp052.zip (12.90 MB) to C:\local\Temp\zipdeploy\extracted" date="2025-12-13T10:33:21.616" >
      <step title="Extracting 114 entries to C:\local\Temp\zipdeploy\extracted directory" date="2025-12-13T10:33:21.631" >
        <step title="Extracting to C:\local\Temp\zipdeploy\extracted\appsettings.json ..." date="2025-12-13T10:33:21.631" /><!-- duration: 16ms -->
        <step title="Extracting to C:\local\Temp\zipdeploy\extracted\appsettings.template.json ..." date="2025-12-13T10:33:21.647" /><!-- duration: 16ms -->
        <step title="Extracting to C:\local\Temp\zipdeploy\extracted\Azure.Core.dll ..." date="2025-12-13T10:33:21.663" /><!-- duration: 0ms -->
        <step title="Extracting to C:\local\Temp\zipdeploy\extracted\Azure.Identity.dll ..." date="2025-12-13T10:33:21.678" /><!-- duration: 0ms -->
        <step title="Extracting to C:\local\Temp\zipdeploy\extracted\Azure.Storage.Blobs.dll ..." date="2025-12-13T10:33:21.678" /><!-- duration: 31ms -->
        <step title="Omitting extracting file traces ..." date="2025-12-13T10:33:21.710" /><!-- duration: 0ms -->
      </step><!-- duration: 516ms -->
    </step><!-- duration: 531ms -->
    <step title="Before sending BuildRequestReceived status to /api/updatedeploystatus" date="2025-12-13T10:33:22.163" /><!-- duration: 0ms -->
    <step title="DeploymentManager.Deploy(id:d328efa615d6410b90058c632c9adeca)" date="2025-12-13T10:33:22.163" >
      <step title="Collecting changeset information" date="2025-12-13T10:33:22.178" /><!-- duration: 16ms -->
      <step title="Updating submodules" date="2025-12-13T10:33:22.210" >
        <step title="Updating submodules." date="2025-12-13T10:33:22.241" /><!-- duration: 0ms -->
      </step><!-- duration: 47ms -->
      <step title="Preparing deployment for commit id &apos;d328efa615&apos;." date="2025-12-13T10:33:22.288" /><!-- duration: 16ms -->
      <step title="Determining deployment builder" date="2025-12-13T10:33:22.319" >
        <step title="Builder is OneDeployBuilder" date="2025-12-13T10:33:22.335" /><!-- duration: 0ms -->
      </step><!-- duration: 31ms -->
      <step title="Copying SSH keys" date="2025-12-13T10:33:22.366" /><!-- duration: 0ms -->
      <step title="Building" date="2025-12-13T10:33:22.381" >
        <step title="Running build. Project type: OneDeploy" date="2025-12-13T10:33:22.413" /><!-- duration: 0ms -->
        <step title="Copying the manifest" date="2025-12-13T10:33:22.460" /><!-- duration: 0ms -->
        <step title="Clean deploying to C:\home\site\wwwroot" date="2025-12-13T10:33:22.506" /><!-- duration: 0ms -->
        <step title="Generating deployment script." date="2025-12-13T10:33:22.538" /><!-- duration: 0ms -->
        <step title="Generating deployment script" date="2025-12-13T10:33:22.553" >
          <step title="Using cached version of the deployment script for command: -y --no-dot-deployment -r &quot;C:\local\Temp\zipdeploy\extracted&quot; -o &quot;C:\home\site\deployments\tools&quot; --basic --sitePath &quot;C:\local\Temp\zipdeploy\extracted&quot;" date="2025-12-13T10:33:22.569" /><!-- duration: 0ms -->
          <step title="Using cached version of deployment script (command: &apos;azure -y --no-dot-deployment -r &quot;C:\local\Temp\zipdeploy\extracted&quot; -o &quot;C:\home\site\deployments\tools&quot; --basic --sitePath &quot;C:\local\Temp\zipdeploy\extracted&quot;&apos;)." date="2025-12-13T10:33:22.631" /><!-- duration: 16ms -->
        </step><!-- duration: 94ms -->
        <step title="Running deployment command..." date="2025-12-13T10:33:22.694" /><!-- duration: 0ms -->
        <step title="Command: &quot;C:\home\site\deployments\tools\deploy.cmd&quot;" date="2025-12-13T10:33:22.694" /><!-- duration: 16ms -->
        <step title="Executing external process" date="2025-12-13T10:33:22.710" type="process" path="starter.cmd" arguments="&quot;C:\home\site\deployments\tools\deploy.cmd&quot;" >
          <step title="Handling Basic Web Site deployment." date="2025-12-13T10:33:22.835" /><!-- duration: 0ms -->
          <step title="Creating app_offline.htm" date="2025-12-13T10:33:23.038" /><!-- duration: 0ms -->
          <step title="KuduSync.NET from: &apos;C:\local\Temp\zipdeploy\extracted&apos; to: &apos;C:\home\site\wwwroot&apos;" date="2025-12-13T10:33:23.053" /><!-- duration: 0ms -->
          <step title="Deleting file: &apos;alpine\x64\Cov_x64.config&apos;" date="2025-12-13T10:33:23.053" /><!-- duration: 16ms -->
          <step title="Deleting file: &apos;alpine\x64\libCoverageInstrumentationMethod.so&apos;" date="2025-12-13T10:33:23.069" /><!-- duration: 0ms -->
          <step title="Deleting file: &apos;alpine\x64\libInstrumentationEngine.so&apos;" date="2025-12-13T10:33:23.085" /><!-- duration: 0ms -->
          <step title="Deleting directory: &apos;alpine\x64&apos;" date="2025-12-13T10:33:23.100" /><!-- duration: 0ms -->
          <step title="Deleting directory: &apos;alpine&apos;" date="2025-12-13T10:33:23.100" /><!-- duration: 16ms -->
          <step title="Deleting file: &apos;arm64\MicrosoftInstrumentationEngine_arm64.dll&apos;" date="2025-12-13T10:33:23.116" /><!-- duration: 0ms -->
          <step title="Deleting directory: &apos;arm64&apos;" date="2025-12-13T10:33:23.131" /><!-- duration: 0ms -->
          <step title="Deleting file: &apos;CodeCoverage\CodeCoverage.config&apos;" date="2025-12-13T10:33:23.147" /><!-- duration: 0ms -->
          <step title="Deleting file: &apos;CodeCoverage\CodeCoverage.exe&apos;" date="2025-12-13T10:33:23.147" /><!-- duration: 0ms -->
          <step title="Deleting file: &apos;CodeCoverage\codecoveragemessages.dll&apos;" date="2025-12-13T10:33:23.163" /><!-- duration: 0ms -->
          <step title="Deleting file: &apos;CodeCoverage\covrun32.dll&apos;" date="2025-12-13T10:33:23.178" /><!-- duration: 0ms -->
          <step title="Deleting file: &apos;CodeCoverage\Cov_x86.config&apos;" date="2025-12-13T10:33:23.194" /><!-- duration: 0ms -->
          <step title="Deleting file: &apos;CodeCoverage\msdia140.dll&apos;" date="2025-12-13T10:33:23.194" /><!-- duration: 16ms -->
          <step title="Deleting file: &apos;CodeCoverage\amd64\CodeCoverage.exe&apos;" date="2025-12-13T10:33:23.210" /><!-- duration: 0ms -->
          <step title="Deleting file: &apos;CodeCoverage\amd64\covrun64.dll&apos;" date="2025-12-13T10:33:23.225" /><!-- duration: 0ms -->
          <step title="Deleting file: &apos;CodeCoverage\amd64\Cov_x64.config&apos;" date="2025-12-13T10:33:23.241" /><!-- duration: 0ms -->
          <step title="Deleting file: &apos;CodeCoverage\amd64\msdia140.dll&apos;" date="2025-12-13T10:33:23.241" /><!-- duration: 0ms -->
          <step title="Deleting directory: &apos;CodeCoverage\amd64&apos;" date="2025-12-13T10:33:23.256" /><!-- duration: 0ms -->
          <step title="Deleting file: &apos;CodeCoverage\arm64\covrunarm64.dll&apos;" date="2025-12-13T10:33:23.272" /><!-- duration: 0ms -->
          <step title="Deleting file: &apos;CodeCoverage\arm64\Cov_arm64.config&apos;" date="2025-12-13T10:33:23.272" /><!-- duration: 0ms -->
          <step title="Deleting file: &apos;CodeCoverage\arm64\msdia140.dll&apos;" date="2025-12-13T10:33:23.288" /><!-- duration: 0ms -->
          <step title="Deleting directory: &apos;CodeCoverage\arm64&apos;" date="2025-12-13T10:33:23.303" /><!-- duration: 0ms -->
          <step title="Deleting file: &apos;CodeCoverage\coreclr\Microsoft.VisualStudio.CodeCoverage.Shim.dll&apos;" date="2025-12-13T10:33:23.303" /><!-- duration: 0ms -->
          <step title="Deleting directory: &apos;CodeCoverage\coreclr&apos;" date="2025-12-13T10:33:23.319" /><!-- duration: 0ms -->
          <step title="Deleting directory: &apos;CodeCoverage&apos;" date="2025-12-13T10:33:23.335" /><!-- duration: 0ms -->
          <step title="Deleting file: &apos;cs\Microsoft.TestPlatform.CommunicationUtilities.resources.dll&apos;" date="2025-12-13T10:33:23.350" /><!-- duration: 0ms -->
          <step title="Deleting file: &apos;cs\Microsoft.TestPlatform.CoreUtilities.resources.dll&apos;" date="2025-12-13T10:33:23.350" /><!-- duration: 16ms -->
          <step title="Deleting file: &apos;cs\Microsoft.TestPlatform.CrossPlatEngine.resources.dll&apos;" date="2025-12-13T10:33:23.366" /><!-- duration: 0ms -->
          <step title="Deleting file: &apos;cs\Microsoft.VisualStudio.TestPlatform.Common.resources.dll&apos;" date="2025-12-13T10:33:23.381" /><!-- duration: 0ms -->
          <step title="Deleting file: &apos;cs\Microsoft.VisualStudio.TestPlatform.ObjectModel.resources.dll&apos;" date="2025-12-13T10:33:23.397" /><!-- duration: 0ms -->
          <step title="Deleting file: &apos;cs\Microsoft.VisualStudio.TraceDataCollector.resources.dll&apos;" date="2025-12-13T10:33:23.413" /><!-- duration: 0ms -->
          <step title="Deleting directory: &apos;cs&apos;" date="2025-12-13T10:33:23.413" /><!-- duration: 0ms -->
          <step title="Deleting file: &apos;de\Microsoft.TestPlatform.CommunicationUtilities.resources.dll&apos;" date="2025-12-13T10:33:23.428" /><!-- duration: 0ms -->
          <step title="Deleting file: &apos;de\Microsoft.TestPlatform.CoreUtilities.resources.dll&apos;" date="2025-12-13T10:33:23.444" /><!-- duration: 0ms -->
          <step title="Deleting file: &apos;de\Microsoft.TestPlatform.CrossPlatEngine.resources.dll&apos;" date="2025-12-13T10:33:23.444" /><!-- duration: 16ms -->
          <step title="Deleting file: &apos;de\Microsoft.VisualStudio.TestPlatform.Common.resources.dll&apos;" date="2025-12-13T10:33:23.460" /><!-- duration: 0ms -->
          <step title="Deleting file: &apos;de\Microsoft.VisualStudio.TestPlatform.ObjectModel.resources.dll&apos;" date="2025-12-13T10:33:23.475" /><!-- duration: 0ms -->
          <step title="Deleting file: &apos;de\Microsoft.VisualStudio.TraceDataCollector.resources.dll&apos;" date="2025-12-13T10:33:23.475" /><!-- duration: 16ms -->
          <step title="Deleting directory: &apos;de&apos;" date="2025-12-13T10:33:23.491" /><!-- duration: 0ms -->
          <step title="Deleting file: &apos;es\Microsoft.TestPlatform.CommunicationUtilities.resources.dll&apos;" date="2025-12-13T10:33:23.506" /><!-- duration: 0ms -->
          <step title="Deleting file: &apos;es\Microsoft.TestPlatform.CoreUtilities.resources.dll&apos;" date="2025-12-13T10:33:23.522" /><!-- duration: 0ms -->
          <step title="Deleting file: &apos;es\Microsoft.TestPlatform.CrossPlatEngine.resources.dll&apos;" date="2025-12-13T10:33:23.522" /><!-- duration: 0ms -->
          <step title="Deleting file: &apos;es\Microsoft.VisualStudio.TestPlatform.Common.resources.dll&apos;" date="2025-12-13T10:33:23.538" /><!-- duration: 0ms -->
          <step title="Deleting file: &apos;es\Microsoft.VisualStudio.TestPlatform.ObjectModel.resources.dll&apos;" date="2025-12-13T10:33:23.553" /><!-- duration: 0ms -->
          <step title="Deleting file: &apos;es\Microsoft.VisualStudio.TraceDataCollector.resources.dll&apos;" date="2025-12-13T10:33:23.569" /><!-- duration: 0ms -->
          <step title="Deleting directory: &apos;es&apos;" date="2025-12-13T10:33:23.569" /><!-- duration: 0ms -->
          <step title="Deleting file: &apos;fr\Microsoft.TestPlatform.CommunicationUtilities.resources.dll&apos;" date="2025-12-13T10:33:23.585" /><!-- duration: 0ms -->
          <step title="Deleting file: &apos;fr\Microsoft.TestPlatform.CoreUtilities.resources.dll&apos;" date="2025-12-13T10:33:23.600" /><!-- duration: 0ms -->
          <step title="Omitting next output lines..." date="2025-12-13T10:33:23.600" /><!-- duration: 16ms -->
          <step title="Finished successfully." date="2025-12-13T10:33:26.554" /><!-- duration: 0ms -->
        </step><!-- duration: 3860ms -->
        <step title="Build completed succesfully." date="2025-12-13T10:33:26.601" /><!-- duration: 16ms -->
        <step title="Running post deployment command(s)..." date="2025-12-13T10:33:26.648" /><!-- duration: 0ms -->
        <step title="Requesting site restart" date="2025-12-13T10:33:26.695" /><!-- duration: 0ms -->
        <step title="Requesting site restart" date="2025-12-13T10:33:26.710" /><!-- duration: 0ms -->
        <step title="Requesting site restart. Attempt #1" date="2025-12-13T10:33:26.742" /><!-- duration: 16ms -->
        <step title="Requesting site restart. Attempt #1" date="2025-12-13T10:33:26.757" /><!-- duration: 0ms -->
        <step title="Successfully requested a restart. Attempt #1" date="2025-12-13T10:33:27.054" /><!-- duration: 0ms -->
        <step title="Successfully requested a restart. Attempt #1" date="2025-12-13T10:33:27.070" /><!-- duration: 0ms -->
        <step title="Deployment successful. DEPLOYMENTINFO: deploymentPath = OneDeploy, deployer = OneDeploy, os = windows, sku = Free, siteName = smartstudy-api, siteHostName = smartstudy-api-athtbtapcvdjesbe.centralindia-01.azurewebsites.net, deploymentStatus = Success" date="2025-12-13T10:33:27.117" /><!-- duration: 0ms -->
      </step><!-- duration: 4813ms -->
    </step><!-- duration: 5048ms -->
    <step title="Cleaning up temp files" date="2025-12-13T10:33:27.210" /><!-- duration: 0ms -->
    <step title="Skip function trigger and logicapp sync because function is not enabled." date="2025-12-13T10:33:27.226" /><!-- duration: 0ms -->
  </step><!-- duration: 5813ms -->
  <step title="LockFile &apos;C:\home\site\locks\deployments.lock&apos; released" date="2025-12-13T10:33:27.320" /><!-- duration: 0ms -->
  <step title="Deleting shutdown sentinel file" date="2025-12-13T10:33:27.335" SemaphoreCount="8" /><!-- duration: 0ms -->
</step><!-- duration: 5907ms -->
