<step title="BackgroundTrace" date="2025-12-13T11:04:08.258" instance="22a7da" url="/api/publish" method="POST" >
  <step title="Updating shutdown sentinel last write time" date="2025-12-13T11:04:08.258" SemaphoreCount="7" /><!-- duration: 16ms -->
  <step title="LockFile &apos;C:\home\site\locks\deployments.lock&apos; acquired" date="2025-12-13T11:04:08.274" /><!-- duration: 0ms -->
  <step title="Creating temporary deployment" date="2025-12-13T11:04:08.289" /><!-- duration: 16ms -->
  <step title="Performing fetch based deployment" date="2025-12-13T11:04:08.305" >
    <step title="Fetching changes." date="2025-12-13T11:04:08.352" /><!-- duration: 16ms -->
    <step title="Starting LocalZipHandler" date="2025-12-13T11:04:08.368" /><!-- duration: 0ms -->
    <step title="Cleaning up temp folders from previous zip deployments and extracting pushed zip file C:\local\Temp\zipdeploy\suv0xu1r.zip (12.90 MB) to C:\local\Temp\zipdeploy\extracted" date="2025-12-13T11:04:08.399" /><!-- duration: 0ms -->
    <step title="Cleaning up temp folders from previous zip deployments and extracting pushed zip file C:\local\Temp\zipdeploy\suv0xu1r.zip (12.90 MB) to C:\local\Temp\zipdeploy\extracted" date="2025-12-13T11:04:08.414" >
      <step title="Renaming extractTargetDirectory(C:\local\Temp\zipdeploy\extracted) to tempDirectory(C:\local\Temp\zipdeploy\mkj02atj.0pv)" date="2025-12-13T11:04:08.446" /><!-- duration: 0ms -->
      <step title="Extracting 114 entries to C:\local\Temp\zipdeploy\extracted directory" date="2025-12-13T11:04:08.446" >
        <step title="Extracting to C:\local\Temp\zipdeploy\extracted\appsettings.json ..." date="2025-12-13T11:04:08.461" /><!-- duration: 0ms -->
        <step title="Extracting to C:\local\Temp\zipdeploy\extracted\appsettings.template.json ..." date="2025-12-13T11:04:08.461" /><!-- duration: 0ms -->
        <step title="Extracting to C:\local\Temp\zipdeploy\extracted\Azure.Core.dll ..." date="2025-12-13T11:04:08.477" /><!-- duration: 16ms -->
        <step title="Extracting to C:\local\Temp\zipdeploy\extracted\Azure.Identity.dll ..." date="2025-12-13T11:04:08.493" /><!-- duration: 0ms -->
        <step title="Extracting to C:\local\Temp\zipdeploy\extracted\Azure.Storage.Blobs.dll ..." date="2025-12-13T11:04:08.508" /><!-- duration: 16ms -->
        <step title="Omitting extracting file traces ..." date="2025-12-13T11:04:08.524" /><!-- duration: 16ms -->
      </step><!-- duration: 516ms -->
    </step><!-- duration: 547ms -->
    <step title="Before sending BuildRequestReceived status to /api/updatedeploystatus" date="2025-12-13T11:04:08.961" /><!-- duration: 0ms -->
    <step title="DeploymentManager.Deploy(id:8b1e631573fc4f9085a60518bec17741)" date="2025-12-13T11:04:08.977" >
      <step title="Collecting changeset information" date="2025-12-13T11:04:08.977" /><!-- duration: 31ms -->
      <step title="Updating submodules" date="2025-12-13T11:04:09.024" >
        <step title="Updating submodules." date="2025-12-13T11:04:09.055" /><!-- duration: 0ms -->
      </step><!-- duration: 31ms -->
      <step title="Preparing deployment for commit id &apos;8b1e631573&apos;." date="2025-12-13T11:04:09.102" /><!-- duration: 0ms -->
      <step title="Determining deployment builder" date="2025-12-13T11:04:09.133" >
        <step title="Builder is OneDeployBuilder" date="2025-12-13T11:04:09.133" /><!-- duration: 16ms -->
      </step><!-- duration: 16ms -->
      <step title="Copying SSH keys" date="2025-12-13T11:04:09.164" /><!-- duration: 0ms -->
      <step title="Building" date="2025-12-13T11:04:09.164" >
        <step title="Running build. Project type: OneDeploy" date="2025-12-13T11:04:09.211" /><!-- duration: 0ms -->
        <step title="Copying the manifest" date="2025-12-13T11:04:09.258" /><!-- duration: 0ms -->
        <step title="Clean deploying to C:\home\site\wwwroot" date="2025-12-13T11:04:09.289" /><!-- duration: 16ms -->
        <step title="Generating deployment script." date="2025-12-13T11:04:09.336" /><!-- duration: 0ms -->
        <step title="Generating deployment script" date="2025-12-13T11:04:09.352" >
          <step title="Using cached version of the deployment script for command: -y --no-dot-deployment -r &quot;C:\local\Temp\zipdeploy\extracted&quot; -o &quot;C:\home\site\deployments\tools&quot; --basic --sitePath &quot;C:\local\Temp\zipdeploy\extracted&quot;" date="2025-12-13T11:04:09.368" /><!-- duration: 0ms -->
          <step title="Using cached version of deployment script (command: &apos;azure -y --no-dot-deployment -r &quot;C:\local\Temp\zipdeploy\extracted&quot; -o &quot;C:\home\site\deployments\tools&quot; --basic --sitePath &quot;C:\local\Temp\zipdeploy\extracted&quot;&apos;)." date="2025-12-13T11:04:09.383" /><!-- duration: 0ms -->
        </step><!-- duration: 47ms -->
        <step title="Running deployment command..." date="2025-12-13T11:04:09.430" /><!-- duration: 0ms -->
        <step title="Command: &quot;C:\home\site\deployments\tools\deploy.cmd&quot;" date="2025-12-13T11:04:09.446" /><!-- duration: 0ms -->
        <step title="Executing external process" date="2025-12-13T11:04:09.446" type="process" path="starter.cmd" arguments="&quot;C:\home\site\deployments\tools\deploy.cmd&quot;" >
          <step title="Handling Basic Web Site deployment." date="2025-12-13T11:04:09.571" /><!-- duration: 0ms -->
          <step title="Creating app_offline.htm" date="2025-12-13T11:04:10.164" /><!-- duration: 0ms -->
          <step title="KuduSync.NET from: &apos;C:\local\Temp\zipdeploy\extracted&apos; to: &apos;C:\home\site\wwwroot&apos;" date="2025-12-13T11:04:10.180" /><!-- duration: 0ms -->
          <step title="Deleting file: &apos;logs\app-20251213.log&apos;" date="2025-12-13T11:04:10.196" /><!-- duration: 0ms -->
          <step title="Deleting file: &apos;logs\stdout_20251213103358_8040.log&apos;" date="2025-12-13T11:04:10.211" /><!-- duration: 0ms -->
          <step title="Deleting directory: &apos;logs&apos;" date="2025-12-13T11:04:10.211" /><!-- duration: 16ms -->
          <step title="Copying file: &apos;appsettings.json&apos;" date="2025-12-13T11:04:10.228" /><!-- duration: 0ms -->
          <step title="Copying file: &apos;appsettings.template.json&apos;" date="2025-12-13T11:04:10.244" /><!-- duration: 0ms -->
          <step title="Copying file: &apos;Azure.Core.dll&apos;" date="2025-12-13T11:04:10.259" /><!-- duration: 0ms -->
          <step title="Copying file: &apos;Azure.Identity.dll&apos;" date="2025-12-13T11:04:10.259" /><!-- duration: 16ms -->
          <step title="Copying file: &apos;Azure.Storage.Blobs.dll&apos;" date="2025-12-13T11:04:10.275" /><!-- duration: 0ms -->
          <step title="Copying file: &apos;Azure.Storage.Common.dll&apos;" date="2025-12-13T11:04:10.290" /><!-- duration: 0ms -->
          <step title="Copying file: &apos;Google.Api.CommonProtos.dll&apos;" date="2025-12-13T11:04:10.306" /><!-- duration: 0ms -->
          <step title="Copying file: &apos;Google.Api.Gax.dll&apos;" date="2025-12-13T11:04:10.322" /><!-- duration: 0ms -->
          <step title="Copying file: &apos;Google.Api.Gax.Grpc.dll&apos;" date="2025-12-13T11:04:10.337" /><!-- duration: 0ms -->
          <step title="Copying file: &apos;Google.Apis.Auth.dll&apos;" date="2025-12-13T11:04:10.337" /><!-- duration: 0ms -->
          <step title="Copying file: &apos;Google.Apis.Core.dll&apos;" date="2025-12-13T11:04:10.353" /><!-- duration: 0ms -->
          <step title="Copying file: &apos;Google.Apis.dll&apos;" date="2025-12-13T11:04:10.369" /><!-- duration: 0ms -->
          <step title="Copying file: &apos;Google.Cloud.Vision.V1.dll&apos;" date="2025-12-13T11:04:10.369" /><!-- duration: 16ms -->
          <step title="Copying file: &apos;Google.LongRunning.dll&apos;" date="2025-12-13T11:04:10.384" /><!-- duration: 0ms -->
          <step title="Copying file: &apos;Google.Protobuf.dll&apos;" date="2025-12-13T11:04:10.400" /><!-- duration: 0ms -->
          <step title="Copying file: &apos;Grpc.Auth.dll&apos;" date="2025-12-13T11:04:10.415" /><!-- duration: 0ms -->
          <step title="Copying file: &apos;Grpc.Core.Api.dll&apos;" date="2025-12-13T11:04:10.415" /><!-- duration: 16ms -->
          <step title="Copying file: &apos;Grpc.Net.Client.dll&apos;" date="2025-12-13T11:04:10.431" /><!-- duration: 0ms -->
          <step title="Copying file: &apos;Grpc.Net.Common.dll&apos;" date="2025-12-13T11:04:10.447" /><!-- duration: 0ms -->
          <step title="Copying file: &apos;Microsoft.AspNetCore.Authentication.JwtBearer.dll&apos;" date="2025-12-13T11:04:10.462" /><!-- duration: 0ms -->
          <step title="Copying file: &apos;Microsoft.AspNetCore.OpenApi.dll&apos;" date="2025-12-13T11:04:10.478" /><!-- duration: 0ms -->
          <step title="Copying file: &apos;Microsoft.Bcl.AsyncInterfaces.dll&apos;" date="2025-12-13T11:04:10.478" /><!-- duration: 16ms -->
          <step title="Copying file: &apos;Microsoft.Data.SqlClient.dll&apos;" date="2025-12-13T11:04:10.494" /><!-- duration: 0ms -->
          <step title="Copying file: &apos;Microsoft.EntityFrameworkCore.Abstractions.dll&apos;" date="2025-12-13T11:04:10.509" /><!-- duration: 0ms -->
          <step title="Copying file: &apos;Microsoft.EntityFrameworkCore.dll&apos;" date="2025-12-13T11:04:10.509" /><!-- duration: 16ms -->
          <step title="Copying file: &apos;Microsoft.EntityFrameworkCore.InMemory.dll&apos;" date="2025-12-13T11:04:10.525" /><!-- duration: 16ms -->
          <step title="Copying file: &apos;Microsoft.EntityFrameworkCore.Relational.dll&apos;" date="2025-12-13T11:04:10.540" /><!-- duration: 0ms -->
          <step title="Copying file: &apos;Microsoft.EntityFrameworkCore.SqlServer.dll&apos;" date="2025-12-13T11:04:10.556" /><!-- duration: 16ms -->
          <step title="Copying file: &apos;Microsoft.Extensions.Caching.Memory.dll&apos;" date="2025-12-13T11:04:10.572" /><!-- duration: 0ms -->
          <step title="Copying file: &apos;Microsoft.Extensions.DependencyInjection.Abstractions.dll&apos;" date="2025-12-13T11:04:10.587" /><!-- duration: 0ms -->
          <step title="Copying file: &apos;Microsoft.Extensions.DependencyInjection.dll&apos;" date="2025-12-13T11:04:10.603" /><!-- duration: 0ms -->
          <step title="Copying file: &apos;Microsoft.Extensions.DependencyModel.dll&apos;" date="2025-12-13T11:04:10.603" /><!-- duration: 0ms -->
          <step title="Copying file: &apos;Microsoft.Extensions.Logging.Abstractions.dll&apos;" date="2025-12-13T11:04:10.619" /><!-- duration: 0ms -->
          <step title="Copying file: &apos;Microsoft.Extensions.Logging.dll&apos;" date="2025-12-13T11:04:10.634" /><!-- duration: 0ms -->
          <step title="Copying file: &apos;Microsoft.Extensions.Options.dll&apos;" date="2025-12-13T11:04:10.650" /><!-- duration: 0ms -->
          <step title="Copying file: &apos;Microsoft.Identity.Client.dll&apos;" date="2025-12-13T11:04:10.665" /><!-- duration: 0ms -->
          <step title="Copying file: &apos;Microsoft.Identity.Client.Extensions.Msal.dll&apos;" date="2025-12-13T11:04:10.665" /><!-- duration: 16ms -->
          <step title="Copying file: &apos;Microsoft.IdentityModel.Abstractions.dll&apos;" date="2025-12-13T11:04:10.681" /><!-- duration: 0ms -->
          <step title="Copying file: &apos;Microsoft.IdentityModel.JsonWebTokens.dll&apos;" date="2025-12-13T11:04:10.697" /><!-- duration: 0ms -->
          <step title="Copying file: &apos;Microsoft.IdentityModel.Logging.dll&apos;" date="2025-12-13T11:04:10.712" /><!-- duration: 0ms -->
          <step title="Copying file: &apos;Microsoft.IdentityModel.Protocols.dll&apos;" date="2025-12-13T11:04:10.712" /><!-- duration: 16ms -->
          <step title="Copying file: &apos;Microsoft.IdentityModel.Protocols.OpenIdConnect.dll&apos;" date="2025-12-13T11:04:10.728" /><!-- duration: 0ms -->
          <step title="Copying file: &apos;Microsoft.IdentityModel.Tokens.dll&apos;" date="2025-12-13T11:04:10.744" /><!-- duration: 0ms -->
          <step title="Copying file: &apos;Microsoft.OpenApi.dll&apos;" date="2025-12-13T11:04:10.759" /><!-- duration: 0ms -->
          <step title="Copying file: &apos;Microsoft.SqlServer.Server.dll&apos;" date="2025-12-13T11:04:10.759" /><!-- duration: 16ms -->
          <step title="Omitting next output lines..." date="2025-12-13T11:04:10.775" /><!-- duration: 16ms -->
          <step title="Finished successfully." date="2025-12-13T11:04:11.494" /><!-- duration: 16ms -->
        </step><!-- duration: 2064ms -->
        <step title="Build completed succesfully." date="2025-12-13T11:04:11.540" /><!-- duration: 0ms -->
        <step title="Running post deployment command(s)..." date="2025-12-13T11:04:11.572" /><!-- duration: 16ms -->
        <step title="Requesting site restart" date="2025-12-13T11:04:11.619" /><!-- duration: 0ms -->
        <step title="Requesting site restart" date="2025-12-13T11:04:11.634" /><!-- duration: 0ms -->
        <step title="Requesting site restart. Attempt #1" date="2025-12-13T11:04:11.697" /><!-- duration: 0ms -->
        <step title="Requesting site restart. Attempt #1" date="2025-12-13T11:04:11.697" /><!-- duration: 0ms -->
        <step title="Successfully requested a restart. Attempt #1" date="2025-12-13T11:04:11.806" /><!-- duration: 0ms -->
        <step title="Successfully requested a restart. Attempt #1" date="2025-12-13T11:04:11.806" /><!-- duration: 0ms -->
        <step title="Deployment successful. DEPLOYMENTINFO: deploymentPath = OneDeploy, deployer = OneDeploy, os = windows, sku = Free, siteName = smartstudy-api, siteHostName = smartstudy-api-athtbtapcvdjesbe.centralindia-01.azurewebsites.net, deploymentStatus = Success" date="2025-12-13T11:04:11.853" /><!-- duration: 0ms -->
      </step><!-- duration: 2767ms -->
    </step><!-- duration: 2954ms -->
    <step title="Cleaning up temp files" date="2025-12-13T11:04:11.947" /><!-- duration: 0ms -->
    <step title="Skip function trigger and logicapp sync because function is not enabled." date="2025-12-13T11:04:11.962" /><!-- duration: 0ms -->
  </step><!-- duration: 3704ms -->
  <step title="LockFile &apos;C:\home\site\locks\deployments.lock&apos; released" date="2025-12-13T11:04:12.009" /><!-- duration: 0ms -->
  <step title="Deleting shutdown sentinel file" date="2025-12-13T11:04:12.009" SemaphoreCount="8" /><!-- duration: 16ms -->
</step><!-- duration: 3767ms -->
