<step title="BackgroundTrace" date="2025-12-13T15:42:22.541" instance="22a7da" url="/api/publish" method="POST" >
  <step title="Updating shutdown sentinel last write time" date="2025-12-13T15:42:22.556" SemaphoreCount="7" /><!-- duration: 0ms -->
  <step title="LockFile &apos;C:\home\site\locks\deployments.lock&apos; acquired" date="2025-12-13T15:42:22.556" /><!-- duration: 0ms -->
  <step title="Creating temporary deployment" date="2025-12-13T15:42:22.572" /><!-- duration: 16ms -->
  <step title="Performing fetch based deployment" date="2025-12-13T15:42:22.587" >
    <step title="Fetching changes." date="2025-12-13T15:42:22.634" /><!-- duration: 16ms -->
    <step title="Starting LocalZipHandler" date="2025-12-13T15:42:22.650" /><!-- duration: 0ms -->
    <step title="Cleaning up temp folders from previous zip deployments and extracting pushed zip file C:\local\Temp\zipdeploy\ld5vayyj.zip (13.10 MB) to C:\local\Temp\zipdeploy\extracted" date="2025-12-13T15:42:22.681" /><!-- duration: 0ms -->
    <step title="Cleaning up temp folders from previous zip deployments and extracting pushed zip file C:\local\Temp\zipdeploy\ld5vayyj.zip (13.10 MB) to C:\local\Temp\zipdeploy\extracted" date="2025-12-13T15:42:22.681" >
      <step title="Renaming extractTargetDirectory(C:\local\Temp\zipdeploy\extracted) to tempDirectory(C:\local\Temp\zipdeploy\3eprbwmp.p3j)" date="2025-12-13T15:42:22.697" /><!-- duration: 0ms -->
      <step title="Extracting 115 entries to C:\local\Temp\zipdeploy\extracted directory" date="2025-12-13T15:42:22.697" >
        <step title="Extracting to C:\local\Temp\zipdeploy\extracted\appsettings.json ..." date="2025-12-13T15:42:22.697" /><!-- duration: 16ms -->
        <step title="Extracting to C:\local\Temp\zipdeploy\extracted\appsettings.template.json ..." date="2025-12-13T15:42:22.713" /><!-- duration: 0ms -->
        <step title="Extracting to C:\local\Temp\zipdeploy\extracted\Azure.Core.dll ..." date="2025-12-13T15:42:22.728" /><!-- duration: 16ms -->
        <step title="Extracting to C:\local\Temp\zipdeploy\extracted\Azure.Identity.dll ..." date="2025-12-13T15:42:22.744" /><!-- duration: 0ms -->
        <step title="Extracting to C:\local\Temp\zipdeploy\extracted\Azure.Storage.Blobs.dll ..." date="2025-12-13T15:42:22.759" /><!-- duration: 16ms -->
        <step title="Omitting extracting file traces ..." date="2025-12-13T15:42:22.775" /><!-- duration: 16ms -->
      </step><!-- duration: 516ms -->
    </step><!-- duration: 547ms -->
    <step title="Before sending BuildRequestReceived status to /api/updatedeploystatus" date="2025-12-13T15:42:23.228" /><!-- duration: 16ms -->
    <step title="DeploymentManager.Deploy(id:623cfc6c6c56494caf7bd351fb18120c)" date="2025-12-13T15:42:23.244" >
      <step title="Collecting changeset information" date="2025-12-13T15:42:23.259" /><!-- duration: 16ms -->
      <step title="Updating submodules" date="2025-12-13T15:42:23.291" >
        <step title="Updating submodules." date="2025-12-13T15:42:23.322" /><!-- duration: 0ms -->
      </step><!-- duration: 31ms -->
      <step title="Preparing deployment for commit id &apos;623cfc6c6c&apos;." date="2025-12-13T15:42:23.369" /><!-- duration: 0ms -->
      <step title="Determining deployment builder" date="2025-12-13T15:42:23.400" >
        <step title="Builder is OneDeployBuilder" date="2025-12-13T15:42:23.416" /><!-- duration: 0ms -->
      </step><!-- duration: 16ms -->
      <step title="Copying SSH keys" date="2025-12-13T15:42:23.431" /><!-- duration: 0ms -->
      <step title="Building" date="2025-12-13T15:42:23.447" >
        <step title="Running build. Project type: OneDeploy" date="2025-12-13T15:42:23.478" /><!-- duration: 0ms -->
        <step title="Copying the manifest" date="2025-12-13T15:42:23.509" /><!-- duration: 16ms -->
        <step title="Clean deploying to C:\home\site\wwwroot" date="2025-12-13T15:42:23.556" /><!-- duration: 16ms -->
        <step title="Generating deployment script." date="2025-12-13T15:42:23.603" /><!-- duration: 0ms -->
        <step title="Generating deployment script" date="2025-12-13T15:42:23.603" >
          <step title="Using cached version of the deployment script for command: -y --no-dot-deployment -r &quot;C:\local\Temp\zipdeploy\extracted&quot; -o &quot;C:\home\site\deployments\tools&quot; --basic --sitePath &quot;C:\local\Temp\zipdeploy\extracted&quot;" date="2025-12-13T15:42:23.619" /><!-- duration: 0ms -->
          <step title="Using cached version of deployment script (command: &apos;azure -y --no-dot-deployment -r &quot;C:\local\Temp\zipdeploy\extracted&quot; -o &quot;C:\home\site\deployments\tools&quot; --basic --sitePath &quot;C:\local\Temp\zipdeploy\extracted&quot;&apos;)." date="2025-12-13T15:42:23.634" /><!-- duration: 0ms -->
        </step><!-- duration: 47ms -->
        <step title="Running deployment command..." date="2025-12-13T15:42:23.681" /><!-- duration: 0ms -->
        <step title="Command: &quot;C:\home\site\deployments\tools\deploy.cmd&quot;" date="2025-12-13T15:42:23.697" /><!-- duration: 0ms -->
        <step title="Executing external process" date="2025-12-13T15:42:23.697" type="process" path="starter.cmd" arguments="&quot;C:\home\site\deployments\tools\deploy.cmd&quot;" >
          <step title="Handling Basic Web Site deployment." date="2025-12-13T15:42:23.822" /><!-- duration: 0ms -->
          <step title="Creating app_offline.htm" date="2025-12-13T15:42:24.400" /><!-- duration: 16ms -->
          <step title="KuduSync.NET from: &apos;C:\local\Temp\zipdeploy\extracted&apos; to: &apos;C:\home\site\wwwroot&apos;" date="2025-12-13T15:42:24.416" /><!-- duration: 0ms -->
          <step title="Deleting file: &apos;logs\app-20251213.log&apos;" date="2025-12-13T15:42:24.447" /><!-- duration: 0ms -->
          <step title="Deleting file: &apos;logs\stdout_20251213154111_7108.log&apos;" date="2025-12-13T15:42:24.447" /><!-- duration: 0ms -->
          <step title="Deleting directory: &apos;logs&apos;" date="2025-12-13T15:42:24.463" /><!-- duration: 0ms -->
          <step title="Copying file: &apos;appsettings.json&apos;" date="2025-12-13T15:42:24.478" /><!-- duration: 0ms -->
          <step title="Copying file: &apos;appsettings.template.json&apos;" date="2025-12-13T15:42:24.494" /><!-- duration: 0ms -->
          <step title="Copying file: &apos;Azure.Core.dll&apos;" date="2025-12-13T15:42:24.494" /><!-- duration: 16ms -->
          <step title="Copying file: &apos;Azure.Identity.dll&apos;" date="2025-12-13T15:42:24.509" /><!-- duration: 0ms -->
          <step title="Copying file: &apos;Azure.Storage.Blobs.dll&apos;" date="2025-12-13T15:42:24.525" /><!-- duration: 0ms -->
          <step title="Copying file: &apos;Azure.Storage.Common.dll&apos;" date="2025-12-13T15:42:24.572" /><!-- duration: 0ms -->
          <step title="Copying file: &apos;Azure.Storage.Queues.dll&apos;" date="2025-12-13T15:42:24.588" /><!-- duration: 0ms -->
          <step title="Copying file: &apos;Google.Api.CommonProtos.dll&apos;" date="2025-12-13T15:42:24.588" /><!-- duration: 16ms -->
          <step title="Copying file: &apos;Google.Api.Gax.dll&apos;" date="2025-12-13T15:42:24.603" /><!-- duration: 0ms -->
          <step title="Copying file: &apos;Google.Api.Gax.Grpc.dll&apos;" date="2025-12-13T15:42:24.619" /><!-- duration: 0ms -->
          <step title="Copying file: &apos;Google.Apis.Auth.dll&apos;" date="2025-12-13T15:42:24.634" /><!-- duration: 0ms -->
          <step title="Copying file: &apos;Google.Apis.Core.dll&apos;" date="2025-12-13T15:42:24.634" /><!-- duration: 16ms -->
          <step title="Copying file: &apos;Google.Apis.dll&apos;" date="2025-12-13T15:42:24.650" /><!-- duration: 0ms -->
          <step title="Copying file: &apos;Google.Cloud.Vision.V1.dll&apos;" date="2025-12-13T15:42:24.666" /><!-- duration: 0ms -->
          <step title="Copying file: &apos;Google.LongRunning.dll&apos;" date="2025-12-13T15:42:24.681" /><!-- duration: 0ms -->
          <step title="Copying file: &apos;Google.Protobuf.dll&apos;" date="2025-12-13T15:42:24.697" /><!-- duration: 0ms -->
          <step title="Copying file: &apos;Grpc.Auth.dll&apos;" date="2025-12-13T15:42:24.697" /><!-- duration: 0ms -->
          <step title="Copying file: &apos;Grpc.Core.Api.dll&apos;" date="2025-12-13T15:42:24.713" /><!-- duration: 0ms -->
          <step title="Copying file: &apos;Grpc.Net.Client.dll&apos;" date="2025-12-13T15:42:24.728" /><!-- duration: 0ms -->
          <step title="Copying file: &apos;Grpc.Net.Common.dll&apos;" date="2025-12-13T15:42:24.728" /><!-- duration: 16ms -->
          <step title="Copying file: &apos;Microsoft.AspNetCore.Authentication.JwtBearer.dll&apos;" date="2025-12-13T15:42:24.744" /><!-- duration: 16ms -->
          <step title="Copying file: &apos;Microsoft.AspNetCore.OpenApi.dll&apos;" date="2025-12-13T15:42:24.759" /><!-- duration: 0ms -->
          <step title="Copying file: &apos;Microsoft.Bcl.AsyncInterfaces.dll&apos;" date="2025-12-13T15:42:24.775" /><!-- duration: 0ms -->
          <step title="Copying file: &apos;Microsoft.Data.SqlClient.dll&apos;" date="2025-12-13T15:42:24.791" /><!-- duration: 0ms -->
          <step title="Copying file: &apos;Microsoft.EntityFrameworkCore.Abstractions.dll&apos;" date="2025-12-13T15:42:24.806" /><!-- duration: 0ms -->
          <step title="Copying file: &apos;Microsoft.EntityFrameworkCore.dll&apos;" date="2025-12-13T15:42:24.822" /><!-- duration: 0ms -->
          <step title="Copying file: &apos;Microsoft.EntityFrameworkCore.InMemory.dll&apos;" date="2025-12-13T15:42:24.822" /><!-- duration: 16ms -->
          <step title="Copying file: &apos;Microsoft.EntityFrameworkCore.Relational.dll&apos;" date="2025-12-13T15:42:24.838" /><!-- duration: 0ms -->
          <step title="Copying file: &apos;Microsoft.EntityFrameworkCore.SqlServer.dll&apos;" date="2025-12-13T15:42:24.853" /><!-- duration: 0ms -->
          <step title="Copying file: &apos;Microsoft.Extensions.Caching.Memory.dll&apos;" date="2025-12-13T15:42:24.869" /><!-- duration: 0ms -->
          <step title="Copying file: &apos;Microsoft.Extensions.DependencyInjection.Abstractions.dll&apos;" date="2025-12-13T15:42:24.884" /><!-- duration: 16ms -->
          <step title="Copying file: &apos;Microsoft.Extensions.DependencyInjection.dll&apos;" date="2025-12-13T15:42:24.900" /><!-- duration: 0ms -->
          <step title="Copying file: &apos;Microsoft.Extensions.DependencyModel.dll&apos;" date="2025-12-13T15:42:24.916" /><!-- duration: 0ms -->
          <step title="Copying file: &apos;Microsoft.Extensions.Logging.Abstractions.dll&apos;" date="2025-12-13T15:42:24.931" /><!-- duration: 0ms -->
          <step title="Copying file: &apos;Microsoft.Extensions.Logging.dll&apos;" date="2025-12-13T15:42:24.931" /><!-- duration: 0ms -->
          <step title="Copying file: &apos;Microsoft.Extensions.Options.dll&apos;" date="2025-12-13T15:42:24.947" /><!-- duration: 0ms -->
          <step title="Copying file: &apos;Microsoft.Identity.Client.dll&apos;" date="2025-12-13T15:42:24.963" /><!-- duration: 0ms -->
          <step title="Copying file: &apos;Microsoft.Identity.Client.Extensions.Msal.dll&apos;" date="2025-12-13T15:42:24.963" /><!-- duration: 16ms -->
          <step title="Copying file: &apos;Microsoft.IdentityModel.Abstractions.dll&apos;" date="2025-12-13T15:42:24.979" /><!-- duration: 0ms -->
          <step title="Copying file: &apos;Microsoft.IdentityModel.JsonWebTokens.dll&apos;" date="2025-12-13T15:42:24.994" /><!-- duration: 0ms -->
          <step title="Copying file: &apos;Microsoft.IdentityModel.Logging.dll&apos;" date="2025-12-13T15:42:25.010" /><!-- duration: 0ms -->
          <step title="Copying file: &apos;Microsoft.IdentityModel.Protocols.dll&apos;" date="2025-12-13T15:42:25.010" /><!-- duration: 16ms -->
          <step title="Copying file: &apos;Microsoft.IdentityModel.Protocols.OpenIdConnect.dll&apos;" date="2025-12-13T15:42:25.026" /><!-- duration: 0ms -->
          <step title="Copying file: &apos;Microsoft.IdentityModel.Tokens.dll&apos;" date="2025-12-13T15:42:25.041" /><!-- duration: 0ms -->
          <step title="Copying file: &apos;Microsoft.OpenApi.dll&apos;" date="2025-12-13T15:42:25.057" /><!-- duration: 0ms -->
          <step title="Omitting next output lines..." date="2025-12-13T15:42:25.057" /><!-- duration: 0ms -->
          <step title="Finished successfully." date="2025-12-13T15:42:27.590" /><!-- duration: 0ms -->
        </step><!-- duration: 3893ms -->
        <step title="Build completed succesfully." date="2025-12-13T15:42:27.637" /><!-- duration: 0ms -->
        <step title="Running post deployment command(s)..." date="2025-12-13T15:42:27.668" /><!-- duration: 0ms -->
        <step title="Requesting site restart" date="2025-12-13T15:42:27.699" /><!-- duration: 0ms -->
        <step title="Requesting site restart" date="2025-12-13T15:42:27.715" /><!-- duration: 0ms -->
        <step title="Requesting site restart. Attempt #1" date="2025-12-13T15:42:27.746" /><!-- duration: 16ms -->
        <step title="Requesting site restart. Attempt #1" date="2025-12-13T15:42:27.762" /><!-- duration: 0ms -->
        <step title="Successfully requested a restart. Attempt #1" date="2025-12-13T15:42:27.871" /><!-- duration: 16ms -->
        <step title="Successfully requested a restart. Attempt #1" date="2025-12-13T15:42:27.887" /><!-- duration: 0ms -->
        <step title="Deployment successful. DEPLOYMENTINFO: deploymentPath = OneDeploy, deployer = OneDeploy, os = windows, sku = Free, siteName = smartstudy-api, siteHostName = smartstudy-api-athtbtapcvdjesbe.centralindia-01.azurewebsites.net, deploymentStatus = Success" date="2025-12-13T15:42:27.933" /><!-- duration: 0ms -->
        <step title="Purge deployment items" date="2025-12-13T15:42:27.996" >
          <step title="Remove dc0cc495b, Success, received at 12/12/2025 5:38:06 PM" date="2025-12-13T15:42:28.043" /><!-- duration: 16ms -->
        </step><!-- duration: 62ms -->
      </step><!-- duration: 4627ms -->
    </step><!-- duration: 4846ms -->
    <step title="Cleaning up temp files" date="2025-12-13T15:42:28.090" /><!-- duration: 0ms -->
    <step title="Skip function trigger and logicapp sync because function is not enabled." date="2025-12-13T15:42:28.105" /><!-- duration: 0ms -->
  </step><!-- duration: 5549ms -->
  <step title="LockFile &apos;C:\home\site\locks\deployments.lock&apos; released" date="2025-12-13T15:42:28.137" /><!-- duration: 16ms -->
  <step title="Deleting shutdown sentinel file" date="2025-12-13T15:42:28.152" SemaphoreCount="8" /><!-- duration: 0ms -->
</step><!-- duration: 5627ms -->
