<step title="Incoming Request" date="2025-12-13T19:44:12.209" instance="22a7da" url="/api/publish?async=true&amp;deployer=GITHUB_ONE_DEPLOY&amp;type=zip&amp;message=%7B%22type%22%3A%22deployment%22%2C%22sha%22%3A%223560620bb48a236f647a77bc832e2bfcfb4b8ac6%22%2C%22repoName%22%3A%22sadabyakod%2Fschool-ai-chatbot%22%2C%22actor%22%3A%22sadabyakod%22%2C%22slotName%22%3A%22Production%22%2C%22commitMessage%22%3A%22Add%20Syllabus%20and%20Model%20Question%20Paper%20API%20endpoints%20for%20mobile%20app%22%7D" method="POST" type="request" pid="19936,2,24" Transfer-Encoding="chunked" Content-Type="application/octet-stream" Authorization="Bea..." Cookie="ARRAffinity=22a7daa836b64a8ce56c907737553d08297ff2e76cd06a1f52c29956b9a85c17;Path=/;HttpOnly;Secure;Domain=smartstudy-api-athtbtapcvdjesbe.scm.centralindia-01.azurewebsites.net; ARRAffinitySameSite=22a7daa836b64a8ce56c907737553d08297ff2e76cd06a1f52c29956b9a85c17;Path=/;HttpOnly;SameSite=None;Secure;Domain=smartstudy-api-athtbtapcvdjesbe.scm.centralindia-01.azurewebsites.net" Host="smartstudy-api-athtbtapcvdjesbe.scm.centralindia-01.azurewebsites.net" User-Agent="GITHUBACTIONS_DeployWebAppToAzure_b38e683445ac2cccfa8cd358babf8f5a5158c9572d0969b43cb3c24e61907cfe" X-ARR-LOG-ID="71152de6-255f-423c-b264-c474271235d6" CLIENT-IP="135.119.237.64:19456" X-SITE-DEPLOYMENT-ID="smartstudy-api" WAS-DEFAULT-HOSTNAME="smartstudy-api-athtbtapcvdjesbe.scm.centralindia-01.azurewebsites.net" X-Forwarded-Proto="https" X-AppService-Proto="https" X-Forwarded-TlsVersion="1.3" X-WAWS-Unencoded-URL="/api/publish?async=true&amp;deployer=GITHUB_ONE_DEPLOY&amp;type=zip&amp;message=%7B%22type%22%3A%22deployment%22%2C%22sha%22%3A%223560620bb48a236f647a77bc832e2bfcfb4b8ac6%22%2C%22repoName%22%3A%22sadabyakod%2Fschool-ai-chatbot%22%2C%22actor%22%3A%22sadabyakod%22%2C%22slotName%22%3A%22Production%22%2C%22commitMessage%22%3A%22Add%20Syllabus%20and%20Model%20Question%20Paper%20API%20endpoints%20for%20mobile%20app%22%7D" >
  <step title="OneDeploy" date="2025-12-13T19:44:12.600" >
    <step title="Starting PushDeployAsync" date="2025-12-13T19:44:12.615" /><!-- duration: 0ms -->
    <step title="Updating shutdown sentinel last write time" date="2025-12-13T19:44:12.631" SemaphoreCount="7" /><!-- duration: 0ms -->
    <step title="LockFile &apos;C:\home\site\locks\deployments.lock&apos; acquired" date="2025-12-13T19:44:12.646" /><!-- duration: 0ms -->
    <step title="Saving request content to C:\local\Temp\zipdeploy\zandr2x1.zip" date="2025-12-13T19:44:12.646" >
      <step title="Total 13,755,691 bytes written to C:\local\Temp\zipdeploy\zandr2x1.zip" date="2025-12-13T19:44:14.913" /><!-- duration: 0ms -->
    </step><!-- duration: 2282ms -->
    <step title="LockFile &apos;C:\home\site\locks\deployments.lock&apos; released" date="2025-12-13T19:44:14.929" /><!-- duration: 0ms -->
    <step title="Deleting shutdown sentinel file" date="2025-12-13T19:44:14.944" SemaphoreCount="8" /><!-- duration: 0ms -->
    <step title="Starting FetchDeploy" date="2025-12-13T19:44:14.944" /><!-- duration: 16ms -->
    <step title="Start deployment in the background" date="2025-12-13T19:44:14.960" /><!-- duration: 47ms -->
  </step><!-- duration: 2407ms -->
  <step title="Outgoing response" date="2025-12-13T19:44:15.022" type="response" statusCode="202" statusText="Accepted" Server="Microsoft-IIS/10.0" x-ms-request-id="71152de6-255f-423c-b264-c474271235d6" Retry-After="30" Cache-Control="private" X-AspNet-Version="4.0.30319" Location="https://smartstudy-api-athtbtapcvdjesbe.scm.centralindia-01.azurewebsites.net/api/deployments/latest?deployer=OneDeploy&amp;time=2025-12-13_19-44-15Z" /><!-- duration: 0ms -->
</step><!-- duration: 2814ms -->
