<step title="Incoming Request" date="2025-12-13T10:33:17.959" instance="22a7da" url="/api/publish?async=true&amp;deployer=GITHUB_ONE_DEPLOY&amp;type=zip&amp;message=%7B%22type%22%3A%22deployment%22%2C%22sha%22%3A%221272fd29a7fa8b2b75c316bc1b5e5fc485f3facf%22%2C%22repoName%22%3A%22sadabyakod%2Fschool-ai-chatbot%22%2C%22actor%22%3A%22sadabyakod%22%2C%22slotName%22%3A%22Production%22%2C%22commitMessage%22%3A%22Fix%3A%20Add%20appsettings.json%20copy%20step%20to%20Azure%20deployment%20workflow%22%7D" method="POST" type="request" pid="16872,2,7" Transfer-Encoding="chunked" Content-Type="application/octet-stream" Authorization="Bea..." Cookie="ARRAffinity=22a7daa836b64a8ce56c907737553d08297ff2e76cd06a1f52c29956b9a85c17;Path=/;HttpOnly;Secure;Domain=smartstudy-api-athtbtapcvdjesbe.scm.centralindia-01.azurewebsites.net; ARRAffinitySameSite=22a7daa836b64a8ce56c907737553d08297ff2e76cd06a1f52c29956b9a85c17;Path=/;HttpOnly;SameSite=None;Secure;Domain=smartstudy-api-athtbtapcvdjesbe.scm.centralindia-01.azurewebsites.net" Host="smartstudy-api-athtbtapcvdjesbe.scm.centralindia-01.azurewebsites.net" User-Agent="GITHUBACTIONS_DeployWebAppToAzure_b38e683445ac2cccfa8cd358babf8f5a5158c9572d0969b43cb3c24e61907cfe" X-ARR-LOG-ID="124d2845-77f1-45a6-ba3f-2e6845915a46" CLIENT-IP="135.232.201.32:52224" X-SITE-DEPLOYMENT-ID="smartstudy-api" WAS-DEFAULT-HOSTNAME="smartstudy-api-athtbtapcvdjesbe.scm.centralindia-01.azurewebsites.net" X-Forwarded-Proto="https" X-AppService-Proto="https" X-Forwarded-TlsVersion="1.3" X-WAWS-Unencoded-URL="/api/publish?async=true&amp;deployer=GITHUB_ONE_DEPLOY&amp;type=zip&amp;message=%7B%22type%22%3A%22deployment%22%2C%22sha%22%3A%221272fd29a7fa8b2b75c316bc1b5e5fc485f3facf%22%2C%22repoName%22%3A%22sadabyakod%2Fschool-ai-chatbot%22%2C%22actor%22%3A%22sadabyakod%22%2C%22slotName%22%3A%22Production%22%2C%22commitMessage%22%3A%22Fix%3A%20Add%20appsettings.json%20copy%20step%20to%20Azure%20deployment%20workflow%22%7D" >
  <step title="OneDeploy" date="2025-12-13T10:33:18.459" >
    <step title="Starting PushDeployAsync" date="2025-12-13T10:33:18.459" /><!-- duration: 16ms -->
    <step title="Updating shutdown sentinel last write time" date="2025-12-13T10:33:18.506" SemaphoreCount="7" /><!-- duration: 0ms -->
    <step title="LockFile &apos;C:\home\site\locks\deployments.lock&apos; acquired" date="2025-12-13T10:33:18.522" /><!-- duration: 0ms -->
    <step title="Saving request content to C:\local\Temp\zipdeploy\fsqwp052.zip" date="2025-12-13T10:33:18.553" >
      <step title="Total 13,527,655 bytes written to C:\local\Temp\zipdeploy\fsqwp052.zip" date="2025-12-13T10:33:21.381" /><!-- duration: 0ms -->
    </step><!-- duration: 2844ms -->
    <step title="LockFile &apos;C:\home\site\locks\deployments.lock&apos; released" date="2025-12-13T10:33:21.397" /><!-- duration: 0ms -->
    <step title="Deleting shutdown sentinel file" date="2025-12-13T10:33:21.413" SemaphoreCount="8" /><!-- duration: 0ms -->
    <step title="Starting FetchDeploy" date="2025-12-13T10:33:21.413" /><!-- duration: 16ms -->
    <step title="Start deployment in the background" date="2025-12-13T10:33:21.428" /><!-- duration: 78ms -->
  </step><!-- duration: 3047ms -->
  <step title="Outgoing response" date="2025-12-13T10:33:21.522" type="response" statusCode="202" statusText="Accepted" Server="Microsoft-IIS/10.0" x-ms-request-id="124d2845-77f1-45a6-ba3f-2e6845915a46" Retry-After="30" Cache-Control="private" X-AspNet-Version="4.0.30319" Location="https://smartstudy-api-athtbtapcvdjesbe.scm.centralindia-01.azurewebsites.net/api/deployments/latest?deployer=OneDeploy&amp;time=2025-12-13_10-33-21Z" /><!-- duration: 0ms -->
</step><!-- duration: 3563ms -->
