<step title="Incoming Request" date="2025-12-14T12:54:45.601" instance="22a7da" url="/api/publish?async=true&amp;deployer=GITHUB_ONE_DEPLOY&amp;type=zip&amp;message=%7B%22type%22%3A%22deployment%22%2C%22sha%22%3A%223bfe3f54717e5add49dcc8604ae689e5f1d51dc8%22%2C%22repoName%22%3A%22sadabyakod%2Fschool-ai-chatbot%22%2C%22actor%22%3A%22sadabyakod%22%2C%22slotName%22%3A%22Production%22%2C%22commitMessage%22%3A%22Fix%20dropdown%20width%20-%20compact%20sizing%20with%20proper%20max-width%22%7D" method="POST" type="request" pid="10924,2,76" Transfer-Encoding="chunked" Content-Type="application/octet-stream" Authorization="Bea..." Cookie="ARRAffinity=22a7daa836b64a8ce56c907737553d08297ff2e76cd06a1f52c29956b9a85c17;Path=/;HttpOnly;Secure;Domain=smartstudy-api-athtbtapcvdjesbe.scm.centralindia-01.azurewebsites.net; ARRAffinitySameSite=22a7daa836b64a8ce56c907737553d08297ff2e76cd06a1f52c29956b9a85c17;Path=/;HttpOnly;SameSite=None;Secure;Domain=smartstudy-api-athtbtapcvdjesbe.scm.centralindia-01.azurewebsites.net" Host="smartstudy-api-athtbtapcvdjesbe.scm.centralindia-01.azurewebsites.net" User-Agent="GITHUBACTIONS_DeployWebAppToAzure_b38e683445ac2cccfa8cd358babf8f5a5158c9572d0969b43cb3c24e61907cfe" X-ARR-LOG-ID="6c45ce0e-1831-4747-a823-c63a6edd8d44" CLIENT-IP="135.232.176.176:35840" X-SITE-DEPLOYMENT-ID="smartstudy-api" WAS-DEFAULT-HOSTNAME="smartstudy-api-athtbtapcvdjesbe.scm.centralindia-01.azurewebsites.net" X-Forwarded-Proto="https" X-AppService-Proto="https" X-Forwarded-TlsVersion="1.3" X-WAWS-Unencoded-URL="/api/publish?async=true&amp;deployer=GITHUB_ONE_DEPLOY&amp;type=zip&amp;message=%7B%22type%22%3A%22deployment%22%2C%22sha%22%3A%223bfe3f54717e5add49dcc8604ae689e5f1d51dc8%22%2C%22repoName%22%3A%22sadabyakod%2Fschool-ai-chatbot%22%2C%22actor%22%3A%22sadabyakod%22%2C%22slotName%22%3A%22Production%22%2C%22commitMessage%22%3A%22Fix%20dropdown%20width%20-%20compact%20sizing%20with%20proper%20max-width%22%7D" >
  <step title="OneDeploy" date="2025-12-14T12:54:46.023" >
    <step title="Starting PushDeployAsync" date="2025-12-14T12:54:46.023" /><!-- duration: 0ms -->
    <step title="Updating shutdown sentinel last write time" date="2025-12-14T12:54:46.038" SemaphoreCount="7" /><!-- duration: 0ms -->
    <step title="LockFile &apos;C:\home\site\locks\deployments.lock&apos; acquired" date="2025-12-14T12:54:46.038" /><!-- duration: 16ms -->
    <step title="Saving request content to C:\local\Temp\zipdeploy\o3hlf42z.zip" date="2025-12-14T12:54:46.070" >
      <step title="Total 13,796,191 bytes written to C:\local\Temp\zipdeploy\o3hlf42z.zip" date="2025-12-14T12:54:48.538" /><!-- duration: 16ms -->
    </step><!-- duration: 2484ms -->
    <step title="LockFile &apos;C:\home\site\locks\deployments.lock&apos; released" date="2025-12-14T12:54:48.554" /><!-- duration: 0ms -->
    <step title="Deleting shutdown sentinel file" date="2025-12-14T12:54:48.570" SemaphoreCount="8" /><!-- duration: 0ms -->
    <step title="Starting FetchDeploy" date="2025-12-14T12:54:48.570" /><!-- duration: 16ms -->
    <step title="Start deployment in the background" date="2025-12-14T12:54:48.585" /><!-- duration: 63ms -->
  </step><!-- duration: 2625ms -->
  <step title="Outgoing response" date="2025-12-14T12:54:48.648" type="response" statusCode="202" statusText="Accepted" Server="Microsoft-IIS/10.0" x-ms-request-id="6c45ce0e-1831-4747-a823-c63a6edd8d44" Retry-After="30" Cache-Control="private" X-AspNet-Version="4.0.30319" Location="https://smartstudy-api-athtbtapcvdjesbe.scm.centralindia-01.azurewebsites.net/api/deployments/latest?deployer=OneDeploy&amp;time=2025-12-14_12-54-48Z" /><!-- duration: 0ms -->
</step><!-- duration: 3063ms -->
