﻿<?xml version="1.0" encoding="utf-8"?>
<deployment>
  <id>eadba27e04ee48479d41c5fb725a3b03</id>
  <author>N/A</author>
  <deployer>ZipDeploy</deployer>
  <authorEmail>N/A</authorEmail>
  <message>Created via a push deployment</message>
  <progress></progress>
  <status>Success</status>
  <statusText></statusText>
  <lastSuccessEndTime>2025-12-18T16:44:40.9854637Z</lastSuccessEndTime>
  <receivedTime>2025-12-18T16:44:37.6259736Z</receivedTime>
  <startTime>2025-12-18T16:44:37.782231Z</startTime>
  <endTime>2025-12-18T16:44:40.9854637Z</endTime>
  <complete>True</complete>
  <is_temp>False</is_temp>
  <is_readonly>True</is_readonly>
  <project_type>BASIC</project_type>
  <vsproject_id></vsproject_id>
</deployment>