﻿<?xml version="1.0" encoding="utf-8"?>
<deployment>
  <id>67c3cb97277c4fa0b3cb7f8a00a700e0</id>
  <author>N/A</author>
  <deployer>ZipDeploy</deployer>
  <authorEmail>N/A</authorEmail>
  <message>Created via a push deployment</message>
  <progress></progress>
  <status>Success</status>
  <statusText></statusText>
  <lastSuccessEndTime>2025-12-17T22:29:21.7973993Z</lastSuccessEndTime>
  <receivedTime>2025-12-17T22:29:20.9379543Z</receivedTime>
  <startTime>2025-12-17T22:29:21.0629505Z</startTime>
  <endTime>2025-12-17T22:29:21.7973993Z</endTime>
  <complete>True</complete>
  <is_temp>False</is_temp>
  <is_readonly>True</is_readonly>
  <project_type>BASIC</project_type>
  <vsproject_id></vsproject_id>
</deployment>