﻿<?xml version="1.0" encoding="utf-8"?>
<deployment>
  <id>c2e7b079fae9417c94ad74d9a2a1a475</id>
  <author>N/A</author>
  <deployer>OneDeploy</deployer>
  <authorEmail>N/A</authorEmail>
  <message>OneDeploy</message>
  <progress></progress>
  <status>Success</status>
  <statusText></statusText>
  <lastSuccessEndTime>2025-12-18T11:04:16.085063Z</lastSuccessEndTime>
  <receivedTime>2025-12-18T11:04:14.8350245Z</receivedTime>
  <startTime>2025-12-18T11:04:14.9444007Z</startTime>
  <endTime>2025-12-18T11:04:16.085063Z</endTime>
  <complete>True</complete>
  <is_temp>False</is_temp>
  <is_readonly>True</is_readonly>
  <project_type>OneDeploy</project_type>
  <vsproject_id></vsproject_id>
</deployment>