﻿<?xml version="1.0" encoding="utf-8"?>
<deployment>
  <id>be8ee14b64e34e07aeb622ed1881c19b</id>
  <author>N/A</author>
  <deployer>OneDeploy</deployer>
  <authorEmail>N/A</authorEmail>
  <message>OneDeploy</message>
  <progress></progress>
  <status>Success</status>
  <statusText></statusText>
  <lastSuccessEndTime>2025-12-17T12:38:47.1139622Z</lastSuccessEndTime>
  <receivedTime>2025-12-17T12:38:41.973146Z</receivedTime>
  <startTime>2025-12-17T12:38:42.1137752Z</startTime>
  <endTime>2025-12-17T12:38:47.1139622Z</endTime>
  <complete>True</complete>
  <is_temp>False</is_temp>
  <is_readonly>True</is_readonly>
  <project_type>OneDeploy</project_type>
  <vsproject_id></vsproject_id>
</deployment>