﻿<?xml version="1.0" encoding="utf-8"?>
<deployment>
  <id>03df5be65f454001b4a75267d660e051</id>
  <author>N/A</author>
  <deployer>OneDeploy</deployer>
  <authorEmail>N/A</authorEmail>
  <message>OneDeploy</message>
  <progress></progress>
  <status>Success</status>
  <statusText></statusText>
  <lastSuccessEndTime>2025-12-18T11:33:38.1196832Z</lastSuccessEndTime>
  <receivedTime>2025-12-18T11:33:34.1976626Z</receivedTime>
  <startTime>2025-12-18T11:33:34.3226695Z</startTime>
  <endTime>2025-12-18T11:33:38.1196832Z</endTime>
  <complete>True</complete>
  <is_temp>False</is_temp>
  <is_readonly>True</is_readonly>
  <project_type>OneDeploy</project_type>
  <vsproject_id></vsproject_id>
</deployment>