﻿<?xml version="1.0" encoding="utf-8"?>
<deployment>
  <id>186f35aeee8b4b51a7246cca359f0a9d</id>
  <author>N/A</author>
  <deployer>OneDeploy</deployer>
  <authorEmail>N/A</authorEmail>
  <message>OneDeploy</message>
  <progress></progress>
  <status>Success</status>
  <statusText></statusText>
  <lastSuccessEndTime>2025-12-18T14:48:14.9528738Z</lastSuccessEndTime>
  <receivedTime>2025-12-18T14:48:13.4528317Z</receivedTime>
  <startTime>2025-12-18T14:48:13.5778305Z</startTime>
  <endTime>2025-12-18T14:48:14.9528738Z</endTime>
  <complete>True</complete>
  <is_temp>False</is_temp>
  <is_readonly>True</is_readonly>
  <project_type>OneDeploy</project_type>
  <vsproject_id></vsproject_id>
</deployment>