<step title="BackgroundTrace" date="2025-12-13T15:21:05.872" instance="22a7da" url="/api/publish" method="POST" >
  <step title="Updating shutdown sentinel last write time" date="2025-12-13T15:21:05.888" SemaphoreCount="7" /><!-- duration: 0ms -->
  <step title="LockFile &apos;C:\home\site\locks\deployments.lock&apos; acquired" date="2025-12-13T15:21:05.888" /><!-- duration: 0ms -->
  <step title="Creating temporary deployment" date="2025-12-13T15:21:05.904" /><!-- duration: 31ms -->
  <step title="Performing fetch based deployment" date="2025-12-13T15:21:05.935" >
    <step title="Fetching changes." date="2025-12-13T15:21:05.997" /><!-- duration: 16ms -->
    <step title="Starting LocalZipHandler" date="2025-12-13T15:21:06.029" /><!-- duration: 0ms -->
    <step title="Cleaning up temp folders from previous zip deployments and extracting pushed zip file C:\local\Temp\zipdeploy\tqzahv33.zip (13.10 MB) to C:\local\Temp\zipdeploy\extracted" date="2025-12-13T15:21:06.060" /><!-- duration: 0ms -->
    <step title="Cleaning up temp folders from previous zip deployments and extracting pushed zip file C:\local\Temp\zipdeploy\tqzahv33.zip (13.10 MB) to C:\local\Temp\zipdeploy\extracted" date="2025-12-13T15:21:06.060" >
      <step title="Extracting 115 entries to C:\local\Temp\zipdeploy\extracted directory" date="2025-12-13T15:21:06.075" >
        <step title="Extracting to C:\local\Temp\zipdeploy\extracted\appsettings.json ..." date="2025-12-13T15:21:06.075" /><!-- duration: 16ms -->
        <step title="Extracting to C:\local\Temp\zipdeploy\extracted\Azure.Core.dll ..." date="2025-12-13T15:21:06.091" /><!-- duration: 16ms -->
        <step title="Extracting to C:\local\Temp\zipdeploy\extracted\appsettings.template.json ..." date="2025-12-13T15:21:06.107" /><!-- duration: 16ms -->
        <step title="Extracting to C:\local\Temp\zipdeploy\extracted\Azure.Identity.dll ..." date="2025-12-13T15:21:06.122" /><!-- duration: 0ms -->
        <step title="Extracting to C:\local\Temp\zipdeploy\extracted\Azure.Storage.Blobs.dll ..." date="2025-12-13T15:21:06.138" /><!-- duration: 16ms -->
        <step title="Omitting extracting file traces ..." date="2025-12-13T15:21:06.154" /><!-- duration: 16ms -->
      </step><!-- duration: 531ms -->
    </step><!-- duration: 563ms -->
    <step title="Before sending BuildRequestReceived status to /api/updatedeploystatus" date="2025-12-13T15:21:06.622" /><!-- duration: 0ms -->
    <step title="DeploymentManager.Deploy(id:58bdeff6a23c4e7b89dbed423bcb9b1d)" date="2025-12-13T15:21:06.638" >
      <step title="Collecting changeset information" date="2025-12-13T15:21:06.654" /><!-- duration: 16ms -->
      <step title="Updating submodules" date="2025-12-13T15:21:06.685" >
        <step title="Updating submodules." date="2025-12-13T15:21:06.716" /><!-- duration: 0ms -->
      </step><!-- duration: 47ms -->
      <step title="Preparing deployment for commit id &apos;58bdeff6a2&apos;." date="2025-12-13T15:21:06.794" /><!-- duration: 0ms -->
      <step title="Determining deployment builder" date="2025-12-13T15:21:06.841" >
        <step title="Builder is OneDeployBuilder" date="2025-12-13T15:21:06.841" /><!-- duration: 0ms -->
      </step><!-- duration: 16ms -->
      <step title="Copying SSH keys" date="2025-12-13T15:21:06.872" /><!-- duration: 0ms -->
      <step title="Building" date="2025-12-13T15:21:06.888" >
        <step title="Running build. Project type: OneDeploy" date="2025-12-13T15:21:06.919" /><!-- duration: 0ms -->
        <step title="Copying the manifest" date="2025-12-13T15:21:06.950" /><!-- duration: 16ms -->
        <step title="Clean deploying to C:\home\site\wwwroot" date="2025-12-13T15:21:07.013" /><!-- duration: 0ms -->
        <step title="Generating deployment script." date="2025-12-13T15:21:07.060" /><!-- duration: 0ms -->
        <step title="Generating deployment script" date="2025-12-13T15:21:07.075" >
          <step title="Using cached version of the deployment script for command: -y --no-dot-deployment -r &quot;C:\local\Temp\zipdeploy\extracted&quot; -o &quot;C:\home\site\deployments\tools&quot; --basic --sitePath &quot;C:\local\Temp\zipdeploy\extracted&quot;" date="2025-12-13T15:21:07.091" /><!-- duration: 16ms -->
          <step title="Using cached version of deployment script (command: &apos;azure -y --no-dot-deployment -r &quot;C:\local\Temp\zipdeploy\extracted&quot; -o &quot;C:\home\site\deployments\tools&quot; --basic --sitePath &quot;C:\local\Temp\zipdeploy\extracted&quot;&apos;)." date="2025-12-13T15:21:07.122" /><!-- duration: 16ms -->
        </step><!-- duration: 63ms -->
        <step title="Running deployment command..." date="2025-12-13T15:21:07.169" /><!-- duration: 16ms -->
        <step title="Command: &quot;C:\home\site\deployments\tools\deploy.cmd&quot;" date="2025-12-13T15:21:07.185" /><!-- duration: 0ms -->
        <step title="Executing external process" date="2025-12-13T15:21:07.200" type="process" path="starter.cmd" arguments="&quot;C:\home\site\deployments\tools\deploy.cmd&quot;" >
          <step title="Handling Basic Web Site deployment." date="2025-12-13T15:21:07.341" /><!-- duration: 0ms -->
          <step title="Creating app_offline.htm" date="2025-12-13T15:21:08.357" /><!-- duration: 0ms -->
          <step title="KuduSync.NET from: &apos;C:\local\Temp\zipdeploy\extracted&apos; to: &apos;C:\home\site\wwwroot&apos;" date="2025-12-13T15:21:08.372" /><!-- duration: 0ms -->
          <step title="Deleting file: &apos;logs\app-20251213.log&apos;" date="2025-12-13T15:21:08.388" /><!-- duration: 0ms -->
          <step title="Deleting file: &apos;logs\stdout_20251213110656_14180.log&apos;" date="2025-12-13T15:21:08.404" /><!-- duration: 16ms -->
          <step title="Deleting file: &apos;logs\stdout_20251213114548_1800.log&apos;" date="2025-12-13T15:21:08.419" /><!-- duration: 0ms -->
          <step title="Deleting file: &apos;logs\stdout_20251213120046_11552.log&apos;" date="2025-12-13T15:21:08.435" /><!-- duration: 31ms -->
          <step title="Deleting file: &apos;logs\stdout_20251213125011_13028.log&apos;" date="2025-12-13T15:21:08.513" /><!-- duration: 0ms -->
          <step title="Deleting file: &apos;logs\stdout_20251213133447_10408.log&apos;" date="2025-12-13T15:21:08.529" /><!-- duration: 0ms -->
          <step title="Deleting file: &apos;logs\stdout_20251213152043_11132.log&apos;" date="2025-12-13T15:21:08.544" /><!-- duration: 0ms -->
          <step title="Deleting directory: &apos;logs&apos;" date="2025-12-13T15:21:08.560" /><!-- duration: 0ms -->
          <step title="Copying file: &apos;appsettings.json&apos;" date="2025-12-13T15:21:08.576" /><!-- duration: 0ms -->
          <step title="Copying file: &apos;appsettings.template.json&apos;" date="2025-12-13T15:21:08.576" /><!-- duration: 16ms -->
          <step title="Copying file: &apos;Azure.Core.dll&apos;" date="2025-12-13T15:21:08.591" /><!-- duration: 16ms -->
          <step title="Copying file: &apos;Azure.Identity.dll&apos;" date="2025-12-13T15:21:08.607" /><!-- duration: 0ms -->
          <step title="Copying file: &apos;Azure.Storage.Blobs.dll&apos;" date="2025-12-13T15:21:08.622" /><!-- duration: 0ms -->
          <step title="Copying file: &apos;Azure.Storage.Common.dll&apos;" date="2025-12-13T15:21:08.622" /><!-- duration: 16ms -->
          <step title="Copying file: &apos;Azure.Storage.Queues.dll&apos;" date="2025-12-13T15:21:08.638" /><!-- duration: 0ms -->
          <step title="Copying file: &apos;Google.Api.CommonProtos.dll&apos;" date="2025-12-13T15:21:08.654" /><!-- duration: 0ms -->
          <step title="Copying file: &apos;Google.Api.Gax.dll&apos;" date="2025-12-13T15:21:08.669" /><!-- duration: 0ms -->
          <step title="Copying file: &apos;Google.Api.Gax.Grpc.dll&apos;" date="2025-12-13T15:21:08.669" /><!-- duration: 0ms -->
          <step title="Copying file: &apos;Google.Apis.Auth.dll&apos;" date="2025-12-13T15:21:08.685" /><!-- duration: 0ms -->
          <step title="Copying file: &apos;Google.Apis.Core.dll&apos;" date="2025-12-13T15:21:08.701" /><!-- duration: 0ms -->
          <step title="Copying file: &apos;Google.Apis.dll&apos;" date="2025-12-13T15:21:08.701" /><!-- duration: 16ms -->
          <step title="Copying file: &apos;Google.Cloud.Vision.V1.dll&apos;" date="2025-12-13T15:21:08.716" /><!-- duration: 16ms -->
          <step title="Copying file: &apos;Google.LongRunning.dll&apos;" date="2025-12-13T15:21:08.732" /><!-- duration: 0ms -->
          <step title="Copying file: &apos;Google.Protobuf.dll&apos;" date="2025-12-13T15:21:08.747" /><!-- duration: 0ms -->
          <step title="Copying file: &apos;Grpc.Auth.dll&apos;" date="2025-12-13T15:21:08.747" /><!-- duration: 16ms -->
          <step title="Copying file: &apos;Grpc.Core.Api.dll&apos;" date="2025-12-13T15:21:08.763" /><!-- duration: 31ms -->
          <step title="Copying file: &apos;Grpc.Net.Client.dll&apos;" date="2025-12-13T15:21:08.810" /><!-- duration: 0ms -->
          <step title="Copying file: &apos;Grpc.Net.Common.dll&apos;" date="2025-12-13T15:21:08.826" /><!-- duration: 0ms -->
          <step title="Copying file: &apos;Microsoft.AspNetCore.Authentication.JwtBearer.dll&apos;" date="2025-12-13T15:21:08.826" /><!-- duration: 16ms -->
          <step title="Copying file: &apos;Microsoft.AspNetCore.OpenApi.dll&apos;" date="2025-12-13T15:21:08.841" /><!-- duration: 0ms -->
          <step title="Copying file: &apos;Microsoft.Bcl.AsyncInterfaces.dll&apos;" date="2025-12-13T15:21:08.857" /><!-- duration: 0ms -->
          <step title="Copying file: &apos;Microsoft.Data.SqlClient.dll&apos;" date="2025-12-13T15:21:08.872" /><!-- duration: 0ms -->
          <step title="Copying file: &apos;Microsoft.EntityFrameworkCore.Abstractions.dll&apos;" date="2025-12-13T15:21:08.872" /><!-- duration: 0ms -->
          <step title="Copying file: &apos;Microsoft.EntityFrameworkCore.dll&apos;" date="2025-12-13T15:21:08.888" /><!-- duration: 0ms -->
          <step title="Copying file: &apos;Microsoft.EntityFrameworkCore.InMemory.dll&apos;" date="2025-12-13T15:21:08.904" /><!-- duration: 0ms -->
          <step title="Copying file: &apos;Microsoft.EntityFrameworkCore.Relational.dll&apos;" date="2025-12-13T15:21:08.919" /><!-- duration: 0ms -->
          <step title="Copying file: &apos;Microsoft.EntityFrameworkCore.SqlServer.dll&apos;" date="2025-12-13T15:21:08.935" /><!-- duration: 0ms -->
          <step title="Copying file: &apos;Microsoft.Extensions.Caching.Memory.dll&apos;" date="2025-12-13T15:21:08.935" /><!-- duration: 16ms -->
          <step title="Copying file: &apos;Microsoft.Extensions.DependencyInjection.Abstractions.dll&apos;" date="2025-12-13T15:21:08.951" /><!-- duration: 0ms -->
          <step title="Copying file: &apos;Microsoft.Extensions.DependencyInjection.dll&apos;" date="2025-12-13T15:21:08.966" /><!-- duration: 0ms -->
          <step title="Copying file: &apos;Microsoft.Extensions.DependencyModel.dll&apos;" date="2025-12-13T15:21:08.966" /><!-- duration: 16ms -->
          <step title="Copying file: &apos;Microsoft.Extensions.Logging.Abstractions.dll&apos;" date="2025-12-13T15:21:08.982" /><!-- duration: 0ms -->
          <step title="Copying file: &apos;Microsoft.Extensions.Logging.dll&apos;" date="2025-12-13T15:21:08.997" /><!-- duration: 0ms -->
          <step title="Copying file: &apos;Microsoft.Extensions.Options.dll&apos;" date="2025-12-13T15:21:09.013" /><!-- duration: 0ms -->
          <step title="Copying file: &apos;Microsoft.Identity.Client.dll&apos;" date="2025-12-13T15:21:09.029" /><!-- duration: 0ms -->
          <step title="Copying file: &apos;Microsoft.Identity.Client.Extensions.Msal.dll&apos;" date="2025-12-13T15:21:09.029" /><!-- duration: 16ms -->
          <step title="Copying file: &apos;Microsoft.IdentityModel.Abstractions.dll&apos;" date="2025-12-13T15:21:09.044" /><!-- duration: 0ms -->
          <step title="Copying file: &apos;Microsoft.IdentityModel.JsonWebTokens.dll&apos;" date="2025-12-13T15:21:09.060" /><!-- duration: 0ms -->
          <step title="Omitting next output lines..." date="2025-12-13T15:21:09.060" /><!-- duration: 16ms -->
          <step title="Finished successfully." date="2025-12-13T15:21:11.654" /><!-- duration: 0ms -->
        </step><!-- duration: 4454ms -->
        <step title="Build completed succesfully." date="2025-12-13T15:21:11.701" /><!-- duration: 0ms -->
        <step title="Running post deployment command(s)..." date="2025-12-13T15:21:11.732" /><!-- duration: 0ms -->
        <step title="Requesting site restart" date="2025-12-13T15:21:11.795" /><!-- duration: 0ms -->
        <step title="Requesting site restart" date="2025-12-13T15:21:11.795" /><!-- duration: 0ms -->
        <step title="Requesting site restart. Attempt #1" date="2025-12-13T15:21:11.842" /><!-- duration: 0ms -->
        <step title="Requesting site restart. Attempt #1" date="2025-12-13T15:21:11.842" /><!-- duration: 16ms -->
        <step title="Successfully requested a restart. Attempt #1" date="2025-12-13T15:21:12.170" /><!-- duration: 0ms -->
        <step title="Successfully requested a restart. Attempt #1" date="2025-12-13T15:21:12.170" /><!-- duration: 0ms -->
        <step title="Deployment successful. DEPLOYMENTINFO: deploymentPath = OneDeploy, deployer = OneDeploy, os = windows, sku = Free, siteName = smartstudy-api, siteHostName = smartstudy-api-athtbtapcvdjesbe.centralindia-01.azurewebsites.net, deploymentStatus = Success" date="2025-12-13T15:21:12.217" /><!-- duration: 0ms -->
      </step><!-- duration: 5422ms -->
    </step><!-- duration: 5672ms -->
    <step title="Cleaning up temp files" date="2025-12-13T15:21:12.310" /><!-- duration: 16ms -->
    <step title="Skip function trigger and logicapp sync because function is not enabled." date="2025-12-13T15:21:12.326" /><!-- duration: 0ms -->
  </step><!-- duration: 6438ms -->
  <step title="LockFile &apos;C:\home\site\locks\deployments.lock&apos; released" date="2025-12-13T15:21:12.373" /><!-- duration: 0ms -->
  <step title="Deleting shutdown sentinel file" date="2025-12-13T15:21:12.388" SemaphoreCount="8" /><!-- duration: 0ms -->
</step><!-- duration: 6516ms -->
