<step title="Incoming Request" date="2025-12-13T19:51:50.900" instance="22a7da" url="/api/publish?async=true&amp;deployer=GITHUB_ONE_DEPLOY&amp;type=zip&amp;message=%7B%22type%22%3A%22deployment%22%2C%22sha%22%3A%2211d2c58d5a16422d1dd817525f5a0560e90769bb%22%2C%22repoName%22%3A%22sadabyakod%2Fschool-ai-chatbot%22%2C%22actor%22%3A%22sadabyakod%22%2C%22slotName%22%3A%22Production%22%2C%22commitMessage%22%3A%22Remove%20duplicate%20deploy-api.yml%20workflow%20causing%20deployment%20failure%22%7D" method="POST" type="request" pid="19936,2,42" Transfer-Encoding="chunked" Content-Type="application/octet-stream" Authorization="Bea..." Cookie="ARRAffinity=22a7daa836b64a8ce56c907737553d08297ff2e76cd06a1f52c29956b9a85c17;Path=/;HttpOnly;Secure;Domain=smartstudy-api-athtbtapcvdjesbe.scm.centralindia-01.azurewebsites.net; ARRAffinitySameSite=22a7daa836b64a8ce56c907737553d08297ff2e76cd06a1f52c29956b9a85c17;Path=/;HttpOnly;SameSite=None;Secure;Domain=smartstudy-api-athtbtapcvdjesbe.scm.centralindia-01.azurewebsites.net" Host="smartstudy-api-athtbtapcvdjesbe.scm.centralindia-01.azurewebsites.net" User-Agent="GITHUBACTIONS_DeployWebAppToAzure_b38e683445ac2cccfa8cd358babf8f5a5158c9572d0969b43cb3c24e61907cfe" X-ARR-LOG-ID="f7ce80ba-2e16-4f32-9db0-c2ebc755ccbd" CLIENT-IP="172.184.211.32:1024" X-SITE-DEPLOYMENT-ID="smartstudy-api" WAS-DEFAULT-HOSTNAME="smartstudy-api-athtbtapcvdjesbe.scm.centralindia-01.azurewebsites.net" X-Forwarded-Proto="https" X-AppService-Proto="https" X-Forwarded-TlsVersion="1.3" X-WAWS-Unencoded-URL="/api/publish?async=true&amp;deployer=GITHUB_ONE_DEPLOY&amp;type=zip&amp;message=%7B%22type%22%3A%22deployment%22%2C%22sha%22%3A%2211d2c58d5a16422d1dd817525f5a0560e90769bb%22%2C%22repoName%22%3A%22sadabyakod%2Fschool-ai-chatbot%22%2C%22actor%22%3A%22sadabyakod%22%2C%22slotName%22%3A%22Production%22%2C%22commitMessage%22%3A%22Remove%20duplicate%20deploy-api.yml%20workflow%20causing%20deployment%20failure%22%7D" >
  <step title="OneDeploy" date="2025-12-13T19:51:51.353" >
    <step title="Starting PushDeployAsync" date="2025-12-13T19:51:51.369" /><!-- duration: 0ms -->
    <step title="Updating shutdown sentinel last write time" date="2025-12-13T19:51:51.385" SemaphoreCount="7" /><!-- duration: 0ms -->
    <step title="LockFile &apos;C:\home\site\locks\deployments.lock&apos; acquired" date="2025-12-13T19:51:51.385" /><!-- duration: 0ms -->
    <step title="Saving request content to C:\local\Temp\zipdeploy\kvpvjgu4.zip" date="2025-12-13T19:51:51.400" >
      <step title="Total 13,755,691 bytes written to C:\local\Temp\zipdeploy\kvpvjgu4.zip" date="2025-12-13T19:51:54.308" /><!-- duration: 16ms -->
    </step><!-- duration: 2923ms -->
    <step title="LockFile &apos;C:\home\site\locks\deployments.lock&apos; released" date="2025-12-13T19:51:54.339" /><!-- duration: 0ms -->
    <step title="Deleting shutdown sentinel file" date="2025-12-13T19:51:54.355" SemaphoreCount="8" /><!-- duration: 0ms -->
    <step title="Starting FetchDeploy" date="2025-12-13T19:51:54.355" /><!-- duration: 0ms -->
    <step title="Start deployment in the background" date="2025-12-13T19:51:54.370" /><!-- duration: 63ms -->
  </step><!-- duration: 3080ms -->
  <step title="Outgoing response" date="2025-12-13T19:51:54.433" type="response" statusCode="202" statusText="Accepted" Server="Microsoft-IIS/10.0" x-ms-request-id="f7ce80ba-2e16-4f32-9db0-c2ebc755ccbd" Retry-After="30" Cache-Control="private" X-AspNet-Version="4.0.30319" Location="https://smartstudy-api-athtbtapcvdjesbe.scm.centralindia-01.azurewebsites.net/api/deployments/latest?deployer=OneDeploy&amp;time=2025-12-13_19-51-54Z" /><!-- duration: 16ms -->
</step><!-- duration: 3548ms -->
