<step title="Incoming Request" date="2025-12-14T11:06:32.123" instance="22a7da" url="/api/publish?async=true&amp;deployer=GITHUB_ONE_DEPLOY&amp;type=zip&amp;message=%7B%22type%22%3A%22deployment%22%2C%22sha%22%3A%22bbe28e273bafa82c79ed8b18b8f6fac66a1d3224%22%2C%22repoName%22%3A%22sadabyakod%2Fschool-ai-chatbot%22%2C%22actor%22%3A%22sadabyakod%22%2C%22slotName%22%3A%22Production%22%2C%22commitMessage%22%3A%22Fix%20TypeScript%20errors%20-%20unused%20variables%20in%20FileUpload.tsx%22%7D" method="POST" type="request" pid="17132,2,7" Transfer-Encoding="chunked" Content-Type="application/octet-stream" Authorization="Bea..." Cookie="ARRAffinity=22a7daa836b64a8ce56c907737553d08297ff2e76cd06a1f52c29956b9a85c17;Path=/;HttpOnly;Secure;Domain=smartstudy-api-athtbtapcvdjesbe.scm.centralindia-01.azurewebsites.net; ARRAffinitySameSite=22a7daa836b64a8ce56c907737553d08297ff2e76cd06a1f52c29956b9a85c17;Path=/;HttpOnly;SameSite=None;Secure;Domain=smartstudy-api-athtbtapcvdjesbe.scm.centralindia-01.azurewebsites.net" Host="smartstudy-api-athtbtapcvdjesbe.scm.centralindia-01.azurewebsites.net" User-Agent="GITHUBACTIONS_DeployWebAppToAzure_b38e683445ac2cccfa8cd358babf8f5a5158c9572d0969b43cb3c24e61907cfe" X-ARR-LOG-ID="ba4338cd-93fb-4894-9e6e-9e3864d6cfd7" CLIENT-IP="64.236.134.164:14360" X-SITE-DEPLOYMENT-ID="smartstudy-api" WAS-DEFAULT-HOSTNAME="smartstudy-api-athtbtapcvdjesbe.scm.centralindia-01.azurewebsites.net" X-Forwarded-Proto="https" X-AppService-Proto="https" X-Forwarded-TlsVersion="1.3" X-WAWS-Unencoded-URL="/api/publish?async=true&amp;deployer=GITHUB_ONE_DEPLOY&amp;type=zip&amp;message=%7B%22type%22%3A%22deployment%22%2C%22sha%22%3A%22bbe28e273bafa82c79ed8b18b8f6fac66a1d3224%22%2C%22repoName%22%3A%22sadabyakod%2Fschool-ai-chatbot%22%2C%22actor%22%3A%22sadabyakod%22%2C%22slotName%22%3A%22Production%22%2C%22commitMessage%22%3A%22Fix%20TypeScript%20errors%20-%20unused%20variables%20in%20FileUpload.tsx%22%7D" >
  <step title="OneDeploy" date="2025-12-14T11:06:32.592" >
    <step title="Starting PushDeployAsync" date="2025-12-14T11:06:32.623" /><!-- duration: 0ms -->
    <step title="Updating shutdown sentinel last write time" date="2025-12-14T11:06:32.654" SemaphoreCount="7" /><!-- duration: 16ms -->
    <step title="LockFile &apos;C:\home\site\locks\deployments.lock&apos; acquired" date="2025-12-14T11:06:32.670" /><!-- duration: 0ms -->
    <step title="Saving request content to C:\local\Temp\zipdeploy\z1n4cjot.zip" date="2025-12-14T11:06:32.686" >
      <step title="Total 13,795,954 bytes written to C:\local\Temp\zipdeploy\z1n4cjot.zip" date="2025-12-14T11:06:35.311" /><!-- duration: 16ms -->
    </step><!-- duration: 2641ms -->
    <step title="LockFile &apos;C:\home\site\locks\deployments.lock&apos; released" date="2025-12-14T11:06:35.326" /><!-- duration: 16ms -->
    <step title="Deleting shutdown sentinel file" date="2025-12-14T11:06:35.342" SemaphoreCount="8" /><!-- duration: 0ms -->
    <step title="Starting FetchDeploy" date="2025-12-14T11:06:35.358" /><!-- duration: 0ms -->
    <step title="Start deployment in the background" date="2025-12-14T11:06:35.358" /><!-- duration: 78ms -->
  </step><!-- duration: 2844ms -->
  <step title="Outgoing response" date="2025-12-14T11:06:35.451" type="response" statusCode="202" statusText="Accepted" Server="Microsoft-IIS/10.0" x-ms-request-id="ba4338cd-93fb-4894-9e6e-9e3864d6cfd7" Retry-After="30" Cache-Control="private" X-AspNet-Version="4.0.30319" Location="https://smartstudy-api-athtbtapcvdjesbe.scm.centralindia-01.azurewebsites.net/api/deployments/latest?deployer=OneDeploy&amp;time=2025-12-14_11-06-35Z" /><!-- duration: 0ms -->
</step><!-- duration: 3328ms -->
