<step title="Incoming Request" date="2025-12-17T18:22:42.549" instance="a6e48b" url="/api/publish?type=zip" method="POST" type="request" pid="3164,2,90" Cache-Control="no-cache" Content-Length="12475357" Content-Type="application/octet-stream" Accept="*/*" Accept-Encoding="gzip, deflate" Authorization="Bea..." Host="smartstudy-api-athtbtapcvdjesbe.scm.centralindia-01.azurewebsites.net" User-Agent="AZURECLI/2.80.0 (MSI)" x-ms-client-request-id="5b139892-db75-11f0-ac8c-7404f1536f46" X-ARR-LOG-ID="5b139892-db75-11f0-ac8c-7404f1536f46" CLIENT-IP="38.254.185.243:59509" X-SITE-DEPLOYMENT-ID="smartstudy-api" WAS-DEFAULT-HOSTNAME="smartstudy-api-athtbtapcvdjesbe.scm.centralindia-01.azurewebsites.net" X-Forwarded-Proto="https" X-AppService-Proto="https" X-Forwarded-TlsVersion="1.3" X-WAWS-Unencoded-URL="/api/publish?type=zip" >
  <step title="Cleanup Xml Logs" date="2025-12-17T18:22:42.549" /><!-- duration: 16ms -->
  <step title="OneDeploy" date="2025-12-17T18:22:42.580" >
    <step title="Starting PushDeployAsync" date="2025-12-17T18:22:42.580" /><!-- duration: 0ms -->
    <step title="Updating shutdown sentinel last write time" date="2025-12-17T18:22:42.596" SemaphoreCount="7" /><!-- duration: 0ms -->
    <step title="LockFile &apos;C:\home\site\locks\deployments.lock&apos; acquired" date="2025-12-17T18:22:42.611" /><!-- duration: 0ms -->
    <step title="Saving request content to C:\local\Temp\zipdeploy\xvqwnqsd.zip" date="2025-12-17T18:22:42.611" >
      <step title="Total 12,475,357 bytes written to C:\local\Temp\zipdeploy\xvqwnqsd.zip" date="2025-12-17T18:22:42.690" /><!-- duration: 0ms -->
    </step><!-- duration: 78ms -->
    <step title="LockFile &apos;C:\home\site\locks\deployments.lock&apos; released" date="2025-12-17T18:22:42.705" /><!-- duration: 0ms -->
    <step title="Deleting shutdown sentinel file" date="2025-12-17T18:22:42.705" SemaphoreCount="8" /><!-- duration: 16ms -->
    <step title="Starting FetchDeploy" date="2025-12-17T18:22:42.721" /><!-- duration: 0ms -->
    <step title="Attempting to fetch target branch HEAD" date="2025-12-17T18:22:42.721" /><!-- duration: 16ms -->
    <step title="Updating shutdown sentinel last write time" date="2025-12-17T18:22:42.736" SemaphoreCount="7" /><!-- duration: 0ms -->
    <step title="LockFile &apos;C:\home\site\locks\deployments.lock&apos; acquired" date="2025-12-17T18:22:42.752" /><!-- duration: 0ms -->
    <step title="Performing fetch based deployment" date="2025-12-17T18:22:42.752" >
      <step title="Creating temporary deployment" date="2025-12-17T18:22:42.752" /><!-- duration: 47ms -->
      <step title="Fetching changes." date="2025-12-17T18:22:42.830" /><!-- duration: 0ms -->
      <step title="Starting LocalZipHandler" date="2025-12-17T18:22:42.846" /><!-- duration: 0ms -->
      <step title="Starting LocalZipFetch" date="2025-12-17T18:22:42.846" /><!-- duration: 16ms -->
      <step title="Cleaning up temp folders from previous zip deployments and extracting pushed zip file C:\local\Temp\zipdeploy\xvqwnqsd.zip (11.90 MB) to C:\local\Temp\zipdeploy\extracted" date="2025-12-17T18:22:42.862" /><!-- duration: 0ms -->
      <step title="Cleaning up temp folders from previous zip deployments and extracting pushed zip file C:\local\Temp\zipdeploy\xvqwnqsd.zip (11.90 MB) to C:\local\Temp\zipdeploy\extracted" date="2025-12-17T18:22:42.877" >
        <step title="Renaming extractTargetDirectory(C:\local\Temp\zipdeploy\extracted) to tempDirectory(C:\local\Temp\zipdeploy\n1bhpcjj.2xn)" date="2025-12-17T18:22:42.893" /><!-- duration: 0ms -->
        <step title="Extracting 107 entries to C:\local\Temp\zipdeploy\extracted directory" date="2025-12-17T18:22:42.893" >
          <step title="Extracting to C:\local\Temp\zipdeploy\extracted\runtimes\unix\lib\net6.0\Microsoft.Data.SqlClient.dll ..." date="2025-12-17T18:22:42.908" /><!-- duration: 16ms -->
          <step title="Extracting to C:\local\Temp\zipdeploy\extracted\runtimes\unix\lib\net6.0\System.Drawing.Common.dll ..." date="2025-12-17T18:22:42.924" /><!-- duration: 16ms -->
          <step title="Extracting to C:\local\Temp\zipdeploy\extracted\runtimes\win\lib\net6.0\Microsoft.Data.SqlClient.dll ..." date="2025-12-17T18:22:42.940" /><!-- duration: 31ms -->
          <step title="Extracting to C:\local\Temp\zipdeploy\extracted\runtimes\win\lib\net6.0\Microsoft.Win32.SystemEvents.dll ..." date="2025-12-17T18:22:42.971" /><!-- duration: 0ms -->
          <step title="Extracting to C:\local\Temp\zipdeploy\extracted\runtimes\win\lib\net6.0\System.Drawing.Common.dll ..." date="2025-12-17T18:22:42.971" /><!-- duration: 16ms -->
          <step title="Omitting extracting file traces ..." date="2025-12-17T18:22:42.987" /><!-- duration: 16ms -->
        </step><!-- duration: 484ms -->
      </step><!-- duration: 500ms -->
      <step title="None repository commit" date="2025-12-17T18:22:43.393" >
        <step title="Commit id: 19a878d3b3f14cd4a37bfb8f9baf5a9e" date="2025-12-17T18:22:43.393" Message="OneDeploy" AuthorName="N/A" AuthorEmail="N/A" /><!-- duration: 0ms -->
      </step><!-- duration: 0ms -->
      <step title="Before sending BuildRequestReceived status to /api/updatedeploystatus" date="2025-12-17T18:22:43.408" /><!-- duration: 0ms -->
      <step title="DeploymentManager.Deploy(id:19a878d3b3f14cd4a37bfb8f9baf5a9e)" date="2025-12-17T18:22:43.424" >
        <step title="Collecting changeset information" date="2025-12-17T18:22:43.424" /><!-- duration: 31ms -->
        <step title="Updating submodules" date="2025-12-17T18:22:43.471" >
          <step title="Updating submodules." date="2025-12-17T18:22:43.502" /><!-- duration: 0ms -->
        </step><!-- duration: 47ms -->
        <step title="Preparing deployment for commit id &apos;19a878d3b3&apos;." date="2025-12-17T18:22:43.549" /><!-- duration: 0ms -->
        <step title="Determining deployment builder" date="2025-12-17T18:22:43.596" >
          <step title="Builder is OneDeployBuilder" date="2025-12-17T18:22:43.596" /><!-- duration: 0ms -->
        </step><!-- duration: 0ms -->
        <step title="Copying SSH keys" date="2025-12-17T18:22:43.612" /><!-- duration: 16ms -->
        <step title="Building" date="2025-12-17T18:22:43.627" >
          <step title="Running build. Project type: OneDeploy" date="2025-12-17T18:22:43.658" /><!-- duration: 16ms -->
          <step title="Copying the manifest" date="2025-12-17T18:22:43.705" /><!-- duration: 0ms -->
          <step title="Clean deploying to C:\home\site\wwwroot" date="2025-12-17T18:22:43.752" /><!-- duration: 0ms -->
          <step title="Generating deployment script." date="2025-12-17T18:22:43.799" /><!-- duration: 0ms -->
          <step title="Generating deployment script" date="2025-12-17T18:22:43.815" >
            <step title="Using cached version of the deployment script for command: -y --no-dot-deployment -r &quot;C:\local\Temp\zipdeploy\extracted&quot; -o &quot;C:\home\site\deployments\tools&quot; --basic --sitePath &quot;C:\local\Temp\zipdeploy\extracted&quot;" date="2025-12-17T18:22:43.830" /><!-- duration: 0ms -->
            <step title="Using cached version of deployment script (command: &apos;azure -y --no-dot-deployment -r &quot;C:\local\Temp\zipdeploy\extracted&quot; -o &quot;C:\home\site\deployments\tools&quot; --basic --sitePath &quot;C:\local\Temp\zipdeploy\extracted&quot;&apos;)." date="2025-12-17T18:22:43.846" /><!-- duration: 16ms -->
          </step><!-- duration: 94ms -->
          <step title="Running deployment command..." date="2025-12-17T18:22:43.971" /><!-- duration: 0ms -->
          <step title="Command: &quot;C:\home\site\deployments\tools\deploy.cmd&quot;" date="2025-12-17T18:22:43.987" /><!-- duration: 0ms -->
          <step title="Executing external process" date="2025-12-17T18:22:44.002" type="process" path="starter.cmd" arguments="&quot;C:\home\site\deployments\tools\deploy.cmd&quot;" >
            <step title="Handling Basic Web Site deployment." date="2025-12-17T18:22:44.127" /><!-- duration: 0ms -->
            <step title="Creating app_offline.htm" date="2025-12-17T18:22:44.643" /><!-- duration: 0ms -->
            <step title="KuduSync.NET from: &apos;C:\local\Temp\zipdeploy\extracted&apos; to: &apos;C:\home\site\wwwroot&apos;" date="2025-12-17T18:22:44.658" /><!-- duration: 0ms -->
            <step title="Deleting file: &apos;logs\app-20251217.log&apos;" date="2025-12-17T18:22:44.690" /><!-- duration: 0ms -->
            <step title="Deleting file: &apos;logs\stdout_20251217170522_18228.log&apos;" date="2025-12-17T18:22:44.705" /><!-- duration: 0ms -->
            <step title="Deleting file: &apos;logs\stdout_20251217174019_18524.log&apos;" date="2025-12-17T18:22:44.721" /><!-- duration: 0ms -->
            <step title="Deleting file: &apos;logs\stdout_20251217174103_17924.log&apos;" date="2025-12-17T18:22:44.737" /><!-- duration: 16ms -->
            <step title="Deleting directory: &apos;logs&apos;" date="2025-12-17T18:22:44.768" /><!-- duration: 0ms -->
            <step title="Copying file: &apos;appsettings.json&apos;" date="2025-12-17T18:22:44.783" /><!-- duration: 0ms -->
            <step title="Copying file: &apos;appsettings.template.json&apos;" date="2025-12-17T18:22:44.799" /><!-- duration: 0ms -->
            <step title="Copying file: &apos;Azure.Core.dll&apos;" date="2025-12-17T18:22:44.815" /><!-- duration: 0ms -->
            <step title="Copying file: &apos;Azure.Identity.dll&apos;" date="2025-12-17T18:22:44.830" /><!-- duration: 0ms -->
            <step title="Copying file: &apos;Azure.Storage.Blobs.dll&apos;" date="2025-12-17T18:22:44.846" /><!-- duration: 0ms -->
            <step title="Copying file: &apos;Azure.Storage.Common.dll&apos;" date="2025-12-17T18:22:44.862" /><!-- duration: 0ms -->
            <step title="Copying file: &apos;Azure.Storage.Queues.dll&apos;" date="2025-12-17T18:22:44.877" /><!-- duration: 0ms -->
            <step title="Copying file: &apos;Google.Api.CommonProtos.dll&apos;" date="2025-12-17T18:22:44.893" /><!-- duration: 0ms -->
            <step title="Copying file: &apos;Google.Api.Gax.dll&apos;" date="2025-12-17T18:22:44.908" /><!-- duration: 0ms -->
            <step title="Copying file: &apos;Google.Api.Gax.Grpc.dll&apos;" date="2025-12-17T18:22:44.924" /><!-- duration: 0ms -->
            <step title="Copying file: &apos;Google.Apis.Auth.dll&apos;" date="2025-12-17T18:22:44.940" /><!-- duration: 0ms -->
            <step title="Copying file: &apos;Google.Apis.Core.dll&apos;" date="2025-12-17T18:22:44.955" /><!-- duration: 0ms -->
            <step title="Copying file: &apos;Google.Apis.dll&apos;" date="2025-12-17T18:22:44.971" /><!-- duration: 16ms -->
            <step title="Copying file: &apos;Google.Cloud.Vision.V1.dll&apos;" date="2025-12-17T18:22:45.002" /><!-- duration: 0ms -->
            <step title="Copying file: &apos;Google.LongRunning.dll&apos;" date="2025-12-17T18:22:45.018" /><!-- duration: 0ms -->
            <step title="Copying file: &apos;Google.Protobuf.dll&apos;" date="2025-12-17T18:22:45.033" /><!-- duration: 0ms -->
            <step title="Copying file: &apos;Grpc.Auth.dll&apos;" date="2025-12-17T18:22:45.049" /><!-- duration: 0ms -->
            <step title="Copying file: &apos;Grpc.Core.Api.dll&apos;" date="2025-12-17T18:22:45.065" /><!-- duration: 16ms -->
            <step title="Copying file: &apos;Grpc.Net.Client.dll&apos;" date="2025-12-17T18:22:45.080" /><!-- duration: 16ms -->
            <step title="Copying file: &apos;Grpc.Net.Common.dll&apos;" date="2025-12-17T18:22:45.127" /><!-- duration: 16ms -->
            <step title="Copying file: &apos;Microsoft.AspNetCore.Authentication.JwtBearer.dll&apos;" date="2025-12-17T18:22:45.143" /><!-- duration: 0ms -->
            <step title="Copying file: &apos;Microsoft.AspNetCore.OpenApi.dll&apos;" date="2025-12-17T18:22:45.158" /><!-- duration: 16ms -->
            <step title="Copying file: &apos;Microsoft.Bcl.AsyncInterfaces.dll&apos;" date="2025-12-17T18:22:45.174" /><!-- duration: 16ms -->
            <step title="Copying file: &apos;Microsoft.Data.SqlClient.dll&apos;" date="2025-12-17T18:22:45.205" /><!-- duration: 0ms -->
            <step title="Copying file: &apos;Microsoft.EntityFrameworkCore.Abstractions.dll&apos;" date="2025-12-17T18:22:45.205" /><!-- duration: 16ms -->
            <step title="Copying file: &apos;Microsoft.EntityFrameworkCore.dll&apos;" date="2025-12-17T18:22:45.283" /><!-- duration: 16ms -->
            <step title="Copying file: &apos;Microsoft.EntityFrameworkCore.InMemory.dll&apos;" date="2025-12-17T18:22:45.315" /><!-- duration: 0ms -->
            <step title="Copying file: &apos;Microsoft.EntityFrameworkCore.Relational.dll&apos;" date="2025-12-17T18:22:45.330" /><!-- duration: 0ms -->
            <step title="Copying file: &apos;Microsoft.EntityFrameworkCore.SqlServer.dll&apos;" date="2025-12-17T18:22:45.346" /><!-- duration: 16ms -->
            <step title="Copying file: &apos;Microsoft.Extensions.Caching.Memory.dll&apos;" date="2025-12-17T18:22:45.377" /><!-- duration: 0ms -->
            <step title="Copying file: &apos;Microsoft.Extensions.DependencyInjection.Abstractions.dll&apos;" date="2025-12-17T18:22:45.393" /><!-- duration: 0ms -->
            <step title="Copying file: &apos;Microsoft.Extensions.DependencyInjection.dll&apos;" date="2025-12-17T18:22:45.408" /><!-- duration: 0ms -->
            <step title="Copying file: &apos;Microsoft.Extensions.DependencyModel.dll&apos;" date="2025-12-17T18:22:45.424" /><!-- duration: 0ms -->
            <step title="Copying file: &apos;Microsoft.Extensions.Logging.Abstractions.dll&apos;" date="2025-12-17T18:22:45.440" /><!-- duration: 0ms -->
            <step title="Copying file: &apos;Microsoft.Extensions.Logging.dll&apos;" date="2025-12-17T18:22:45.455" /><!-- duration: 16ms -->
            <step title="Copying file: &apos;Microsoft.Extensions.Options.dll&apos;" date="2025-12-17T18:22:45.487" /><!-- duration: 0ms -->
            <step title="Copying file: &apos;Microsoft.Identity.Client.dll&apos;" date="2025-12-17T18:22:45.502" /><!-- duration: 16ms -->
            <step title="Copying file: &apos;Microsoft.Identity.Client.Extensions.Msal.dll&apos;" date="2025-12-17T18:22:45.518" /><!-- duration: 16ms -->
            <step title="Copying file: &apos;Microsoft.IdentityModel.Abstractions.dll&apos;" date="2025-12-17T18:22:45.549" /><!-- duration: 0ms -->
            <step title="Copying file: &apos;Microsoft.IdentityModel.JsonWebTokens.dll&apos;" date="2025-12-17T18:22:45.565" /><!-- duration: 0ms -->
            <step title="Copying file: &apos;Microsoft.IdentityModel.Logging.dll&apos;" date="2025-12-17T18:22:45.580" /><!-- duration: 0ms -->
            <step title="Copying file: &apos;Microsoft.IdentityModel.Protocols.dll&apos;" date="2025-12-17T18:22:45.596" /><!-- duration: 16ms -->
            <step title="Copying file: &apos;Microsoft.IdentityModel.Protocols.OpenIdConnect.dll&apos;" date="2025-12-17T18:22:45.612" /><!-- duration: 16ms -->
            <step title="Omitting next output lines..." date="2025-12-17T18:22:45.643" /><!-- duration: 0ms -->
            <step title="Finished successfully." date="2025-12-17T18:22:47.815" /><!-- duration: 0ms -->
          </step><!-- duration: 3813ms -->
          <step title="Build completed succesfully." date="2025-12-17T18:22:47.862" /><!-- duration: 0ms -->
          <step title="Running post deployment command(s)..." date="2025-12-17T18:22:47.909" /><!-- duration: 0ms -->
          <step title="Requesting site restart" date="2025-12-17T18:22:47.955" /><!-- duration: 0ms -->
          <step title="Requesting site restart" date="2025-12-17T18:22:47.971" /><!-- duration: 0ms -->
          <step title="Requesting site restart. Attempt #1" date="2025-12-17T18:22:48.002" /><!-- duration: 16ms -->
          <step title="Requesting site restart. Attempt #1" date="2025-12-17T18:22:48.018" /><!-- duration: 0ms -->
          <step title="Successfully requested a restart. Attempt #1" date="2025-12-17T18:22:48.143" /><!-- duration: 0ms -->
          <step title="Successfully requested a restart. Attempt #1" date="2025-12-17T18:22:48.159" /><!-- duration: 0ms -->
          <step title="Deployment successful. DEPLOYMENTINFO: deploymentPath = OneDeploy, deployer = OneDeploy, os = windows, sku = Free, siteName = smartstudy-api, siteHostName = smartstudy-api-athtbtapcvdjesbe.centralindia-01.azurewebsites.net, deploymentStatus = Success" date="2025-12-17T18:22:48.190" /><!-- duration: 16ms -->
          <step title="Purge deployment items" date="2025-12-17T18:22:48.299" >
            <step title="Remove 44229f494, Success, received at 12/14/2025 12:54:49 PM" date="2025-12-17T18:22:48.409" /><!-- duration: 0ms -->
          </step><!-- duration: 109ms -->
        </step><!-- duration: 4813ms -->
      </step><!-- duration: 5016ms -->
      <step title="Cleaning up temp files" date="2025-12-17T18:22:48.440" /><!-- duration: 16ms -->
      <step title="Skip function trigger and logicapp sync because function is not enabled." date="2025-12-17T18:22:48.455" /><!-- duration: 0ms -->
    </step><!-- duration: 5735ms -->
    <step title="LockFile &apos;C:\home\site\locks\deployments.lock&apos; released" date="2025-12-17T18:22:48.502" /><!-- duration: 0ms -->
    <step title="Deleting shutdown sentinel file" date="2025-12-17T18:22:48.518" SemaphoreCount="8" /><!-- duration: 0ms -->
  </step><!-- duration: 5938ms -->
  <step title="Outgoing response" date="2025-12-17T18:22:48.518" type="response" statusCode="200" statusText="OK" Server="Microsoft-IIS/10.0" x-ms-request-id="5b139892-db75-11f0-ac8c-7404f1536f46" Cache-Control="private" X-AspNet-Version="4.0.30319" /><!-- duration: 16ms -->
</step><!-- duration: 5985ms -->
