<step title="Incoming Request" date="2025-12-14T12:32:51.388" instance="22a7da" url="/api/publish?async=true&amp;deployer=GITHUB_ONE_DEPLOY&amp;type=zip&amp;message=%7B%22type%22%3A%22deployment%22%2C%22sha%22%3A%22dd0ded85a91d71eacd188cdaecdf2822e17d60f7%22%2C%22repoName%22%3A%22sadabyakod%2Fschool-ai-chatbot%22%2C%22actor%22%3A%22sadabyakod%22%2C%22slotName%22%3A%22Production%22%2C%22commitMessage%22%3A%22Simplify%20app%20header%20and%20navigation%20with%20cleaner%20premium%20UI%20styles%22%7D" method="POST" type="request" pid="10924,2,8" Transfer-Encoding="chunked" Content-Type="application/octet-stream" Authorization="Bea..." Cookie="ARRAffinity=22a7daa836b64a8ce56c907737553d08297ff2e76cd06a1f52c29956b9a85c17;Path=/;HttpOnly;Secure;Domain=smartstudy-api-athtbtapcvdjesbe.scm.centralindia-01.azurewebsites.net; ARRAffinitySameSite=22a7daa836b64a8ce56c907737553d08297ff2e76cd06a1f52c29956b9a85c17;Path=/;HttpOnly;SameSite=None;Secure;Domain=smartstudy-api-athtbtapcvdjesbe.scm.centralindia-01.azurewebsites.net" Host="smartstudy-api-athtbtapcvdjesbe.scm.centralindia-01.azurewebsites.net" User-Agent="GITHUBACTIONS_DeployWebAppToAzure_b38e683445ac2cccfa8cd358babf8f5a5158c9572d0969b43cb3c24e61907cfe" X-ARR-LOG-ID="93395f31-b386-493b-9005-0d72dfbd40e6" CLIENT-IP="172.174.167.21:12328" X-SITE-DEPLOYMENT-ID="smartstudy-api" WAS-DEFAULT-HOSTNAME="smartstudy-api-athtbtapcvdjesbe.scm.centralindia-01.azurewebsites.net" X-Forwarded-Proto="https" X-AppService-Proto="https" X-Forwarded-TlsVersion="1.3" X-WAWS-Unencoded-URL="/api/publish?async=true&amp;deployer=GITHUB_ONE_DEPLOY&amp;type=zip&amp;message=%7B%22type%22%3A%22deployment%22%2C%22sha%22%3A%22dd0ded85a91d71eacd188cdaecdf2822e17d60f7%22%2C%22repoName%22%3A%22sadabyakod%2Fschool-ai-chatbot%22%2C%22actor%22%3A%22sadabyakod%22%2C%22slotName%22%3A%22Production%22%2C%22commitMessage%22%3A%22Simplify%20app%20header%20and%20navigation%20with%20cleaner%20premium%20UI%20styles%22%7D" >
  <step title="OneDeploy" date="2025-12-14T12:32:51.935" >
    <step title="Starting PushDeployAsync" date="2025-12-14T12:32:51.966" /><!-- duration: 0ms -->
    <step title="Updating shutdown sentinel last write time" date="2025-12-14T12:32:51.997" SemaphoreCount="7" /><!-- duration: 16ms -->
    <step title="LockFile &apos;C:\home\site\locks\deployments.lock&apos; acquired" date="2025-12-14T12:32:52.013" /><!-- duration: 0ms -->
    <step title="Saving request content to C:\local\Temp\zipdeploy\ifz05tyc.zip" date="2025-12-14T12:32:52.013" >
      <step title="Total 13,796,194 bytes written to C:\local\Temp\zipdeploy\ifz05tyc.zip" date="2025-12-14T12:32:55.122" /><!-- duration: 0ms -->
    </step><!-- duration: 3110ms -->
    <step title="LockFile &apos;C:\home\site\locks\deployments.lock&apos; released" date="2025-12-14T12:32:55.138" /><!-- duration: 0ms -->
    <step title="Deleting shutdown sentinel file" date="2025-12-14T12:32:55.154" SemaphoreCount="8" /><!-- duration: 0ms -->
    <step title="Starting FetchDeploy" date="2025-12-14T12:32:55.154" /><!-- duration: 16ms -->
    <step title="Start deployment in the background" date="2025-12-14T12:32:55.169" /><!-- duration: 78ms -->
  </step><!-- duration: 3313ms -->
  <step title="Outgoing response" date="2025-12-14T12:32:55.263" type="response" statusCode="202" statusText="Accepted" Server="Microsoft-IIS/10.0" x-ms-request-id="93395f31-b386-493b-9005-0d72dfbd40e6" Retry-After="30" Cache-Control="private" X-AspNet-Version="4.0.30319" Location="https://smartstudy-api-athtbtapcvdjesbe.scm.centralindia-01.azurewebsites.net/api/deployments/latest?deployer=OneDeploy&amp;time=2025-12-14_12-32-55Z" /><!-- duration: 0ms -->
</step><!-- duration: 3875ms -->
