<step title="BackgroundTrace" date="2025-12-16T13:35:00.813" instance="a6e48b" url="/api/publish" method="POST" >
  <step title="Updating shutdown sentinel last write time" date="2025-12-16T13:35:00.829" SemaphoreCount="7" /><!-- duration: 0ms -->
  <step title="LockFile &apos;C:\home\site\locks\deployments.lock&apos; acquired" date="2025-12-16T13:35:00.829" /><!-- duration: 0ms -->
  <step title="Creating temporary deployment" date="2025-12-16T13:35:00.845" /><!-- duration: 63ms -->
  <step title="Performing fetch based deployment" date="2025-12-16T13:35:00.923" >
    <step title="Fetching changes." date="2025-12-16T13:35:00.985" /><!-- duration: 0ms -->
    <step title="Starting LocalZipHandler" date="2025-12-16T13:35:01.001" /><!-- duration: 0ms -->
    <step title="Cleaning up temp folders from previous zip deployments and extracting pushed zip file C:\local\Temp\zipdeploy\jpx1fy03.zip (13.17 MB) to C:\local\Temp\zipdeploy\extracted" date="2025-12-16T13:35:01.032" /><!-- duration: 0ms -->
    <step title="Cleaning up temp folders from previous zip deployments and extracting pushed zip file C:\local\Temp\zipdeploy\jpx1fy03.zip (13.17 MB) to C:\local\Temp\zipdeploy\extracted" date="2025-12-16T13:35:01.032" >
      <step title="Extracting 115 entries to C:\local\Temp\zipdeploy\extracted directory" date="2025-12-16T13:35:01.048" >
        <step title="Extracting to C:\local\Temp\zipdeploy\extracted\appsettings.json ..." date="2025-12-16T13:35:01.063" /><!-- duration: 16ms -->
        <step title="Extracting to C:\local\Temp\zipdeploy\extracted\appsettings.template.json ..." date="2025-12-16T13:35:01.079" /><!-- duration: 16ms -->
        <step title="Extracting to C:\local\Temp\zipdeploy\extracted\Azure.Core.dll ..." date="2025-12-16T13:35:01.095" /><!-- duration: 16ms -->
        <step title="Extracting to C:\local\Temp\zipdeploy\extracted\Azure.Identity.dll ..." date="2025-12-16T13:35:01.110" /><!-- duration: 0ms -->
        <step title="Extracting to C:\local\Temp\zipdeploy\extracted\Azure.Storage.Blobs.dll ..." date="2025-12-16T13:35:01.126" /><!-- duration: 16ms -->
        <step title="Omitting extracting file traces ..." date="2025-12-16T13:35:01.142" /><!-- duration: 16ms -->
      </step><!-- duration: 563ms -->
    </step><!-- duration: 578ms -->
    <step title="Before sending BuildRequestReceived status to /api/updatedeploystatus" date="2025-12-16T13:35:01.610" /><!-- duration: 16ms -->
    <step title="DeploymentManager.Deploy(id:352d0646070341d3bfc0361ad03410df)" date="2025-12-16T13:35:01.626" >
      <step title="Collecting changeset information" date="2025-12-16T13:35:01.642" /><!-- duration: 47ms -->
      <step title="Updating submodules" date="2025-12-16T13:35:01.688" >
        <step title="Updating submodules." date="2025-12-16T13:35:01.735" /><!-- duration: 0ms -->
      </step><!-- duration: 47ms -->
      <step title="Preparing deployment for commit id &apos;352d064607&apos;." date="2025-12-16T13:35:01.798" /><!-- duration: 0ms -->
      <step title="Determining deployment builder" date="2025-12-16T13:35:01.829" >
        <step title="Builder is OneDeployBuilder" date="2025-12-16T13:35:01.845" /><!-- duration: 0ms -->
      </step><!-- duration: 16ms -->
      <step title="Copying SSH keys" date="2025-12-16T13:35:01.907" /><!-- duration: 31ms -->
      <step title="Building" date="2025-12-16T13:35:01.954" >
        <step title="Running build. Project type: OneDeploy" date="2025-12-16T13:35:01.985" /><!-- duration: 16ms -->
        <step title="Copying the manifest" date="2025-12-16T13:35:02.048" /><!-- duration: 0ms -->
        <step title="Clean deploying to C:\home\site\wwwroot" date="2025-12-16T13:35:02.095" /><!-- duration: 0ms -->
        <step title="Generating deployment script." date="2025-12-16T13:35:02.142" /><!-- duration: 0ms -->
        <step title="Generating deployment script" date="2025-12-16T13:35:02.157" >
          <step title="Using the following command to generate deployment script: &apos;azure site deploymentscript -y --no-dot-deployment -r &quot;C:\local\Temp\zipdeploy\extracted&quot; -o &quot;C:\home\site\deployments\tools&quot; --basic --sitePath &quot;C:\local\Temp\zipdeploy\extracted&quot;&apos;." date="2025-12-16T13:35:02.204" /><!-- duration: 0ms -->
          <step title="Executing external process" date="2025-12-16T13:35:02.220" type="process" path="starter.cmd" arguments="&quot;C:\Program Files (x86)\SiteExtensions\Kudu\2025.11.1.1\bin\node_modules\.bin\kuduscript.cmd&quot; -y --no-dot-deployment -r &quot;C:\local\Temp\zipdeploy\extracted&quot; -o &quot;C:\home\site\deployments\tools&quot; --basic --sitePath &quot;C:\local\Temp\zipdeploy\extracted&quot;" >
            <step title="Generating deployment script for Web Site" date="2025-12-16T13:35:02.329" /><!-- duration: 16ms -->
            <step title="Generated deployment script files" date="2025-12-16T13:35:02.345" /><!-- duration: 0ms -->
          </step><!-- duration: 141ms -->
          <step title="Saved cached version of the deployment script for command -y --no-dot-deployment -r &quot;C:\local\Temp\zipdeploy\extracted&quot; -o &quot;C:\home\site\deployments\tools&quot; --basic --sitePath &quot;C:\local\Temp\zipdeploy\extracted&quot;" date="2025-12-16T13:35:02.376" /><!-- duration: 0ms -->
        </step><!-- duration: 234ms -->
        <step title="Running deployment command..." date="2025-12-16T13:35:02.423" /><!-- duration: 0ms -->
        <step title="Command: &quot;C:\home\site\deployments\tools\deploy.cmd&quot;" date="2025-12-16T13:35:02.439" /><!-- duration: 0ms -->
        <step title="Executing external process" date="2025-12-16T13:35:02.439" type="process" path="starter.cmd" arguments="&quot;C:\home\site\deployments\tools\deploy.cmd&quot;" >
          <step title="Handling Basic Web Site deployment." date="2025-12-16T13:35:02.564" /><!-- duration: 0ms -->
          <step title="Creating app_offline.htm" date="2025-12-16T13:35:02.939" /><!-- duration: 0ms -->
          <step title="KuduSync.NET from: &apos;C:\local\Temp\zipdeploy\extracted&apos; to: &apos;C:\home\site\wwwroot&apos;" date="2025-12-16T13:35:02.954" /><!-- duration: 0ms -->
          <step title="Deleting file: &apos;logs\app-20251215.log&apos;" date="2025-12-16T13:35:02.970" /><!-- duration: 0ms -->
          <step title="Deleting file: &apos;logs\app-20251216.log&apos;" date="2025-12-16T13:35:02.970" /><!-- duration: 16ms -->
          <step title="Deleting file: &apos;logs\stdout_20251215073710_14924.log&apos;" date="2025-12-16T13:35:02.985" /><!-- duration: 0ms -->
          <step title="Deleting file: &apos;logs\stdout_20251215092453_18536.log&apos;" date="2025-12-16T13:35:03.001" /><!-- duration: 0ms -->
          <step title="Deleting file: &apos;logs\stdout_20251215095210_14484.log&apos;" date="2025-12-16T13:35:03.017" /><!-- duration: 0ms -->
          <step title="Deleting file: &apos;logs\stdout_20251215154413_10712.log&apos;" date="2025-12-16T13:35:03.017" /><!-- duration: 16ms -->
          <step title="Deleting file: &apos;logs\stdout_20251215161744_11600.log&apos;" date="2025-12-16T13:35:03.032" /><!-- duration: 0ms -->
          <step title="Deleting file: &apos;logs\stdout_20251215164314_14280.log&apos;" date="2025-12-16T13:35:03.048" /><!-- duration: 0ms -->
          <step title="Deleting file: &apos;logs\stdout_20251216011030_6020.log&apos;" date="2025-12-16T13:35:03.064" /><!-- duration: 0ms -->
          <step title="Deleting file: &apos;logs\stdout_20251216111939_19888.log&apos;" date="2025-12-16T13:35:03.079" /><!-- duration: 0ms -->
          <step title="Deleting file: &apos;logs\stdout_20251216122602_15984.log&apos;" date="2025-12-16T13:35:03.095" /><!-- duration: 0ms -->
          <step title="Deleting file: &apos;logs\stdout_20251216132706_12036.log&apos;" date="2025-12-16T13:35:03.110" /><!-- duration: 0ms -->
          <step title="Deleting directory: &apos;logs&apos;" date="2025-12-16T13:35:03.110" /><!-- duration: 16ms -->
          <step title="Copying file: &apos;appsettings.json&apos;" date="2025-12-16T13:35:03.126" /><!-- duration: 0ms -->
          <step title="Copying file: &apos;appsettings.template.json&apos;" date="2025-12-16T13:35:03.142" /><!-- duration: 16ms -->
          <step title="Copying file: &apos;Azure.Core.dll&apos;" date="2025-12-16T13:35:03.173" /><!-- duration: 0ms -->
          <step title="Copying file: &apos;Azure.Identity.dll&apos;" date="2025-12-16T13:35:03.173" /><!-- duration: 0ms -->
          <step title="Copying file: &apos;Azure.Storage.Blobs.dll&apos;" date="2025-12-16T13:35:03.189" /><!-- duration: 0ms -->
          <step title="Copying file: &apos;Azure.Storage.Common.dll&apos;" date="2025-12-16T13:35:03.204" /><!-- duration: 0ms -->
          <step title="Copying file: &apos;Azure.Storage.Queues.dll&apos;" date="2025-12-16T13:35:03.298" /><!-- duration: 16ms -->
          <step title="Copying file: &apos;Google.Api.CommonProtos.dll&apos;" date="2025-12-16T13:35:03.314" /><!-- duration: 31ms -->
          <step title="Copying file: &apos;Google.Api.Gax.dll&apos;" date="2025-12-16T13:35:03.345" /><!-- duration: 0ms -->
          <step title="Copying file: &apos;Google.Api.Gax.Grpc.dll&apos;" date="2025-12-16T13:35:03.360" /><!-- duration: 0ms -->
          <step title="Copying file: &apos;Google.Apis.Auth.dll&apos;" date="2025-12-16T13:35:03.376" /><!-- duration: 0ms -->
          <step title="Copying file: &apos;Google.Apis.Core.dll&apos;" date="2025-12-16T13:35:03.392" /><!-- duration: 0ms -->
          <step title="Copying file: &apos;Google.Apis.dll&apos;" date="2025-12-16T13:35:03.392" /><!-- duration: 16ms -->
          <step title="Copying file: &apos;Google.Cloud.Vision.V1.dll&apos;" date="2025-12-16T13:35:03.407" /><!-- duration: 0ms -->
          <step title="Copying file: &apos;Google.LongRunning.dll&apos;" date="2025-12-16T13:35:03.423" /><!-- duration: 0ms -->
          <step title="Copying file: &apos;Google.Protobuf.dll&apos;" date="2025-12-16T13:35:03.439" /><!-- duration: 0ms -->
          <step title="Copying file: &apos;Grpc.Auth.dll&apos;" date="2025-12-16T13:35:03.454" /><!-- duration: 0ms -->
          <step title="Copying file: &apos;Grpc.Core.Api.dll&apos;" date="2025-12-16T13:35:03.470" /><!-- duration: 0ms -->
          <step title="Copying file: &apos;Grpc.Net.Client.dll&apos;" date="2025-12-16T13:35:03.470" /><!-- duration: 16ms -->
          <step title="Copying file: &apos;Grpc.Net.Common.dll&apos;" date="2025-12-16T13:35:03.485" /><!-- duration: 0ms -->
          <step title="Copying file: &apos;Microsoft.AspNetCore.Authentication.JwtBearer.dll&apos;" date="2025-12-16T13:35:03.501" /><!-- duration: 0ms -->
          <step title="Copying file: &apos;Microsoft.AspNetCore.OpenApi.dll&apos;" date="2025-12-16T13:35:03.517" /><!-- duration: 0ms -->
          <step title="Copying file: &apos;Microsoft.Bcl.AsyncInterfaces.dll&apos;" date="2025-12-16T13:35:03.532" /><!-- duration: 0ms -->
          <step title="Copying file: &apos;Microsoft.Data.SqlClient.dll&apos;" date="2025-12-16T13:35:03.532" /><!-- duration: 16ms -->
          <step title="Copying file: &apos;Microsoft.EntityFrameworkCore.Abstractions.dll&apos;" date="2025-12-16T13:35:03.548" /><!-- duration: 0ms -->
          <step title="Copying file: &apos;Microsoft.EntityFrameworkCore.dll&apos;" date="2025-12-16T13:35:03.564" /><!-- duration: 0ms -->
          <step title="Copying file: &apos;Microsoft.EntityFrameworkCore.InMemory.dll&apos;" date="2025-12-16T13:35:03.579" /><!-- duration: 0ms -->
          <step title="Copying file: &apos;Microsoft.EntityFrameworkCore.Relational.dll&apos;" date="2025-12-16T13:35:03.595" /><!-- duration: 0ms -->
          <step title="Copying file: &apos;Microsoft.EntityFrameworkCore.SqlServer.dll&apos;" date="2025-12-16T13:35:03.595" /><!-- duration: 16ms -->
          <step title="Copying file: &apos;Microsoft.Extensions.Caching.Memory.dll&apos;" date="2025-12-16T13:35:03.626" /><!-- duration: 0ms -->
          <step title="Copying file: &apos;Microsoft.Extensions.DependencyInjection.Abstractions.dll&apos;" date="2025-12-16T13:35:03.642" /><!-- duration: 0ms -->
          <step title="Copying file: &apos;Microsoft.Extensions.DependencyInjection.dll&apos;" date="2025-12-16T13:35:03.657" /><!-- duration: 0ms -->
          <step title="Copying file: &apos;Microsoft.Extensions.DependencyModel.dll&apos;" date="2025-12-16T13:35:03.657" /><!-- duration: 16ms -->
          <step title="Copying file: &apos;Microsoft.Extensions.Logging.Abstractions.dll&apos;" date="2025-12-16T13:35:03.673" /><!-- duration: 0ms -->
          <step title="Copying file: &apos;Microsoft.Extensions.Logging.dll&apos;" date="2025-12-16T13:35:03.689" /><!-- duration: 0ms -->
          <step title="Omitting next output lines..." date="2025-12-16T13:35:03.704" /><!-- duration: 0ms -->
          <step title="Finished successfully." date="2025-12-16T13:35:05.267" /><!-- duration: 0ms -->
        </step><!-- duration: 2828ms -->
        <step title="Build completed succesfully." date="2025-12-16T13:35:05.314" /><!-- duration: 0ms -->
        <step title="Running post deployment command(s)..." date="2025-12-16T13:35:05.360" /><!-- duration: 0ms -->
        <step title="Requesting site restart" date="2025-12-16T13:35:05.407" /><!-- duration: 0ms -->
        <step title="Requesting site restart" date="2025-12-16T13:35:05.423" /><!-- duration: 0ms -->
        <step title="Requesting site restart. Attempt #1" date="2025-12-16T13:35:05.454" /><!-- duration: 16ms -->
        <step title="Requesting site restart. Attempt #1" date="2025-12-16T13:35:05.470" /><!-- duration: 0ms -->
        <step title="Successfully requested a restart. Attempt #1" date="2025-12-16T13:35:05.782" /><!-- duration: 0ms -->
        <step title="Successfully requested a restart. Attempt #1" date="2025-12-16T13:35:05.798" /><!-- duration: 0ms -->
        <step title="Deployment successful. DEPLOYMENTINFO: deploymentPath = OneDeploy, deployer = OneDeploy, os = windows, sku = Free, siteName = smartstudy-api, siteHostName = smartstudy-api-athtbtapcvdjesbe.centralindia-01.azurewebsites.net, deploymentStatus = Success" date="2025-12-16T13:35:05.829" /><!-- duration: 0ms -->
        <step title="Purge deployment items" date="2025-12-16T13:35:05.923" >
          <step title="Remove 12201018e, Success, received at 12/14/2025 12:10:54 PM" date="2025-12-16T13:35:06.032" /><!-- duration: 0ms -->
        </step><!-- duration: 125ms -->
      </step><!-- duration: 4110ms -->
    </step><!-- duration: 4438ms -->
    <step title="Cleaning up temp files" date="2025-12-16T13:35:06.079" /><!-- duration: 0ms -->
    <step title="Skip function trigger and logicapp sync because function is not enabled." date="2025-12-16T13:35:06.095" /><!-- duration: 0ms -->
  </step><!-- duration: 5203ms -->
  <step title="LockFile &apos;C:\home\site\locks\deployments.lock&apos; released" date="2025-12-16T13:35:06.142" /><!-- duration: 0ms -->
  <step title="Deleting shutdown sentinel file" date="2025-12-16T13:35:06.142" SemaphoreCount="8" /><!-- duration: 16ms -->
</step><!-- duration: 5344ms -->
