<step title="BackgroundTrace" date="2025-12-13T19:44:14.960" instance="22a7da" url="/api/publish" method="POST" >
  <step title="Updating shutdown sentinel last write time" date="2025-12-13T19:44:14.976" SemaphoreCount="7" /><!-- duration: 0ms -->
  <step title="LockFile &apos;C:\home\site\locks\deployments.lock&apos; acquired" date="2025-12-13T19:44:14.976" /><!-- duration: 0ms -->
  <step title="Creating temporary deployment" date="2025-12-13T19:44:14.976" /><!-- duration: 31ms -->
  <step title="Performing fetch based deployment" date="2025-12-13T19:44:15.007" >
    <step title="Fetching changes." date="2025-12-13T19:44:15.054" /><!-- duration: 16ms -->
    <step title="Starting LocalZipHandler" date="2025-12-13T19:44:15.069" /><!-- duration: 0ms -->
    <step title="Cleaning up temp folders from previous zip deployments and extracting pushed zip file C:\local\Temp\zipdeploy\zandr2x1.zip (13.12 MB) to C:\local\Temp\zipdeploy\extracted" date="2025-12-13T19:44:15.101" /><!-- duration: 0ms -->
    <step title="Cleaning up temp folders from previous zip deployments and extracting pushed zip file C:\local\Temp\zipdeploy\zandr2x1.zip (13.12 MB) to C:\local\Temp\zipdeploy\extracted" date="2025-12-13T19:44:15.116" >
      <step title="Renaming extractTargetDirectory(C:\local\Temp\zipdeploy\extracted) to tempDirectory(C:\local\Temp\zipdeploy\ull302uy.y4o)" date="2025-12-13T19:44:15.116" /><!-- duration: 0ms -->
      <step title="Extracting 115 entries to C:\local\Temp\zipdeploy\extracted directory" date="2025-12-13T19:44:15.132" >
        <step title="Extracting to C:\local\Temp\zipdeploy\extracted\appsettings.json ..." date="2025-12-13T19:44:15.132" /><!-- duration: 16ms -->
        <step title="Extracting to C:\local\Temp\zipdeploy\extracted\appsettings.template.json ..." date="2025-12-13T19:44:15.163" /><!-- duration: 0ms -->
        <step title="Extracting to C:\local\Temp\zipdeploy\extracted\Azure.Core.dll ..." date="2025-12-13T19:44:15.163" /><!-- duration: 16ms -->
        <step title="Extracting to C:\local\Temp\zipdeploy\extracted\Azure.Identity.dll ..." date="2025-12-13T19:44:15.194" /><!-- duration: 0ms -->
        <step title="Extracting to C:\local\Temp\zipdeploy\extracted\Azure.Storage.Blobs.dll ..." date="2025-12-13T19:44:15.194" /><!-- duration: 31ms -->
        <step title="Omitting extracting file traces ..." date="2025-12-13T19:44:15.226" /><!-- duration: 0ms -->
      </step><!-- duration: 531ms -->
    </step><!-- duration: 563ms -->
    <step title="Before sending BuildRequestReceived status to /api/updatedeploystatus" date="2025-12-13T19:44:15.679" /><!-- duration: 0ms -->
    <step title="DeploymentManager.Deploy(id:af0ab2464a854ca699bb5976ceeaced9)" date="2025-12-13T19:44:15.694" >
      <step title="Collecting changeset information" date="2025-12-13T19:44:15.710" /><!-- duration: 31ms -->
      <step title="Updating submodules" date="2025-12-13T19:44:15.741" >
        <step title="Updating submodules." date="2025-12-13T19:44:15.788" /><!-- duration: 0ms -->
      </step><!-- duration: 47ms -->
      <step title="Preparing deployment for commit id &apos;af0ab2464a&apos;." date="2025-12-13T19:44:15.835" /><!-- duration: 16ms -->
      <step title="Determining deployment builder" date="2025-12-13T19:44:15.882" >
        <step title="Builder is OneDeployBuilder" date="2025-12-13T19:44:15.897" /><!-- duration: 0ms -->
      </step><!-- duration: 16ms -->
      <step title="Copying SSH keys" date="2025-12-13T19:44:15.929" /><!-- duration: 0ms -->
      <step title="Building" date="2025-12-13T19:44:15.929" >
        <step title="Running build. Project type: OneDeploy" date="2025-12-13T19:44:15.976" /><!-- duration: 0ms -->
        <step title="Copying the manifest" date="2025-12-13T19:44:16.007" /><!-- duration: 16ms -->
        <step title="Clean deploying to C:\home\site\wwwroot" date="2025-12-13T19:44:16.069" /><!-- duration: 0ms -->
        <step title="Generating deployment script." date="2025-12-13T19:44:16.116" /><!-- duration: 0ms -->
        <step title="Generating deployment script" date="2025-12-13T19:44:16.116" >
          <step title="Using cached version of the deployment script for command: -y --no-dot-deployment -r &quot;C:\local\Temp\zipdeploy\extracted&quot; -o &quot;C:\home\site\deployments\tools&quot; --basic --sitePath &quot;C:\local\Temp\zipdeploy\extracted&quot;" date="2025-12-13T19:44:16.132" /><!-- duration: 16ms -->
          <step title="Using cached version of deployment script (command: &apos;azure -y --no-dot-deployment -r &quot;C:\local\Temp\zipdeploy\extracted&quot; -o &quot;C:\home\site\deployments\tools&quot; --basic --sitePath &quot;C:\local\Temp\zipdeploy\extracted&quot;&apos;)." date="2025-12-13T19:44:16.179" /><!-- duration: 0ms -->
        </step><!-- duration: 63ms -->
        <step title="Running deployment command..." date="2025-12-13T19:44:16.210" /><!-- duration: 16ms -->
        <step title="Command: &quot;C:\home\site\deployments\tools\deploy.cmd&quot;" date="2025-12-13T19:44:16.226" /><!-- duration: 16ms -->
        <step title="Executing external process" date="2025-12-13T19:44:16.241" type="process" path="starter.cmd" arguments="&quot;C:\home\site\deployments\tools\deploy.cmd&quot;" >
          <step title="Handling Basic Web Site deployment." date="2025-12-13T19:44:16.382" /><!-- duration: 0ms -->
          <step title="Creating app_offline.htm" date="2025-12-13T19:44:16.929" /><!-- duration: 16ms -->
          <step title="KuduSync.NET from: &apos;C:\local\Temp\zipdeploy\extracted&apos; to: &apos;C:\home\site\wwwroot&apos;" date="2025-12-13T19:44:16.944" /><!-- duration: 31ms -->
          <step title="Deleting file: &apos;logs\app-20251213.log&apos;" date="2025-12-13T19:44:16.976" /><!-- duration: 0ms -->
          <step title="Deleting file: &apos;logs\stdout_20251213172234_13516.log&apos;" date="2025-12-13T19:44:16.991" /><!-- duration: 0ms -->
          <step title="Deleting file: &apos;logs\stdout_20251213190848_20828.log&apos;" date="2025-12-13T19:44:17.007" /><!-- duration: 0ms -->
          <step title="Deleting directory: &apos;logs&apos;" date="2025-12-13T19:44:17.038" /><!-- duration: 0ms -->
          <step title="Copying file: &apos;appsettings.json&apos;" date="2025-12-13T19:44:17.054" /><!-- duration: 0ms -->
          <step title="Copying file: &apos;appsettings.template.json&apos;" date="2025-12-13T19:44:17.069" /><!-- duration: 0ms -->
          <step title="Copying file: &apos;Azure.Core.dll&apos;" date="2025-12-13T19:44:17.085" /><!-- duration: 0ms -->
          <step title="Copying file: &apos;Azure.Identity.dll&apos;" date="2025-12-13T19:44:17.101" /><!-- duration: 0ms -->
          <step title="Copying file: &apos;Azure.Storage.Blobs.dll&apos;" date="2025-12-13T19:44:17.116" /><!-- duration: 0ms -->
          <step title="Copying file: &apos;Azure.Storage.Common.dll&apos;" date="2025-12-13T19:44:17.132" /><!-- duration: 0ms -->
          <step title="Copying file: &apos;Azure.Storage.Queues.dll&apos;" date="2025-12-13T19:44:17.148" /><!-- duration: 0ms -->
          <step title="Copying file: &apos;Google.Api.CommonProtos.dll&apos;" date="2025-12-13T19:44:17.163" /><!-- duration: 0ms -->
          <step title="Copying file: &apos;Google.Api.Gax.dll&apos;" date="2025-12-13T19:44:17.179" /><!-- duration: 0ms -->
          <step title="Copying file: &apos;Google.Api.Gax.Grpc.dll&apos;" date="2025-12-13T19:44:17.179" /><!-- duration: 16ms -->
          <step title="Copying file: &apos;Google.Apis.Auth.dll&apos;" date="2025-12-13T19:44:17.194" /><!-- duration: 16ms -->
          <step title="Copying file: &apos;Google.Apis.Core.dll&apos;" date="2025-12-13T19:44:17.210" /><!-- duration: 16ms -->
          <step title="Copying file: &apos;Google.Apis.dll&apos;" date="2025-12-13T19:44:17.241" /><!-- duration: 16ms -->
          <step title="Copying file: &apos;Google.Cloud.Vision.V1.dll&apos;" date="2025-12-13T19:44:17.257" /><!-- duration: 16ms -->
          <step title="Copying file: &apos;Google.LongRunning.dll&apos;" date="2025-12-13T19:44:17.273" /><!-- duration: 16ms -->
          <step title="Copying file: &apos;Google.Protobuf.dll&apos;" date="2025-12-13T19:44:17.288" /><!-- duration: 16ms -->
          <step title="Copying file: &apos;Grpc.Auth.dll&apos;" date="2025-12-13T19:44:17.304" /><!-- duration: 16ms -->
          <step title="Copying file: &apos;Grpc.Core.Api.dll&apos;" date="2025-12-13T19:44:17.319" /><!-- duration: 16ms -->
          <step title="Copying file: &apos;Grpc.Net.Client.dll&apos;" date="2025-12-13T19:44:17.335" /><!-- duration: 16ms -->
          <step title="Copying file: &apos;Grpc.Net.Common.dll&apos;" date="2025-12-13T19:44:17.351" /><!-- duration: 16ms -->
          <step title="Copying file: &apos;Microsoft.AspNetCore.Authentication.JwtBearer.dll&apos;" date="2025-12-13T19:44:17.366" /><!-- duration: 16ms -->
          <step title="Copying file: &apos;Microsoft.AspNetCore.OpenApi.dll&apos;" date="2025-12-13T19:44:17.398" /><!-- duration: 0ms -->
          <step title="Copying file: &apos;Microsoft.Bcl.AsyncInterfaces.dll&apos;" date="2025-12-13T19:44:17.413" /><!-- duration: 0ms -->
          <step title="Copying file: &apos;Microsoft.Data.SqlClient.dll&apos;" date="2025-12-13T19:44:17.429" /><!-- duration: 0ms -->
          <step title="Copying file: &apos;Microsoft.EntityFrameworkCore.Abstractions.dll&apos;" date="2025-12-13T19:44:17.444" /><!-- duration: 0ms -->
          <step title="Copying file: &apos;Microsoft.EntityFrameworkCore.dll&apos;" date="2025-12-13T19:44:17.460" /><!-- duration: 16ms -->
          <step title="Copying file: &apos;Microsoft.EntityFrameworkCore.InMemory.dll&apos;" date="2025-12-13T19:44:17.476" /><!-- duration: 16ms -->
          <step title="Copying file: &apos;Microsoft.EntityFrameworkCore.Relational.dll&apos;" date="2025-12-13T19:44:17.491" /><!-- duration: 16ms -->
          <step title="Copying file: &apos;Microsoft.EntityFrameworkCore.SqlServer.dll&apos;" date="2025-12-13T19:44:17.507" /><!-- duration: 16ms -->
          <step title="Copying file: &apos;Microsoft.Extensions.Caching.Memory.dll&apos;" date="2025-12-13T19:44:17.523" /><!-- duration: 0ms -->
          <step title="Copying file: &apos;Microsoft.Extensions.DependencyInjection.Abstractions.dll&apos;" date="2025-12-13T19:44:17.538" /><!-- duration: 0ms -->
          <step title="Copying file: &apos;Microsoft.Extensions.DependencyInjection.dll&apos;" date="2025-12-13T19:44:17.554" /><!-- duration: 0ms -->
          <step title="Copying file: &apos;Microsoft.Extensions.DependencyModel.dll&apos;" date="2025-12-13T19:44:17.569" /><!-- duration: 16ms -->
          <step title="Copying file: &apos;Microsoft.Extensions.Logging.Abstractions.dll&apos;" date="2025-12-13T19:44:17.585" /><!-- duration: 16ms -->
          <step title="Copying file: &apos;Microsoft.Extensions.Logging.dll&apos;" date="2025-12-13T19:44:17.601" /><!-- duration: 16ms -->
          <step title="Copying file: &apos;Microsoft.Extensions.Options.dll&apos;" date="2025-12-13T19:44:17.616" /><!-- duration: 16ms -->
          <step title="Copying file: &apos;Microsoft.Identity.Client.dll&apos;" date="2025-12-13T19:44:17.632" /><!-- duration: 16ms -->
          <step title="Copying file: &apos;Microsoft.Identity.Client.Extensions.Msal.dll&apos;" date="2025-12-13T19:44:17.663" /><!-- duration: 0ms -->
          <step title="Copying file: &apos;Microsoft.IdentityModel.Abstractions.dll&apos;" date="2025-12-13T19:44:17.679" /><!-- duration: 0ms -->
          <step title="Copying file: &apos;Microsoft.IdentityModel.JsonWebTokens.dll&apos;" date="2025-12-13T19:44:17.694" /><!-- duration: 0ms -->
          <step title="Copying file: &apos;Microsoft.IdentityModel.Logging.dll&apos;" date="2025-12-13T19:44:17.710" /><!-- duration: 0ms -->
          <step title="Copying file: &apos;Microsoft.IdentityModel.Protocols.dll&apos;" date="2025-12-13T19:44:17.726" /><!-- duration: 0ms -->
          <step title="Copying file: &apos;Microsoft.IdentityModel.Protocols.OpenIdConnect.dll&apos;" date="2025-12-13T19:44:17.741" /><!-- duration: 0ms -->
          <step title="Copying file: &apos;Microsoft.IdentityModel.Tokens.dll&apos;" date="2025-12-13T19:44:17.757" /><!-- duration: 0ms -->
          <step title="Omitting next output lines..." date="2025-12-13T19:44:17.773" /><!-- duration: 0ms -->
          <step title="Finished successfully." date="2025-12-13T19:44:20.089" /><!-- duration: 16ms -->
        </step><!-- duration: 3864ms -->
        <step title="Build completed succesfully." date="2025-12-13T19:44:20.152" /><!-- duration: 0ms -->
        <step title="Running post deployment command(s)..." date="2025-12-13T19:44:20.199" /><!-- duration: 0ms -->
        <step title="Requesting site restart" date="2025-12-13T19:44:20.245" /><!-- duration: 0ms -->
        <step title="Requesting site restart" date="2025-12-13T19:44:20.245" /><!-- duration: 16ms -->
        <step title="Requesting site restart. Attempt #1" date="2025-12-13T19:44:20.308" /><!-- duration: 0ms -->
        <step title="Requesting site restart. Attempt #1" date="2025-12-13T19:44:20.308" /><!-- duration: 16ms -->
        <step title="Successfully requested a restart. Attempt #1" date="2025-12-13T19:44:20.636" /><!-- duration: 0ms -->
        <step title="Successfully requested a restart. Attempt #1" date="2025-12-13T19:44:20.636" /><!-- duration: 16ms -->
        <step title="Deployment successful. DEPLOYMENTINFO: deploymentPath = OneDeploy, deployer = OneDeploy, os = windows, sku = Free, siteName = smartstudy-api, siteHostName = smartstudy-api-athtbtapcvdjesbe.centralindia-01.azurewebsites.net, deploymentStatus = Success" date="2025-12-13T19:44:20.683" /><!-- duration: 16ms -->
        <step title="Purge deployment items" date="2025-12-13T19:44:20.777" >
          <step title="Remove fca0b1391, Success, received at 12/12/2025 6:34:36 PM" date="2025-12-13T19:44:20.839" /><!-- duration: 0ms -->
        </step><!-- duration: 78ms -->
      </step><!-- duration: 4942ms -->
    </step><!-- duration: 5192ms -->
    <step title="Cleaning up temp files" date="2025-12-13T19:44:20.886" /><!-- duration: 0ms -->
    <step title="Skip function trigger and logicapp sync because function is not enabled." date="2025-12-13T19:44:20.902" /><!-- duration: 0ms -->
  </step><!-- duration: 5942ms -->
  <step title="LockFile &apos;C:\home\site\locks\deployments.lock&apos; released" date="2025-12-13T19:44:20.964" /><!-- duration: 0ms -->
  <step title="Deleting shutdown sentinel file" date="2025-12-13T19:44:20.964" SemaphoreCount="8" /><!-- duration: 16ms -->
</step><!-- duration: 6020ms -->
