<step title="Incoming Request" date="2025-12-13T11:04:05.227" instance="22a7da" url="/api/publish?async=true&amp;deployer=GITHUB_ONE_DEPLOY&amp;type=zip&amp;message=%7B%22type%22%3A%22deployment%22%2C%22sha%22%3A%226e5b7c907f1889d1197cafa0801ad9f320a4486f%22%2C%22repoName%22%3A%22sadabyakod%2Fschool-ai-chatbot%22%2C%22actor%22%3A%22sadabyakod%22%2C%22slotName%22%3A%22Production%22%2C%22commitMessage%22%3A%22Increase%20file%20upload%20limit%20to%20500MB%22%7D" method="POST" type="request" pid="16872,2,103" Transfer-Encoding="chunked" Content-Type="application/octet-stream" Authorization="Bea..." Cookie="ARRAffinity=22a7daa836b64a8ce56c907737553d08297ff2e76cd06a1f52c29956b9a85c17;Path=/;HttpOnly;Secure;Domain=smartstudy-api-athtbtapcvdjesbe.scm.centralindia-01.azurewebsites.net; ARRAffinitySameSite=22a7daa836b64a8ce56c907737553d08297ff2e76cd06a1f52c29956b9a85c17;Path=/;HttpOnly;SameSite=None;Secure;Domain=smartstudy-api-athtbtapcvdjesbe.scm.centralindia-01.azurewebsites.net" Host="smartstudy-api-athtbtapcvdjesbe.scm.centralindia-01.azurewebsites.net" User-Agent="GITHUBACTIONS_DeployWebAppToAzure_b38e683445ac2cccfa8cd358babf8f5a5158c9572d0969b43cb3c24e61907cfe" X-ARR-LOG-ID="1368586b-6ede-4832-8c33-7b13c894e570" CLIENT-IP="20.169.72.0:44032" X-SITE-DEPLOYMENT-ID="smartstudy-api" WAS-DEFAULT-HOSTNAME="smartstudy-api-athtbtapcvdjesbe.scm.centralindia-01.azurewebsites.net" X-Forwarded-Proto="https" X-AppService-Proto="https" X-Forwarded-TlsVersion="1.3" X-WAWS-Unencoded-URL="/api/publish?async=true&amp;deployer=GITHUB_ONE_DEPLOY&amp;type=zip&amp;message=%7B%22type%22%3A%22deployment%22%2C%22sha%22%3A%226e5b7c907f1889d1197cafa0801ad9f320a4486f%22%2C%22repoName%22%3A%22sadabyakod%2Fschool-ai-chatbot%22%2C%22actor%22%3A%22sadabyakod%22%2C%22slotName%22%3A%22Production%22%2C%22commitMessage%22%3A%22Increase%20file%20upload%20limit%20to%20500MB%22%7D" >
  <step title="OneDeploy" date="2025-12-13T11:04:05.696" >
    <step title="Starting PushDeployAsync" date="2025-12-13T11:04:05.711" /><!-- duration: 0ms -->
    <step title="Updating shutdown sentinel last write time" date="2025-12-13T11:04:05.727" SemaphoreCount="7" /><!-- duration: 0ms -->
    <step title="LockFile &apos;C:\home\site\locks\deployments.lock&apos; acquired" date="2025-12-13T11:04:05.742" /><!-- duration: 0ms -->
    <step title="Saving request content to C:\local\Temp\zipdeploy\suv0xu1r.zip" date="2025-12-13T11:04:05.742" >
      <step title="Total 13,527,750 bytes written to C:\local\Temp\zipdeploy\suv0xu1r.zip" date="2025-12-13T11:04:08.211" /><!-- duration: 16ms -->
    </step><!-- duration: 2484ms -->
    <step title="LockFile &apos;C:\home\site\locks\deployments.lock&apos; released" date="2025-12-13T11:04:08.227" /><!-- duration: 0ms -->
    <step title="Deleting shutdown sentinel file" date="2025-12-13T11:04:08.242" SemaphoreCount="8" /><!-- duration: 0ms -->
    <step title="Starting FetchDeploy" date="2025-12-13T11:04:08.242" /><!-- duration: 16ms -->
    <step title="Start deployment in the background" date="2025-12-13T11:04:08.258" /><!-- duration: 47ms -->
  </step><!-- duration: 2625ms -->
  <step title="Outgoing response" date="2025-12-13T11:04:08.321" type="response" statusCode="202" statusText="Accepted" Server="Microsoft-IIS/10.0" x-ms-request-id="1368586b-6ede-4832-8c33-7b13c894e570" Retry-After="30" Cache-Control="private" X-AspNet-Version="4.0.30319" Location="https://smartstudy-api-athtbtapcvdjesbe.scm.centralindia-01.azurewebsites.net/api/deployments/latest?deployer=OneDeploy&amp;time=2025-12-13_11-04-08Z" /><!-- duration: 16ms -->
</step><!-- duration: 3110ms -->
