<step title="Incoming Request" date="2025-12-14T09:40:23.551" instance="22a7da" url="/api/publish?async=true&amp;deployer=GITHUB_ONE_DEPLOY&amp;type=zip&amp;message=%7B%22type%22%3A%22deployment%22%2C%22sha%22%3A%22713eb564a4edd23adf745466d029c917e8e73dca%22%2C%22repoName%22%3A%22sadabyakod%2Fschool-ai-chatbot%22%2C%22actor%22%3A%22sadabyakod%22%2C%22slotName%22%3A%22Production%22%2C%22commitMessage%22%3A%22Add%20Evaluation%20Sheets%20upload%20feature%20-%20end%20to%20end%20from%20UI%20to%20blob%20storage%22%7D" method="POST" type="request" pid="16928,2,8" Transfer-Encoding="chunked" Content-Type="application/octet-stream" Authorization="Bea..." Cookie="ARRAffinity=22a7daa836b64a8ce56c907737553d08297ff2e76cd06a1f52c29956b9a85c17;Path=/;HttpOnly;Secure;Domain=smartstudy-api-athtbtapcvdjesbe.scm.centralindia-01.azurewebsites.net; ARRAffinitySameSite=22a7daa836b64a8ce56c907737553d08297ff2e76cd06a1f52c29956b9a85c17;Path=/;HttpOnly;SameSite=None;Secure;Domain=smartstudy-api-athtbtapcvdjesbe.scm.centralindia-01.azurewebsites.net" Host="smartstudy-api-athtbtapcvdjesbe.scm.centralindia-01.azurewebsites.net" User-Agent="GITHUBACTIONS_DeployWebAppToAzure_b38e683445ac2cccfa8cd358babf8f5a5158c9572d0969b43cb3c24e61907cfe" X-ARR-LOG-ID="a91ee2d8-08f4-4d97-9d3b-3ae751b3b8b6" CLIENT-IP="48.214.55.32:46080" X-SITE-DEPLOYMENT-ID="smartstudy-api" WAS-DEFAULT-HOSTNAME="smartstudy-api-athtbtapcvdjesbe.scm.centralindia-01.azurewebsites.net" X-Forwarded-Proto="https" X-AppService-Proto="https" X-Forwarded-TlsVersion="1.3" X-WAWS-Unencoded-URL="/api/publish?async=true&amp;deployer=GITHUB_ONE_DEPLOY&amp;type=zip&amp;message=%7B%22type%22%3A%22deployment%22%2C%22sha%22%3A%22713eb564a4edd23adf745466d029c917e8e73dca%22%2C%22repoName%22%3A%22sadabyakod%2Fschool-ai-chatbot%22%2C%22actor%22%3A%22sadabyakod%22%2C%22slotName%22%3A%22Production%22%2C%22commitMessage%22%3A%22Add%20Evaluation%20Sheets%20upload%20feature%20-%20end%20to%20end%20from%20UI%20to%20blob%20storage%22%7D" >
  <step title="OneDeploy" date="2025-12-14T09:40:24.004" >
    <step title="Starting PushDeployAsync" date="2025-12-14T09:40:24.019" /><!-- duration: 0ms -->
    <step title="Updating shutdown sentinel last write time" date="2025-12-14T09:40:24.066" SemaphoreCount="7" /><!-- duration: 16ms -->
    <step title="LockFile &apos;C:\home\site\locks\deployments.lock&apos; acquired" date="2025-12-14T09:40:24.082" /><!-- duration: 0ms -->
    <step title="Saving request content to C:\local\Temp\zipdeploy\v5dsn1mk.zip" date="2025-12-14T09:40:24.097" >
      <step title="Total 13,795,953 bytes written to C:\local\Temp\zipdeploy\v5dsn1mk.zip" date="2025-12-14T09:40:26.301" /><!-- duration: 16ms -->
    </step><!-- duration: 2219ms -->
    <step title="LockFile &apos;C:\home\site\locks\deployments.lock&apos; released" date="2025-12-14T09:40:26.316" /><!-- duration: 16ms -->
    <step title="Deleting shutdown sentinel file" date="2025-12-14T09:40:26.332" SemaphoreCount="8" /><!-- duration: 0ms -->
    <step title="Starting FetchDeploy" date="2025-12-14T09:40:26.348" /><!-- duration: 0ms -->
    <step title="Start deployment in the background" date="2025-12-14T09:40:26.348" /><!-- duration: 94ms -->
  </step><!-- duration: 2438ms -->
  <step title="Outgoing response" date="2025-12-14T09:40:26.457" type="response" statusCode="202" statusText="Accepted" Server="Microsoft-IIS/10.0" x-ms-request-id="a91ee2d8-08f4-4d97-9d3b-3ae751b3b8b6" Retry-After="30" Cache-Control="private" X-AspNet-Version="4.0.30319" Location="https://smartstudy-api-athtbtapcvdjesbe.scm.centralindia-01.azurewebsites.net/api/deployments/latest?deployer=OneDeploy&amp;time=2025-12-14_09-40-26Z" /><!-- duration: 0ms -->
</step><!-- duration: 2906ms -->
