<step title="Incoming Request" date="2025-12-14T12:50:24.169" instance="22a7da" url="/api/publish?async=true&amp;deployer=GITHUB_ONE_DEPLOY&amp;type=zip&amp;message=%7B%22type%22%3A%22deployment%22%2C%22sha%22%3A%223f312ac853f8e772b62bfe8cd50a0674ef7d0b0f%22%2C%22repoName%22%3A%22sadabyakod%2Fschool-ai-chatbot%22%2C%22actor%22%3A%22sadabyakod%22%2C%22slotName%22%3A%22Production%22%2C%22commitMessage%22%3A%22Fix%20dropdown%20styling%20-%20proper%20form-select%20class%20with%20consistent%20look%20and%20feel%22%7D" method="POST" type="request" pid="10924,2,49" Transfer-Encoding="chunked" Content-Type="application/octet-stream" Authorization="Bea..." Cookie="ARRAffinity=22a7daa836b64a8ce56c907737553d08297ff2e76cd06a1f52c29956b9a85c17;Path=/;HttpOnly;Secure;Domain=smartstudy-api-athtbtapcvdjesbe.scm.centralindia-01.azurewebsites.net; ARRAffinitySameSite=22a7daa836b64a8ce56c907737553d08297ff2e76cd06a1f52c29956b9a85c17;Path=/;HttpOnly;SameSite=None;Secure;Domain=smartstudy-api-athtbtapcvdjesbe.scm.centralindia-01.azurewebsites.net" Host="smartstudy-api-athtbtapcvdjesbe.scm.centralindia-01.azurewebsites.net" User-Agent="GITHUBACTIONS_DeployWebAppToAzure_b38e683445ac2cccfa8cd358babf8f5a5158c9572d0969b43cb3c24e61907cfe" X-ARR-LOG-ID="7ec6c250-6212-46e7-90f9-ea783c1163bd" CLIENT-IP="132.196.32.49:24584" X-SITE-DEPLOYMENT-ID="smartstudy-api" WAS-DEFAULT-HOSTNAME="smartstudy-api-athtbtapcvdjesbe.scm.centralindia-01.azurewebsites.net" X-Forwarded-Proto="https" X-AppService-Proto="https" X-Forwarded-TlsVersion="1.3" X-WAWS-Unencoded-URL="/api/publish?async=true&amp;deployer=GITHUB_ONE_DEPLOY&amp;type=zip&amp;message=%7B%22type%22%3A%22deployment%22%2C%22sha%22%3A%223f312ac853f8e772b62bfe8cd50a0674ef7d0b0f%22%2C%22repoName%22%3A%22sadabyakod%2Fschool-ai-chatbot%22%2C%22actor%22%3A%22sadabyakod%22%2C%22slotName%22%3A%22Production%22%2C%22commitMessage%22%3A%22Fix%20dropdown%20styling%20-%20proper%20form-select%20class%20with%20consistent%20look%20and%20feel%22%7D" >
  <step title="OneDeploy" date="2025-12-14T12:50:24.606" >
    <step title="Starting PushDeployAsync" date="2025-12-14T12:50:24.606" /><!-- duration: 16ms -->
    <step title="Updating shutdown sentinel last write time" date="2025-12-14T12:50:24.622" SemaphoreCount="7" /><!-- duration: 16ms -->
    <step title="LockFile &apos;C:\home\site\locks\deployments.lock&apos; acquired" date="2025-12-14T12:50:24.637" /><!-- duration: 16ms -->
    <step title="Saving request content to C:\local\Temp\zipdeploy\etdjzvzx.zip" date="2025-12-14T12:50:24.653" >
      <step title="Total 13,796,192 bytes written to C:\local\Temp\zipdeploy\etdjzvzx.zip" date="2025-12-14T12:50:27.193" /><!-- duration: 0ms -->
    </step><!-- duration: 2540ms -->
    <step title="LockFile &apos;C:\home\site\locks\deployments.lock&apos; released" date="2025-12-14T12:50:27.193" /><!-- duration: 16ms -->
    <step title="Deleting shutdown sentinel file" date="2025-12-14T12:50:27.209" SemaphoreCount="8" /><!-- duration: 0ms -->
    <step title="Starting FetchDeploy" date="2025-12-14T12:50:27.224" /><!-- duration: 0ms -->
    <step title="Start deployment in the background" date="2025-12-14T12:50:27.224" /><!-- duration: 62ms -->
  </step><!-- duration: 2681ms -->
  <step title="Outgoing response" date="2025-12-14T12:50:27.287" type="response" statusCode="202" statusText="Accepted" Server="Microsoft-IIS/10.0" x-ms-request-id="7ec6c250-6212-46e7-90f9-ea783c1163bd" Retry-After="30" Cache-Control="private" X-AspNet-Version="4.0.30319" Location="https://smartstudy-api-athtbtapcvdjesbe.scm.centralindia-01.azurewebsites.net/api/deployments/latest?deployer=OneDeploy&amp;time=2025-12-14_12-50-27Z" /><!-- duration: 0ms -->
</step><!-- duration: 3134ms -->
