<step title="BackgroundTrace" date="2025-12-13T15:22:28.562" instance="22a7da" url="/api/publish" method="POST" >
  <step title="Updating shutdown sentinel last write time" date="2025-12-13T15:22:28.578" SemaphoreCount="7" /><!-- duration: 0ms -->
  <step title="LockFile &apos;C:\home\site\locks\deployments.lock&apos; acquired" date="2025-12-13T15:22:28.578" /><!-- duration: 16ms -->
  <step title="Creating temporary deployment" date="2025-12-13T15:22:28.593" /><!-- duration: 16ms -->
  <step title="Performing fetch based deployment" date="2025-12-13T15:22:28.624" >
    <step title="Fetching changes." date="2025-12-13T15:22:28.656" /><!-- duration: 16ms -->
    <step title="Starting LocalZipHandler" date="2025-12-13T15:22:28.671" /><!-- duration: 0ms -->
    <step title="Cleaning up temp folders from previous zip deployments and extracting pushed zip file C:\local\Temp\zipdeploy\euyzqeul.zip (13.10 MB) to C:\local\Temp\zipdeploy\extracted" date="2025-12-13T15:22:28.703" /><!-- duration: 0ms -->
    <step title="Cleaning up temp folders from previous zip deployments and extracting pushed zip file C:\local\Temp\zipdeploy\euyzqeul.zip (13.10 MB) to C:\local\Temp\zipdeploy\extracted" date="2025-12-13T15:22:28.718" >
      <step title="Renaming extractTargetDirectory(C:\local\Temp\zipdeploy\extracted) to tempDirectory(C:\local\Temp\zipdeploy\l1rubtpf.ne0)" date="2025-12-13T15:22:28.718" /><!-- duration: 0ms -->
      <step title="Extracting 115 entries to C:\local\Temp\zipdeploy\extracted directory" date="2025-12-13T15:22:28.734" >
        <step title="Extracting to C:\local\Temp\zipdeploy\extracted\appsettings.json ..." date="2025-12-13T15:22:28.734" /><!-- duration: 0ms -->
        <step title="Extracting to C:\local\Temp\zipdeploy\extracted\appsettings.template.json ..." date="2025-12-13T15:22:28.734" /><!-- duration: 16ms -->
        <step title="Extracting to C:\local\Temp\zipdeploy\extracted\Azure.Core.dll ..." date="2025-12-13T15:22:28.750" /><!-- duration: 0ms -->
        <step title="Extracting to C:\local\Temp\zipdeploy\extracted\Azure.Identity.dll ..." date="2025-12-13T15:22:28.765" /><!-- duration: 0ms -->
        <step title="Extracting to C:\local\Temp\zipdeploy\extracted\Azure.Storage.Blobs.dll ..." date="2025-12-13T15:22:28.781" /><!-- duration: 16ms -->
        <step title="Omitting extracting file traces ..." date="2025-12-13T15:22:28.796" /><!-- duration: 0ms -->
      </step><!-- duration: 500ms -->
    </step><!-- duration: 516ms -->
    <step title="Before sending BuildRequestReceived status to /api/updatedeploystatus" date="2025-12-13T15:22:29.249" /><!-- duration: 0ms -->
    <step title="DeploymentManager.Deploy(id:90b34cb9133840eab749fbc73dd0422f)" date="2025-12-13T15:22:29.249" >
      <step title="Collecting changeset information" date="2025-12-13T15:22:29.265" /><!-- duration: 31ms -->
      <step title="Updating submodules" date="2025-12-13T15:22:29.296" >
        <step title="Updating submodules." date="2025-12-13T15:22:29.328" /><!-- duration: 0ms -->
      </step><!-- duration: 47ms -->
      <step title="Preparing deployment for commit id &apos;90b34cb913&apos;." date="2025-12-13T15:22:29.374" /><!-- duration: 0ms -->
      <step title="Determining deployment builder" date="2025-12-13T15:22:29.406" >
        <step title="Builder is OneDeployBuilder" date="2025-12-13T15:22:29.421" /><!-- duration: 0ms -->
      </step><!-- duration: 16ms -->
      <step title="Copying SSH keys" date="2025-12-13T15:22:29.437" /><!-- duration: 0ms -->
      <step title="Building" date="2025-12-13T15:22:29.453" >
        <step title="Running build. Project type: OneDeploy" date="2025-12-13T15:22:29.484" /><!-- duration: 0ms -->
        <step title="Copying the manifest" date="2025-12-13T15:22:29.515" /><!-- duration: 0ms -->
        <step title="Clean deploying to C:\home\site\wwwroot" date="2025-12-13T15:22:29.562" /><!-- duration: 0ms -->
        <step title="Generating deployment script." date="2025-12-13T15:22:29.593" /><!-- duration: 16ms -->
        <step title="Generating deployment script" date="2025-12-13T15:22:29.609" >
          <step title="Using cached version of the deployment script for command: -y --no-dot-deployment -r &quot;C:\local\Temp\zipdeploy\extracted&quot; -o &quot;C:\home\site\deployments\tools&quot; --basic --sitePath &quot;C:\local\Temp\zipdeploy\extracted&quot;" date="2025-12-13T15:22:29.624" /><!-- duration: 0ms -->
          <step title="Using cached version of deployment script (command: &apos;azure -y --no-dot-deployment -r &quot;C:\local\Temp\zipdeploy\extracted&quot; -o &quot;C:\home\site\deployments\tools&quot; --basic --sitePath &quot;C:\local\Temp\zipdeploy\extracted&quot;&apos;)." date="2025-12-13T15:22:29.640" /><!-- duration: 0ms -->
        </step><!-- duration: 31ms -->
        <step title="Running deployment command..." date="2025-12-13T15:22:29.687" /><!-- duration: 0ms -->
        <step title="Command: &quot;C:\home\site\deployments\tools\deploy.cmd&quot;" date="2025-12-13T15:22:29.687" /><!-- duration: 16ms -->
        <step title="Executing external process" date="2025-12-13T15:22:29.703" type="process" path="starter.cmd" arguments="&quot;C:\home\site\deployments\tools\deploy.cmd&quot;" >
          <step title="Handling Basic Web Site deployment." date="2025-12-13T15:22:29.812" /><!-- duration: 16ms -->
          <step title="Creating app_offline.htm" date="2025-12-13T15:22:30.062" /><!-- duration: 0ms -->
          <step title="KuduSync.NET from: &apos;C:\local\Temp\zipdeploy\extracted&apos; to: &apos;C:\home\site\wwwroot&apos;" date="2025-12-13T15:22:30.078" /><!-- duration: 0ms -->
          <step title="Copying file: &apos;appsettings.json&apos;" date="2025-12-13T15:22:30.093" /><!-- duration: 0ms -->
          <step title="Copying file: &apos;appsettings.template.json&apos;" date="2025-12-13T15:22:30.109" /><!-- duration: 0ms -->
          <step title="Copying file: &apos;Azure.Core.dll&apos;" date="2025-12-13T15:22:30.109" /><!-- duration: 16ms -->
          <step title="Copying file: &apos;Azure.Identity.dll&apos;" date="2025-12-13T15:22:30.124" /><!-- duration: 0ms -->
          <step title="Copying file: &apos;Azure.Storage.Blobs.dll&apos;" date="2025-12-13T15:22:30.140" /><!-- duration: 0ms -->
          <step title="Copying file: &apos;Azure.Storage.Common.dll&apos;" date="2025-12-13T15:22:30.156" /><!-- duration: 0ms -->
          <step title="Copying file: &apos;Azure.Storage.Queues.dll&apos;" date="2025-12-13T15:22:30.171" /><!-- duration: 0ms -->
          <step title="Copying file: &apos;Google.Api.CommonProtos.dll&apos;" date="2025-12-13T15:22:30.171" /><!-- duration: 0ms -->
          <step title="Copying file: &apos;Google.Api.Gax.dll&apos;" date="2025-12-13T15:22:30.187" /><!-- duration: 0ms -->
          <step title="Copying file: &apos;Google.Api.Gax.Grpc.dll&apos;" date="2025-12-13T15:22:30.203" /><!-- duration: 0ms -->
          <step title="Copying file: &apos;Google.Apis.Auth.dll&apos;" date="2025-12-13T15:22:30.203" /><!-- duration: 16ms -->
          <step title="Copying file: &apos;Google.Apis.Core.dll&apos;" date="2025-12-13T15:22:30.218" /><!-- duration: 0ms -->
          <step title="Copying file: &apos;Google.Apis.dll&apos;" date="2025-12-13T15:22:30.234" /><!-- duration: 0ms -->
          <step title="Copying file: &apos;Google.Cloud.Vision.V1.dll&apos;" date="2025-12-13T15:22:30.281" /><!-- duration: 0ms -->
          <step title="Copying file: &apos;Google.LongRunning.dll&apos;" date="2025-12-13T15:22:30.281" /><!-- duration: 0ms -->
          <step title="Copying file: &apos;Google.Protobuf.dll&apos;" date="2025-12-13T15:22:30.296" /><!-- duration: 0ms -->
          <step title="Copying file: &apos;Grpc.Auth.dll&apos;" date="2025-12-13T15:22:30.312" /><!-- duration: 0ms -->
          <step title="Copying file: &apos;Grpc.Core.Api.dll&apos;" date="2025-12-13T15:22:30.312" /><!-- duration: 16ms -->
          <step title="Copying file: &apos;Grpc.Net.Client.dll&apos;" date="2025-12-13T15:22:30.328" /><!-- duration: 16ms -->
          <step title="Copying file: &apos;Grpc.Net.Common.dll&apos;" date="2025-12-13T15:22:30.343" /><!-- duration: 0ms -->
          <step title="Copying file: &apos;Microsoft.AspNetCore.Authentication.JwtBearer.dll&apos;" date="2025-12-13T15:22:30.359" /><!-- duration: 0ms -->
          <step title="Copying file: &apos;Microsoft.AspNetCore.OpenApi.dll&apos;" date="2025-12-13T15:22:30.375" /><!-- duration: 0ms -->
          <step title="Copying file: &apos;Microsoft.Bcl.AsyncInterfaces.dll&apos;" date="2025-12-13T15:22:30.375" /><!-- duration: 16ms -->
          <step title="Copying file: &apos;Microsoft.Data.SqlClient.dll&apos;" date="2025-12-13T15:22:30.390" /><!-- duration: 0ms -->
          <step title="Copying file: &apos;Microsoft.EntityFrameworkCore.Abstractions.dll&apos;" date="2025-12-13T15:22:30.406" /><!-- duration: 0ms -->
          <step title="Copying file: &apos;Microsoft.EntityFrameworkCore.dll&apos;" date="2025-12-13T15:22:30.421" /><!-- duration: 0ms -->
          <step title="Copying file: &apos;Microsoft.EntityFrameworkCore.InMemory.dll&apos;" date="2025-12-13T15:22:30.421" /><!-- duration: 16ms -->
          <step title="Copying file: &apos;Microsoft.EntityFrameworkCore.Relational.dll&apos;" date="2025-12-13T15:22:30.437" /><!-- duration: 0ms -->
          <step title="Copying file: &apos;Microsoft.EntityFrameworkCore.SqlServer.dll&apos;" date="2025-12-13T15:22:30.453" /><!-- duration: 0ms -->
          <step title="Copying file: &apos;Microsoft.Extensions.Caching.Memory.dll&apos;" date="2025-12-13T15:22:30.468" /><!-- duration: 0ms -->
          <step title="Copying file: &apos;Microsoft.Extensions.DependencyInjection.Abstractions.dll&apos;" date="2025-12-13T15:22:30.468" /><!-- duration: 16ms -->
          <step title="Copying file: &apos;Microsoft.Extensions.DependencyInjection.dll&apos;" date="2025-12-13T15:22:30.484" /><!-- duration: 0ms -->
          <step title="Copying file: &apos;Microsoft.Extensions.DependencyModel.dll&apos;" date="2025-12-13T15:22:30.500" /><!-- duration: 0ms -->
          <step title="Copying file: &apos;Microsoft.Extensions.Logging.Abstractions.dll&apos;" date="2025-12-13T15:22:30.515" /><!-- duration: 0ms -->
          <step title="Copying file: &apos;Microsoft.Extensions.Logging.dll&apos;" date="2025-12-13T15:22:30.531" /><!-- duration: 0ms -->
          <step title="Copying file: &apos;Microsoft.Extensions.Options.dll&apos;" date="2025-12-13T15:22:30.531" /><!-- duration: 16ms -->
          <step title="Copying file: &apos;Microsoft.Identity.Client.dll&apos;" date="2025-12-13T15:22:30.562" /><!-- duration: 0ms -->
          <step title="Copying file: &apos;Microsoft.Identity.Client.Extensions.Msal.dll&apos;" date="2025-12-13T15:22:30.562" /><!-- duration: 16ms -->
          <step title="Copying file: &apos;Microsoft.IdentityModel.Abstractions.dll&apos;" date="2025-12-13T15:22:30.578" /><!-- duration: 16ms -->
          <step title="Copying file: &apos;Microsoft.IdentityModel.JsonWebTokens.dll&apos;" date="2025-12-13T15:22:30.593" /><!-- duration: 0ms -->
          <step title="Copying file: &apos;Microsoft.IdentityModel.Logging.dll&apos;" date="2025-12-13T15:22:30.609" /><!-- duration: 0ms -->
          <step title="Copying file: &apos;Microsoft.IdentityModel.Protocols.dll&apos;" date="2025-12-13T15:22:30.609" /><!-- duration: 16ms -->
          <step title="Copying file: &apos;Microsoft.IdentityModel.Protocols.OpenIdConnect.dll&apos;" date="2025-12-13T15:22:30.625" /><!-- duration: 0ms -->
          <step title="Copying file: &apos;Microsoft.IdentityModel.Tokens.dll&apos;" date="2025-12-13T15:22:30.640" /><!-- duration: 0ms -->
          <step title="Copying file: &apos;Microsoft.OpenApi.dll&apos;" date="2025-12-13T15:22:30.656" /><!-- duration: 0ms -->
          <step title="Copying file: &apos;Microsoft.SqlServer.Server.dll&apos;" date="2025-12-13T15:22:30.671" /><!-- duration: 0ms -->
          <step title="Copying file: &apos;Microsoft.Win32.SystemEvents.dll&apos;" date="2025-12-13T15:22:30.687" /><!-- duration: 0ms -->
          <step title="Copying file: &apos;Newtonsoft.Json.dll&apos;" date="2025-12-13T15:22:30.687" /><!-- duration: 16ms -->
          <step title="Omitting next output lines..." date="2025-12-13T15:22:30.703" /><!-- duration: 0ms -->
          <step title="Finished successfully." date="2025-12-13T15:22:30.718" /><!-- duration: 0ms -->
        </step><!-- duration: 1016ms -->
        <step title="Build completed succesfully." date="2025-12-13T15:22:30.750" /><!-- duration: 16ms -->
        <step title="Running post deployment command(s)..." date="2025-12-13T15:22:30.796" /><!-- duration: 0ms -->
        <step title="Requesting site restart" date="2025-12-13T15:22:30.828" /><!-- duration: 0ms -->
        <step title="Requesting site restart" date="2025-12-13T15:22:30.843" /><!-- duration: 0ms -->
        <step title="Requesting site restart. Attempt #1" date="2025-12-13T15:22:30.875" /><!-- duration: 16ms -->
        <step title="Requesting site restart. Attempt #1" date="2025-12-13T15:22:30.890" /><!-- duration: 0ms -->
        <step title="Successfully requested a restart. Attempt #1" date="2025-12-13T15:22:31.015" /><!-- duration: 0ms -->
        <step title="Successfully requested a restart. Attempt #1" date="2025-12-13T15:22:31.015" /><!-- duration: 0ms -->
        <step title="Deployment successful. DEPLOYMENTINFO: deploymentPath = OneDeploy, deployer = OneDeploy, os = windows, sku = Free, siteName = smartstudy-api, siteHostName = smartstudy-api-athtbtapcvdjesbe.centralindia-01.azurewebsites.net, deploymentStatus = Success" date="2025-12-13T15:22:31.062" /><!-- duration: 0ms -->
        <step title="Purge deployment items" date="2025-12-13T15:22:31.140" >
          <step title="Remove 49a8976cb, Success, received at 12/12/2025 4:09:10 PM" date="2025-12-13T15:22:31.187" /><!-- duration: 0ms -->
        </step><!-- duration: 47ms -->
      </step><!-- duration: 1750ms -->
    </step><!-- duration: 1969ms -->
    <step title="Cleaning up temp files" date="2025-12-13T15:22:31.218" /><!-- duration: 0ms -->
    <step title="Skip function trigger and logicapp sync because function is not enabled." date="2025-12-13T15:22:31.234" /><!-- duration: 0ms -->
  </step><!-- duration: 2641ms -->
  <step title="LockFile &apos;C:\home\site\locks\deployments.lock&apos; released" date="2025-12-13T15:22:31.281" /><!-- duration: 0ms -->
  <step title="Deleting shutdown sentinel file" date="2025-12-13T15:22:31.281" SemaphoreCount="8" /><!-- duration: 0ms -->
</step><!-- duration: 2735ms -->
