<step title="BackgroundTrace" date="2025-12-14T11:19:14.112" instance="22a7da" url="/api/publish" method="POST" >
  <step title="Updating shutdown sentinel last write time" date="2025-12-14T11:19:14.112" SemaphoreCount="7" /><!-- duration: 16ms -->
  <step title="LockFile &apos;C:\home\site\locks\deployments.lock&apos; acquired" date="2025-12-14T11:19:14.127" /><!-- duration: 0ms -->
  <step title="Creating temporary deployment" date="2025-12-14T11:19:14.143" /><!-- duration: 16ms -->
  <step title="Performing fetch based deployment" date="2025-12-14T11:19:14.174" >
    <step title="Fetching changes." date="2025-12-14T11:19:14.206" /><!-- duration: 16ms -->
    <step title="Starting LocalZipHandler" date="2025-12-14T11:19:14.221" /><!-- duration: 16ms -->
    <step title="Cleaning up temp folders from previous zip deployments and extracting pushed zip file C:\local\Temp\zipdeploy\pll54ygp.zip (13.16 MB) to C:\local\Temp\zipdeploy\extracted" date="2025-12-14T11:19:14.252" /><!-- duration: 0ms -->
    <step title="Cleaning up temp folders from previous zip deployments and extracting pushed zip file C:\local\Temp\zipdeploy\pll54ygp.zip (13.16 MB) to C:\local\Temp\zipdeploy\extracted" date="2025-12-14T11:19:14.268" >
      <step title="Renaming extractTargetDirectory(C:\local\Temp\zipdeploy\extracted) to tempDirectory(C:\local\Temp\zipdeploy\5hhbyudw.u2b)" date="2025-12-14T11:19:14.268" /><!-- duration: 0ms -->
      <step title="Extracting 115 entries to C:\local\Temp\zipdeploy\extracted directory" date="2025-12-14T11:19:14.284" >
        <step title="Extracting to C:\local\Temp\zipdeploy\extracted\appsettings.json ..." date="2025-12-14T11:19:14.284" /><!-- duration: 16ms -->
        <step title="Extracting to C:\local\Temp\zipdeploy\extracted\appsettings.template.json ..." date="2025-12-14T11:19:14.299" /><!-- duration: 0ms -->
        <step title="Extracting to C:\local\Temp\zipdeploy\extracted\Azure.Core.dll ..." date="2025-12-14T11:19:14.299" /><!-- duration: 16ms -->
        <step title="Extracting to C:\local\Temp\zipdeploy\extracted\Azure.Identity.dll ..." date="2025-12-14T11:19:14.315" /><!-- duration: 16ms -->
        <step title="Extracting to C:\local\Temp\zipdeploy\extracted\Azure.Storage.Blobs.dll ..." date="2025-12-14T11:19:14.331" /><!-- duration: 16ms -->
        <step title="Omitting extracting file traces ..." date="2025-12-14T11:19:14.362" /><!-- duration: 0ms -->
      </step><!-- duration: 516ms -->
    </step><!-- duration: 547ms -->
    <step title="Before sending BuildRequestReceived status to /api/updatedeploystatus" date="2025-12-14T11:19:14.815" /><!-- duration: 0ms -->
    <step title="DeploymentManager.Deploy(id:a2347e8b1c6a4e3985e17b358e1f8755)" date="2025-12-14T11:19:14.831" >
      <step title="Collecting changeset information" date="2025-12-14T11:19:14.831" /><!-- duration: 31ms -->
      <step title="Updating submodules" date="2025-12-14T11:19:14.877" >
        <step title="Updating submodules." date="2025-12-14T11:19:14.909" /><!-- duration: 0ms -->
      </step><!-- duration: 31ms -->
      <step title="Preparing deployment for commit id &apos;a2347e8b1c&apos;." date="2025-12-14T11:19:15.002" /><!-- duration: 0ms -->
      <step title="Determining deployment builder" date="2025-12-14T11:19:15.034" >
        <step title="Builder is OneDeployBuilder" date="2025-12-14T11:19:15.034" /><!-- duration: 0ms -->
      </step><!-- duration: 16ms -->
      <step title="Copying SSH keys" date="2025-12-14T11:19:15.065" /><!-- duration: 0ms -->
      <step title="Building" date="2025-12-14T11:19:15.065" >
        <step title="Running build. Project type: OneDeploy" date="2025-12-14T11:19:15.096" /><!-- duration: 16ms -->
        <step title="Copying the manifest" date="2025-12-14T11:19:15.143" /><!-- duration: 0ms -->
        <step title="Clean deploying to C:\home\site\wwwroot" date="2025-12-14T11:19:15.206" /><!-- duration: 0ms -->
        <step title="Generating deployment script." date="2025-12-14T11:19:15.237" /><!-- duration: 0ms -->
        <step title="Generating deployment script" date="2025-12-14T11:19:15.252" >
          <step title="Using cached version of the deployment script for command: -y --no-dot-deployment -r &quot;C:\local\Temp\zipdeploy\extracted&quot; -o &quot;C:\home\site\deployments\tools&quot; --basic --sitePath &quot;C:\local\Temp\zipdeploy\extracted&quot;" date="2025-12-14T11:19:15.252" /><!-- duration: 16ms -->
          <step title="Using cached version of deployment script (command: &apos;azure -y --no-dot-deployment -r &quot;C:\local\Temp\zipdeploy\extracted&quot; -o &quot;C:\home\site\deployments\tools&quot; --basic --sitePath &quot;C:\local\Temp\zipdeploy\extracted&quot;&apos;)." date="2025-12-14T11:19:15.284" /><!-- duration: 0ms -->
        </step><!-- duration: 31ms -->
        <step title="Running deployment command..." date="2025-12-14T11:19:15.331" /><!-- duration: 0ms -->
        <step title="Command: &quot;C:\home\site\deployments\tools\deploy.cmd&quot;" date="2025-12-14T11:19:15.346" /><!-- duration: 0ms -->
        <step title="Executing external process" date="2025-12-14T11:19:15.346" type="process" path="starter.cmd" arguments="&quot;C:\home\site\deployments\tools\deploy.cmd&quot;" >
          <step title="Handling Basic Web Site deployment." date="2025-12-14T11:19:15.471" /><!-- duration: 0ms -->
          <step title="Creating app_offline.htm" date="2025-12-14T11:19:17.971" /><!-- duration: 0ms -->
or: Failed to change file that is currently being used &quot;C:\home\site\wwwroot\logs\app-20251214.log&quot;" date="2025-12-14T11:19:17.971" /><!-- duration: 0ms -->
          <step title="KuduSync.NET from: &apos;C:\local\Temp\zipdeploy\extracted&apos; to: &apos;C:\home\site\wwwroot&apos;" date="2025-12-14T11:19:17.987" /><!-- duration: 0ms -->
          <step title="Deleting file: &apos;logs\app-20251214.log&apos;" date="2025-12-14T11:19:18.003" /><!-- duration: 0ms -->
          <step title="Failed exitCode=1, command=&quot;kudusync&quot; -v 50 -x -f &quot;C:\local\Temp\zipdeploy\extracted&quot; -t &quot;C:\home\site\wwwroot&quot; -n &quot;C:\local\Temp\tmp20A4.tmp&quot; -p &quot;C:\local\Temp\tmp20A4.tmp&quot; -i &quot;.git;.hg;.deployment;deploy.cmd&quot;" date="2025-12-14T11:19:18.018" /><!-- duration: 0ms -->
          <step title="An error has occurred during web site deployment." date="2025-12-14T11:19:18.034" /><!-- duration: 0ms -->
          <step title="Process dump" date="2025-12-14T11:19:18.049" exitCode="255" type="processOutput" /><!-- duration: 0ms -->
        </step><!-- duration: 2703ms -->
        <step title="Error: Failed to change file that is currently being used &quot;C:\home\site\wwwroot\logs\app-20251214.log&quot;
C:\Program Files (x86)\SiteExtensions\Kudu\2025.09.1.1\bin\Scripts\starter.cmd &quot;C:\home\site\deployments\tools\deploy.cmd&quot; DEPLOYMENTINFO: deploymentPath = OneDeploy, deployer = OneDeploy, os = windows, sku = Free, siteName = smartstudy-api, siteHostName = smartstudy-api-athtbtapcvdjesbe.centralindia-01.azurewebsites.net, deploymentStatus = Error" date="2025-12-14T11:19:18.065" /><!-- duration: 0ms -->
        <step title="Error occurred" date="2025-12-14T11:19:18.065" type="error" text="Error: Failed to change file that is currently being used &quot;C:\home\site\wwwroot\logs\app-20251214.log&quot;
C:\Program Files (x86)\SiteExtensions\Kudu\2025.09.1.1\bin\Scripts\starter.cmd &quot;C:\home\site\deployments\tools\deploy.cmd&quot;" stackTrace="   at Kudu.Core.Infrastructure.Executable.ExecuteInternal(ITracer tracer, Func`2 onWriteOutput, Func`2 onWriteError, Encoding encoding, String arguments, Object[] args)
   at Kudu.Core.Infrastructure.Executable.ExecuteWithProgressWriter(ILogger logger, ITracer tracer, String arguments, Object[] args)
   at Kudu.Core.Deployment.Generator.ExternalCommandBuilder.RunCommand(DeploymentContext context, String command, Boolean ignoreManifest, String message)" /><!-- duration: 0ms -->
        <step title="Build completed succesfully." date="2025-12-14T11:19:18.112" /><!-- duration: 0ms -->
        <step title="Running post deployment command(s)..." date="2025-12-14T11:19:18.143" /><!-- duration: 16ms -->
        <step title="Requesting site restart" date="2025-12-14T11:19:18.190" /><!-- duration: 0ms -->
        <step title="Requesting site restart" date="2025-12-14T11:19:18.206" /><!-- duration: 0ms -->
        <step title="Requesting site restart. Attempt #1" date="2025-12-14T11:19:18.237" /><!-- duration: 16ms -->
        <step title="Requesting site restart. Attempt #1" date="2025-12-14T11:19:18.253" /><!-- duration: 16ms -->
        <step title="Successfully requested a restart. Attempt #1" date="2025-12-14T11:19:18.378" /><!-- duration: 16ms -->
        <step title="Successfully requested a restart. Attempt #1" date="2025-12-14T11:19:18.393" /><!-- duration: 0ms -->
        <step title="Deployment successful. DEPLOYMENTINFO: deploymentPath = OneDeploy, deployer = OneDeploy, os = windows, sku = Free, siteName = smartstudy-api, siteHostName = smartstudy-api-athtbtapcvdjesbe.centralindia-01.azurewebsites.net, deploymentStatus = Success" date="2025-12-14T11:19:18.424" /><!-- duration: 16ms -->
        <step title="Purge deployment items" date="2025-12-14T11:19:18.518" >
          <step title="Remove 90b34cb91, Success, received at 12/13/2025 3:22:29 PM" date="2025-12-14T11:19:18.596" /><!-- duration: 0ms -->
        </step><!-- duration: 78ms -->
      </step><!-- duration: 3563ms -->
    </step><!-- duration: 3797ms -->
    <step title="Cleaning up temp files" date="2025-12-14T11:19:18.628" /><!-- duration: 0ms -->
    <step title="Skip function trigger and logicapp sync because function is not enabled." date="2025-12-14T11:19:18.643" /><!-- duration: 0ms -->
  </step><!-- duration: 4500ms -->
  <step title="LockFile &apos;C:\home\site\locks\deployments.lock&apos; released" date="2025-12-14T11:19:18.690" /><!-- duration: 0ms -->
  <step title="Deleting shutdown sentinel file" date="2025-12-14T11:19:18.737" SemaphoreCount="8" /><!-- duration: 0ms -->
</step><!-- duration: 4641ms -->
