<step title="Incoming Request" date="2025-12-14T12:10:50.682" instance="22a7da" url="/api/publish?async=true&amp;deployer=GITHUB_ONE_DEPLOY&amp;type=zip&amp;message=%7B%22type%22%3A%22deployment%22%2C%22sha%22%3A%229c8915dae15933c3d018ad0d664621933667021e%22%2C%22repoName%22%3A%22sadabyakod%2Fschool-ai-chatbot%22%2C%22actor%22%3A%22sadabyakod%22%2C%22slotName%22%3A%22Production%22%2C%22commitMessage%22%3A%22Redesign%20Study%20Assistant%20with%20modern%20premium%20UI%20-%20clean%2C%20minimal%20education%20app%20style%22%7D" method="POST" type="request" pid="9144,2,7" Transfer-Encoding="chunked" Content-Type="application/octet-stream" Authorization="Bea..." Cookie="ARRAffinity=22a7daa836b64a8ce56c907737553d08297ff2e76cd06a1f52c29956b9a85c17;Path=/;HttpOnly;Secure;Domain=smartstudy-api-athtbtapcvdjesbe.scm.centralindia-01.azurewebsites.net; ARRAffinitySameSite=22a7daa836b64a8ce56c907737553d08297ff2e76cd06a1f52c29956b9a85c17;Path=/;HttpOnly;SameSite=None;Secure;Domain=smartstudy-api-athtbtapcvdjesbe.scm.centralindia-01.azurewebsites.net" Host="smartstudy-api-athtbtapcvdjesbe.scm.centralindia-01.azurewebsites.net" User-Agent="GITHUBACTIONS_DeployWebAppToAzure_b38e683445ac2cccfa8cd358babf8f5a5158c9572d0969b43cb3c24e61907cfe" X-ARR-LOG-ID="6c4be9f6-a368-4704-b40a-e3a8823f8ba6" CLIENT-IP="52.176.138.192:19456" X-SITE-DEPLOYMENT-ID="smartstudy-api" WAS-DEFAULT-HOSTNAME="smartstudy-api-athtbtapcvdjesbe.scm.centralindia-01.azurewebsites.net" X-Forwarded-Proto="https" X-AppService-Proto="https" X-Forwarded-TlsVersion="1.3" X-WAWS-Unencoded-URL="/api/publish?async=true&amp;deployer=GITHUB_ONE_DEPLOY&amp;type=zip&amp;message=%7B%22type%22%3A%22deployment%22%2C%22sha%22%3A%229c8915dae15933c3d018ad0d664621933667021e%22%2C%22repoName%22%3A%22sadabyakod%2Fschool-ai-chatbot%22%2C%22actor%22%3A%22sadabyakod%22%2C%22slotName%22%3A%22Production%22%2C%22commitMessage%22%3A%22Redesign%20Study%20Assistant%20with%20modern%20premium%20UI%20-%20clean%2C%20minimal%20education%20app%20style%22%7D" >
  <step title="OneDeploy" date="2025-12-14T12:10:51.166" >
    <step title="Starting PushDeployAsync" date="2025-12-14T12:10:51.182" /><!-- duration: 16ms -->
    <step title="Updating shutdown sentinel last write time" date="2025-12-14T12:10:51.229" SemaphoreCount="7" /><!-- duration: 0ms -->
    <step title="LockFile &apos;C:\home\site\locks\deployments.lock&apos; acquired" date="2025-12-14T12:10:51.229" /><!-- duration: 0ms -->
    <step title="Saving request content to C:\local\Temp\zipdeploy\pvaryeej.zip" date="2025-12-14T12:10:51.244" >
      <step title="Total 13,796,202 bytes written to C:\local\Temp\zipdeploy\pvaryeej.zip" date="2025-12-14T12:10:53.488" /><!-- duration: 0ms -->
    </step><!-- duration: 2244ms -->
    <step title="LockFile &apos;C:\home\site\locks\deployments.lock&apos; released" date="2025-12-14T12:10:53.504" /><!-- duration: 0ms -->
    <step title="Deleting shutdown sentinel file" date="2025-12-14T12:10:53.504" SemaphoreCount="8" /><!-- duration: 16ms -->
    <step title="Starting FetchDeploy" date="2025-12-14T12:10:53.519" /><!-- duration: 0ms -->
    <step title="Start deployment in the background" date="2025-12-14T12:10:53.535" /><!-- duration: 125ms -->
  </step><!-- duration: 2494ms -->
  <step title="Outgoing response" date="2025-12-14T12:10:53.660" type="response" statusCode="202" statusText="Accepted" Server="Microsoft-IIS/10.0" x-ms-request-id="6c4be9f6-a368-4704-b40a-e3a8823f8ba6" Retry-After="30" Cache-Control="private" X-AspNet-Version="4.0.30319" Location="https://smartstudy-api-athtbtapcvdjesbe.scm.centralindia-01.azurewebsites.net/api/deployments/latest?deployer=OneDeploy&amp;time=2025-12-14_12-10-53Z" /><!-- duration: 16ms -->
</step><!-- duration: 2994ms -->
