<step title="Incoming Request" date="2025-12-14T13:37:10.010" instance="22a7da" url="/api/publish?async=true&amp;deployer=GITHUB_ONE_DEPLOY&amp;type=zip&amp;message=%7B%22type%22%3A%22deployment%22%2C%22sha%22%3A%22fc1313ae512f6f43aa23b7701a93f76ca9209446%22%2C%22repoName%22%3A%22sadabyakod%2Fschool-ai-chatbot%22%2C%22actor%22%3A%22sadabyakod%22%2C%22slotName%22%3A%22Production%22%2C%22commitMessage%22%3A%22Redesign%20FileUpload%20with%20step-based%20layout%2C%20compact%20dropdowns%2C%20and%20cleaner%20UI%22%7D" method="POST" type="request" pid="6884,2,8" Transfer-Encoding="chunked" Content-Type="application/octet-stream" Authorization="Bea..." Cookie="ARRAffinity=22a7daa836b64a8ce56c907737553d08297ff2e76cd06a1f52c29956b9a85c17;Path=/;HttpOnly;Secure;Domain=smartstudy-api-athtbtapcvdjesbe.scm.centralindia-01.azurewebsites.net; ARRAffinitySameSite=22a7daa836b64a8ce56c907737553d08297ff2e76cd06a1f52c29956b9a85c17;Path=/;HttpOnly;SameSite=None;Secure;Domain=smartstudy-api-athtbtapcvdjesbe.scm.centralindia-01.azurewebsites.net" Host="smartstudy-api-athtbtapcvdjesbe.scm.centralindia-01.azurewebsites.net" User-Agent="GITHUBACTIONS_DeployWebAppToAzure_b38e683445ac2cccfa8cd358babf8f5a5158c9572d0969b43cb3c24e61907cfe" X-ARR-LOG-ID="d7508ad7-5ce8-4db5-9c08-25a92c77f068" CLIENT-IP="20.161.28.176:1024" X-SITE-DEPLOYMENT-ID="smartstudy-api" WAS-DEFAULT-HOSTNAME="smartstudy-api-athtbtapcvdjesbe.scm.centralindia-01.azurewebsites.net" X-Forwarded-Proto="https" X-AppService-Proto="https" X-Forwarded-TlsVersion="1.3" X-WAWS-Unencoded-URL="/api/publish?async=true&amp;deployer=GITHUB_ONE_DEPLOY&amp;type=zip&amp;message=%7B%22type%22%3A%22deployment%22%2C%22sha%22%3A%22fc1313ae512f6f43aa23b7701a93f76ca9209446%22%2C%22repoName%22%3A%22sadabyakod%2Fschool-ai-chatbot%22%2C%22actor%22%3A%22sadabyakod%22%2C%22slotName%22%3A%22Production%22%2C%22commitMessage%22%3A%22Redesign%20FileUpload%20with%20step-based%20layout%2C%20compact%20dropdowns%2C%20and%20cleaner%20UI%22%7D" >
  <step title="OneDeploy" date="2025-12-14T13:37:10.447" >
    <step title="Starting PushDeployAsync" date="2025-12-14T13:37:10.479" /><!-- duration: 0ms -->
    <step title="Updating shutdown sentinel last write time" date="2025-12-14T13:37:10.494" SemaphoreCount="7" /><!-- duration: 16ms -->
    <step title="LockFile &apos;C:\home\site\locks\deployments.lock&apos; acquired" date="2025-12-14T13:37:10.510" /><!-- duration: 0ms -->
    <step title="Saving request content to C:\local\Temp\zipdeploy\3wgbn0gp.zip" date="2025-12-14T13:37:10.510" >
      <step title="Total 13,796,189 bytes written to C:\local\Temp\zipdeploy\3wgbn0gp.zip" date="2025-12-14T13:37:12.838" /><!-- duration: 0ms -->
    </step><!-- duration: 2328ms -->
    <step title="LockFile &apos;C:\home\site\locks\deployments.lock&apos; released" date="2025-12-14T13:37:12.854" /><!-- duration: 0ms -->
    <step title="Deleting shutdown sentinel file" date="2025-12-14T13:37:12.869" SemaphoreCount="8" /><!-- duration: 0ms -->
    <step title="Starting FetchDeploy" date="2025-12-14T13:37:12.869" /><!-- duration: 16ms -->
    <step title="Start deployment in the background" date="2025-12-14T13:37:12.885" /><!-- duration: 79ms -->
  </step><!-- duration: 2517ms -->
  <step title="Outgoing response" date="2025-12-14T13:37:12.979" type="response" statusCode="202" statusText="Accepted" Server="Microsoft-IIS/10.0" x-ms-request-id="d7508ad7-5ce8-4db5-9c08-25a92c77f068" Retry-After="30" Cache-Control="private" X-AspNet-Version="4.0.30319" Location="https://smartstudy-api-athtbtapcvdjesbe.scm.centralindia-01.azurewebsites.net/api/deployments/latest?deployer=OneDeploy&amp;time=2025-12-14_13-37-12Z" /><!-- duration: 0ms -->
</step><!-- duration: 2970ms -->
