<step title="Incoming Request" date="2025-12-13T20:08:50.191" instance="22a7da" url="/api/publish?async=true&amp;deployer=GITHUB_ONE_DEPLOY&amp;type=zip&amp;message=%7B%22type%22%3A%22deployment%22%2C%22sha%22%3A%229ffbf42197ac33530e49e3660417d3e617770483%22%2C%22repoName%22%3A%22sadabyakod%2Fschool-ai-chatbot%22%2C%22actor%22%3A%22sadabyakod%22%2C%22slotName%22%3A%22Production%22%2C%22commitMessage%22%3A%22Add%20ModelQuestionPapers%20table%20with%20upload%2Fdownload%20endpoints%20-%20separate%20from%20syllabus%22%7D" method="POST" type="request" pid="19936,2,49" Transfer-Encoding="chunked" Content-Type="application/octet-stream" Authorization="Bea..." Cookie="ARRAffinity=22a7daa836b64a8ce56c907737553d08297ff2e76cd06a1f52c29956b9a85c17;Path=/;HttpOnly;Secure;Domain=smartstudy-api-athtbtapcvdjesbe.scm.centralindia-01.azurewebsites.net; ARRAffinitySameSite=22a7daa836b64a8ce56c907737553d08297ff2e76cd06a1f52c29956b9a85c17;Path=/;HttpOnly;SameSite=None;Secure;Domain=smartstudy-api-athtbtapcvdjesbe.scm.centralindia-01.azurewebsites.net" Host="smartstudy-api-athtbtapcvdjesbe.scm.centralindia-01.azurewebsites.net" User-Agent="GITHUBACTIONS_DeployWebAppToAzure_b38e683445ac2cccfa8cd358babf8f5a5158c9572d0969b43cb3c24e61907cfe" X-ARR-LOG-ID="07b59364-5e88-4470-9201-d3129872f05a" CLIENT-IP="132.196.82.10:28712" X-SITE-DEPLOYMENT-ID="smartstudy-api" WAS-DEFAULT-HOSTNAME="smartstudy-api-athtbtapcvdjesbe.scm.centralindia-01.azurewebsites.net" X-Forwarded-Proto="https" X-AppService-Proto="https" X-Forwarded-TlsVersion="1.3" X-WAWS-Unencoded-URL="/api/publish?async=true&amp;deployer=GITHUB_ONE_DEPLOY&amp;type=zip&amp;message=%7B%22type%22%3A%22deployment%22%2C%22sha%22%3A%229ffbf42197ac33530e49e3660417d3e617770483%22%2C%22repoName%22%3A%22sadabyakod%2Fschool-ai-chatbot%22%2C%22actor%22%3A%22sadabyakod%22%2C%22slotName%22%3A%22Production%22%2C%22commitMessage%22%3A%22Add%20ModelQuestionPapers%20table%20with%20upload%2Fdownload%20endpoints%20-%20separate%20from%20syllabus%22%7D" >
  <step title="OneDeploy" date="2025-12-13T20:08:50.659" >
    <step title="Starting PushDeployAsync" date="2025-12-13T20:08:50.675" /><!-- duration: 0ms -->
    <step title="Updating shutdown sentinel last write time" date="2025-12-13T20:08:50.691" SemaphoreCount="7" /><!-- duration: 0ms -->
    <step title="LockFile &apos;C:\home\site\locks\deployments.lock&apos; acquired" date="2025-12-13T20:08:50.706" /><!-- duration: 0ms -->
    <step title="Saving request content to C:\local\Temp\zipdeploy\0z5osjlj.zip" date="2025-12-13T20:08:50.706" >
      <step title="Total 13,762,607 bytes written to C:\local\Temp\zipdeploy\0z5osjlj.zip" date="2025-12-13T20:08:53.706" /><!-- duration: 0ms -->
    </step><!-- duration: 3000ms -->
    <step title="LockFile &apos;C:\home\site\locks\deployments.lock&apos; released" date="2025-12-13T20:08:53.722" /><!-- duration: 0ms -->
    <step title="Deleting shutdown sentinel file" date="2025-12-13T20:08:53.722" SemaphoreCount="8" /><!-- duration: 16ms -->
    <step title="Starting FetchDeploy" date="2025-12-13T20:08:53.738" /><!-- duration: 0ms -->
    <step title="Start deployment in the background" date="2025-12-13T20:08:53.738" /><!-- duration: 63ms -->
  </step><!-- duration: 3141ms -->
  <step title="Outgoing response" date="2025-12-13T20:08:53.800" type="response" statusCode="202" statusText="Accepted" Server="Microsoft-IIS/10.0" x-ms-request-id="07b59364-5e88-4470-9201-d3129872f05a" Retry-After="30" Cache-Control="private" X-AspNet-Version="4.0.30319" Location="https://smartstudy-api-athtbtapcvdjesbe.scm.centralindia-01.azurewebsites.net/api/deployments/latest?deployer=OneDeploy&amp;time=2025-12-13_20-08-53Z" /><!-- duration: 16ms -->
</step><!-- duration: 3625ms -->
