<step title="Incoming Request" date="2025-12-15T07:29:21.872" instance="a6e48b" url="/api/publish?type=zip" method="POST" type="request" pid="2760,2,7" Cache-Control="no-cache" Connection="Keep-Alive" Content-Length="13309722" Content-Type="application/octet-stream" Accept="*/*" Accept-Encoding="gzip, deflate" Authorization="Bea..." Host="smartstudy-api-athtbtapcvdjesbe.scm.centralindia-01.azurewebsites.net" User-Agent="AZURECLI/2.80.0 (MSI)" x-ms-client-request-id="c04125c8-d987-11f0-8957-7404f1536f46" X-ARR-LOG-ID="c04125c8-d987-11f0-8957-7404f1536f46" CLIENT-IP="38.254.185.59:57707" X-SITE-DEPLOYMENT-ID="smartstudy-api" WAS-DEFAULT-HOSTNAME="smartstudy-api-athtbtapcvdjesbe.scm.centralindia-01.azurewebsites.net" X-Forwarded-Proto="https" X-AppService-Proto="https" X-Forwarded-TlsVersion="1.3" X-WAWS-Unencoded-URL="/api/publish?type=zip" X-MS-COLDSTART="1" >
  <step title="OneDeploy" date="2025-12-15T07:29:22.434" >
    <step title="Starting PushDeployAsync" date="2025-12-15T07:29:22.450" /><!-- duration: 16ms -->
    <step title="Updating shutdown sentinel last write time" date="2025-12-15T07:29:22.513" SemaphoreCount="7" /><!-- duration: 0ms -->
    <step title="LockFile &apos;C:\home\site\locks\deployments.lock&apos; acquired" date="2025-12-15T07:29:22.513" /><!-- duration: 0ms -->
    <step title="Saving request content to C:\local\Temp\zipdeploy\v4ryxgx4.zip" date="2025-12-15T07:29:22.528" >
      <step title="Total 13,309,722 bytes written to C:\local\Temp\zipdeploy\v4ryxgx4.zip" date="2025-12-15T07:29:22.684" /><!-- duration: 16ms -->
    </step><!-- duration: 172ms -->
    <step title="LockFile &apos;C:\home\site\locks\deployments.lock&apos; released" date="2025-12-15T07:29:22.700" /><!-- duration: 0ms -->
    <step title="Deleting shutdown sentinel file" date="2025-12-15T07:29:22.716" SemaphoreCount="8" /><!-- duration: 0ms -->
    <step title="Starting FetchDeploy" date="2025-12-15T07:29:22.731" /><!-- duration: 0ms -->
    <step title="Attempting to fetch target branch HEAD" date="2025-12-15T07:29:22.731" /><!-- duration: 16ms -->
    <step title="Updating shutdown sentinel last write time" date="2025-12-15T07:29:22.763" SemaphoreCount="7" /><!-- duration: 0ms -->
    <step title="LockFile &apos;C:\home\site\locks\deployments.lock&apos; acquired" date="2025-12-15T07:29:22.778" /><!-- duration: 0ms -->
    <step title="Performing fetch based deployment" date="2025-12-15T07:29:22.778" >
      <step title="Creating temporary deployment" date="2025-12-15T07:29:22.794" /><!-- duration: 47ms -->
      <step title="Fetching changes." date="2025-12-15T07:29:22.903" /><!-- duration: 0ms -->
      <step title="Starting LocalZipHandler" date="2025-12-15T07:29:22.919" /><!-- duration: 0ms -->
      <step title="Starting LocalZipFetch" date="2025-12-15T07:29:22.919" /><!-- duration: 16ms -->
      <step title="Cleaning up temp folders from previous zip deployments and extracting pushed zip file C:\local\Temp\zipdeploy\v4ryxgx4.zip (12.69 MB) to C:\local\Temp\zipdeploy\extracted" date="2025-12-15T07:29:22.934" /><!-- duration: 16ms -->
      <step title="Cleaning up temp folders from previous zip deployments and extracting pushed zip file C:\local\Temp\zipdeploy\v4ryxgx4.zip (12.69 MB) to C:\local\Temp\zipdeploy\extracted" date="2025-12-15T07:29:22.950" >
        <step title="Extracting 115 entries to C:\local\Temp\zipdeploy\extracted directory" date="2025-12-15T07:29:22.966" >
          <step title="Extracting to C:\local\Temp\zipdeploy\extracted\runtimes\unix\lib\net6.0\Microsoft.Data.SqlClient.dll ..." date="2025-12-15T07:29:22.966" /><!-- duration: 31ms -->
          <step title="Extracting to C:\local\Temp\zipdeploy\extracted\runtimes\unix\lib\net6.0\System.Drawing.Common.dll ..." date="2025-12-15T07:29:22.997" /><!-- duration: 16ms -->
          <step title="Extracting to C:\local\Temp\zipdeploy\extracted\runtimes\win\lib\net6.0\Microsoft.Data.SqlClient.dll ..." date="2025-12-15T07:29:23.013" /><!-- duration: 31ms -->
          <step title="Extracting to C:\local\Temp\zipdeploy\extracted\runtimes\win\lib\net6.0\Microsoft.Win32.SystemEvents.dll ..." date="2025-12-15T07:29:23.044" /><!-- duration: 0ms -->
          <step title="Extracting to C:\local\Temp\zipdeploy\extracted\runtimes\win\lib\net6.0\System.Drawing.Common.dll ..." date="2025-12-15T07:29:23.059" /><!-- duration: 0ms -->
          <step title="Omitting extracting file traces ..." date="2025-12-15T07:29:23.075" /><!-- duration: 0ms -->
        </step><!-- duration: 531ms -->
      </step><!-- duration: 547ms -->
      <step title="None repository commit" date="2025-12-15T07:29:23.513" >
        <step title="Commit id: e743b4f6dc494288b2678a7e6db6208a" date="2025-12-15T07:29:23.513" Message="OneDeploy" AuthorName="N/A" AuthorEmail="N/A" /><!-- duration: 0ms -->
      </step><!-- duration: 0ms -->
      <step title="Before sending BuildRequestReceived status to /api/updatedeploystatus" date="2025-12-15T07:29:23.528" /><!-- duration: 0ms -->
      <step title="DeploymentManager.Deploy(id:e743b4f6dc494288b2678a7e6db6208a)" date="2025-12-15T07:29:23.528" >
        <step title="Collecting changeset information" date="2025-12-15T07:29:23.544" /><!-- duration: 31ms -->
        <step title="Updating submodules" date="2025-12-15T07:29:23.575" >
          <step title="Updating submodules." date="2025-12-15T07:29:23.622" /><!-- duration: 0ms -->
        </step><!-- duration: 62ms -->
        <step title="Preparing deployment for commit id &apos;e743b4f6dc&apos;." date="2025-12-15T07:29:23.669" /><!-- duration: 0ms -->
        <step title="Determining deployment builder" date="2025-12-15T07:29:23.700" >
          <step title="Builder is OneDeployBuilder" date="2025-12-15T07:29:23.716" /><!-- duration: 0ms -->
        </step><!-- duration: 31ms -->
        <step title="Copying SSH keys" date="2025-12-15T07:29:23.794" /><!-- duration: 0ms -->
        <step title="Building" date="2025-12-15T07:29:23.794" >
          <step title="Running build. Project type: OneDeploy" date="2025-12-15T07:29:23.841" /><!-- duration: 0ms -->
          <step title="Copying the manifest" date="2025-12-15T07:29:23.888" /><!-- duration: 16ms -->
          <step title="Clean deploying to C:\home\site\wwwroot" date="2025-12-15T07:29:23.950" /><!-- duration: 0ms -->
          <step title="Generating deployment script." date="2025-12-15T07:29:23.981" /><!-- duration: 16ms -->
          <step title="Generating deployment script" date="2025-12-15T07:29:23.997" >
            <step title="Using cached version of the deployment script for command: -y --no-dot-deployment -r &quot;C:\local\Temp\zipdeploy\extracted&quot; -o &quot;C:\home\site\deployments\tools&quot; --basic --sitePath &quot;C:\local\Temp\zipdeploy\extracted&quot;" date="2025-12-15T07:29:24.044" /><!-- duration: 16ms -->
            <step title="Using cached version of deployment script (command: &apos;azure -y --no-dot-deployment -r &quot;C:\local\Temp\zipdeploy\extracted&quot; -o &quot;C:\home\site\deployments\tools&quot; --basic --sitePath &quot;C:\local\Temp\zipdeploy\extracted&quot;&apos;)." date="2025-12-15T07:29:24.075" /><!-- duration: 0ms -->
          </step><!-- duration: 94ms -->
          <step title="Running deployment command..." date="2025-12-15T07:29:24.138" /><!-- duration: 0ms -->
          <step title="Command: &quot;C:\home\site\deployments\tools\deploy.cmd&quot;" date="2025-12-15T07:29:24.153" /><!-- duration: 0ms -->
          <step title="Executing external process" date="2025-12-15T07:29:24.169" type="process" path="starter.cmd" arguments="&quot;C:\home\site\deployments\tools\deploy.cmd&quot;" >
            <step title="Handling Basic Web Site deployment." date="2025-12-15T07:29:24.325" /><!-- duration: 0ms -->
            <step title="Creating app_offline.htm" date="2025-12-15T07:29:24.856" /><!-- duration: 0ms -->
            <step title="KuduSync.NET from: &apos;C:\local\Temp\zipdeploy\extracted&apos; to: &apos;C:\home\site\wwwroot&apos;" date="2025-12-15T07:29:24.872" /><!-- duration: 0ms -->
            <step title="Deleting file: &apos;logs\app-20251214.log&apos;" date="2025-12-15T07:29:24.888" /><!-- duration: 0ms -->
            <step title="Deleting file: &apos;logs\app-20251215.log&apos;" date="2025-12-15T07:29:24.903" /><!-- duration: 0ms -->
            <step title="Deleting file: &apos;logs\stdout_20251214154617_16244.log&apos;" date="2025-12-15T07:29:24.919" /><!-- duration: 0ms -->
            <step title="Deleting file: &apos;logs\stdout_20251214162526_9392.log&apos;" date="2025-12-15T07:29:24.935" /><!-- duration: 0ms -->
            <step title="Deleting file: &apos;logs\stdout_20251214165453_8400.log&apos;" date="2025-12-15T07:29:24.966" /><!-- duration: 0ms -->
            <step title="Deleting file: &apos;logs\stdout_20251214183430_14436.log&apos;" date="2025-12-15T07:29:24.981" /><!-- duration: 0ms -->
            <step title="Deleting file: &apos;logs\stdout_20251214192639_11216.log&apos;" date="2025-12-15T07:29:24.997" /><!-- duration: 0ms -->
            <step title="Deleting file: &apos;logs\stdout_20251215010141_13888.log&apos;" date="2025-12-15T07:29:25.013" /><!-- duration: 0ms -->
            <step title="Deleting file: &apos;logs\stdout_20251215061013_11896.log&apos;" date="2025-12-15T07:29:25.028" /><!-- duration: 0ms -->
            <step title="Deleting file: &apos;logs\stdout_20251215064932_12580.log&apos;" date="2025-12-15T07:29:25.044" /><!-- duration: 16ms -->
            <step title="Deleting directory: &apos;logs&apos;" date="2025-12-15T07:29:25.075" /><!-- duration: 0ms -->
            <step title="Copying file: &apos;appsettings.Development.json&apos;" date="2025-12-15T07:29:25.091" /><!-- duration: 0ms -->
            <step title="Copying file: &apos;appsettings.json&apos;" date="2025-12-15T07:29:25.106" /><!-- duration: 0ms -->
            <step title="Copying file: &apos;appsettings.Production.json&apos;" date="2025-12-15T07:29:25.122" /><!-- duration: 0ms -->
            <step title="Copying file: &apos;appsettings.template.json&apos;" date="2025-12-15T07:29:25.138" /><!-- duration: 0ms -->
            <step title="Copying file: &apos;Azure.Core.dll&apos;" date="2025-12-15T07:29:25.200" /><!-- duration: 0ms -->
            <step title="Copying file: &apos;Azure.Identity.dll&apos;" date="2025-12-15T07:29:25.231" /><!-- duration: 16ms -->
            <step title="Copying file: &apos;Azure.Storage.Blobs.dll&apos;" date="2025-12-15T07:29:25.278" /><!-- duration: 0ms -->
            <step title="Copying file: &apos;Azure.Storage.Common.dll&apos;" date="2025-12-15T07:29:25.294" /><!-- duration: 0ms -->
            <step title="Copying file: &apos;Azure.Storage.Queues.dll&apos;" date="2025-12-15T07:29:25.310" /><!-- duration: 0ms -->
            <step title="Copying file: &apos;Google.Api.CommonProtos.dll&apos;" date="2025-12-15T07:29:25.325" /><!-- duration: 0ms -->
            <step title="Copying file: &apos;Google.Api.Gax.dll&apos;" date="2025-12-15T07:29:25.341" /><!-- duration: 0ms -->
            <step title="Copying file: &apos;Google.Api.Gax.Grpc.dll&apos;" date="2025-12-15T07:29:25.356" /><!-- duration: 16ms -->
            <step title="Copying file: &apos;Google.Apis.Auth.dll&apos;" date="2025-12-15T07:29:25.388" /><!-- duration: 0ms -->
            <step title="Copying file: &apos;Google.Apis.Core.dll&apos;" date="2025-12-15T07:29:25.403" /><!-- duration: 0ms -->
            <step title="Copying file: &apos;Google.Apis.dll&apos;" date="2025-12-15T07:29:25.419" /><!-- duration: 0ms -->
            <step title="Copying file: &apos;Google.Cloud.Vision.V1.dll&apos;" date="2025-12-15T07:29:25.435" /><!-- duration: 0ms -->
            <step title="Copying file: &apos;Google.LongRunning.dll&apos;" date="2025-12-15T07:29:25.450" /><!-- duration: 0ms -->
            <step title="Copying file: &apos;Google.Protobuf.dll&apos;" date="2025-12-15T07:29:25.466" /><!-- duration: 16ms -->
            <step title="Copying file: &apos;Grpc.Auth.dll&apos;" date="2025-12-15T07:29:25.497" /><!-- duration: 0ms -->
            <step title="Copying file: &apos;Grpc.Core.Api.dll&apos;" date="2025-12-15T07:29:25.528" /><!-- duration: 0ms -->
            <step title="Copying file: &apos;Grpc.Net.Client.dll&apos;" date="2025-12-15T07:29:25.544" /><!-- duration: 0ms -->
            <step title="Copying file: &apos;Grpc.Net.Common.dll&apos;" date="2025-12-15T07:29:25.560" /><!-- duration: 0ms -->
            <step title="Copying file: &apos;Microsoft.AspNetCore.Authentication.JwtBearer.dll&apos;" date="2025-12-15T07:29:25.575" /><!-- duration: 16ms -->
            <step title="Copying file: &apos;Microsoft.AspNetCore.OpenApi.dll&apos;" date="2025-12-15T07:29:25.591" /><!-- duration: 16ms -->
            <step title="Copying file: &apos;Microsoft.Bcl.AsyncInterfaces.dll&apos;" date="2025-12-15T07:29:25.606" /><!-- duration: 16ms -->
            <step title="Copying file: &apos;Microsoft.Data.SqlClient.dll&apos;" date="2025-12-15T07:29:25.638" /><!-- duration: 0ms -->
            <step title="Copying file: &apos;Microsoft.EntityFrameworkCore.Abstractions.dll&apos;" date="2025-12-15T07:29:25.653" /><!-- duration: 0ms -->
            <step title="Copying file: &apos;Microsoft.EntityFrameworkCore.dll&apos;" date="2025-12-15T07:29:25.669" /><!-- duration: 0ms -->
            <step title="Copying file: &apos;Microsoft.EntityFrameworkCore.InMemory.dll&apos;" date="2025-12-15T07:29:25.685" /><!-- duration: 0ms -->
            <step title="Copying file: &apos;Microsoft.EntityFrameworkCore.Relational.dll&apos;" date="2025-12-15T07:29:25.716" /><!-- duration: 0ms -->
            <step title="Copying file: &apos;Microsoft.EntityFrameworkCore.SqlServer.dll&apos;" date="2025-12-15T07:29:25.731" /><!-- duration: 0ms -->
            <step title="Copying file: &apos;Microsoft.Extensions.Caching.Abstractions.dll&apos;" date="2025-12-15T07:29:25.747" /><!-- duration: 0ms -->
            <step title="Copying file: &apos;Microsoft.Extensions.Caching.Memory.dll&apos;" date="2025-12-15T07:29:25.763" /><!-- duration: 0ms -->
            <step title="Copying file: &apos;Microsoft.Extensions.Configuration.Abstractions.dll&apos;" date="2025-12-15T07:29:25.778" /><!-- duration: 0ms -->
            <step title="Copying file: &apos;Microsoft.Extensions.DependencyInjection.Abstractions.dll&apos;" date="2025-12-15T07:29:25.794" /><!-- duration: 16ms -->
            <step title="Copying file: &apos;Microsoft.Extensions.DependencyInjection.dll&apos;" date="2025-12-15T07:29:25.825" /><!-- duration: 0ms -->
            <step title="Copying file: &apos;Microsoft.Extensions.DependencyModel.dll&apos;" date="2025-12-15T07:29:25.841" /><!-- duration: 0ms -->
            <step title="Omitting next output lines..." date="2025-12-15T07:29:25.856" /><!-- duration: 0ms -->
            <step title="Finished successfully." date="2025-12-15T07:29:28.169" /><!-- duration: 0ms -->
          </step><!-- duration: 4016ms -->
          <step title="Build completed succesfully." date="2025-12-15T07:29:28.216" /><!-- duration: 0ms -->
          <step title="Running post deployment command(s)..." date="2025-12-15T07:29:28.263" /><!-- duration: 0ms -->
          <step title="Requesting site restart" date="2025-12-15T07:29:28.310" /><!-- duration: 0ms -->
          <step title="Requesting site restart" date="2025-12-15T07:29:28.325" /><!-- duration: 0ms -->
          <step title="Requesting site restart. Attempt #1" date="2025-12-15T07:29:28.388" /><!-- duration: 0ms -->
          <step title="Requesting site restart. Attempt #1" date="2025-12-15T07:29:28.388" /><!-- duration: 16ms -->
          <step title="Successfully requested a restart. Attempt #1" date="2025-12-15T07:29:28.700" /><!-- duration: 16ms -->
          <step title="Successfully requested a restart. Attempt #1" date="2025-12-15T07:29:28.716" /><!-- duration: 0ms -->
          <step title="Deployment successful. DEPLOYMENTINFO: deploymentPath = OneDeploy, deployer = OneDeploy, os = windows, sku = Free, siteName = smartstudy-api, siteHostName = smartstudy-api-athtbtapcvdjesbe.centralindia-01.azurewebsites.net, deploymentStatus = Success" date="2025-12-15T07:29:28.763" /><!-- duration: 0ms -->
          <step title="Purge deployment items" date="2025-12-15T07:29:29.403" >
            <step title="Remove 24b295000, Success, received at 12/14/2025 11:06:36 AM" date="2025-12-15T07:29:29.450" /><!-- duration: 0ms -->
          </step><!-- duration: 47ms -->
        </step><!-- duration: 5688ms -->
      </step><!-- duration: 5953ms -->
      <step title="Cleaning up temp files" date="2025-12-15T07:29:29.482" /><!-- duration: 16ms -->
      <step title="Skip function trigger and logicapp sync because function is not enabled." date="2025-12-15T07:29:29.513" /><!-- duration: 0ms -->
    </step><!-- duration: 6766ms -->
    <step title="LockFile &apos;C:\home\site\locks\deployments.lock&apos; released" date="2025-12-15T07:29:29.560" /><!-- duration: 0ms -->
    <step title="Deleting shutdown sentinel file" date="2025-12-15T07:29:29.560" SemaphoreCount="8" /><!-- duration: 16ms -->
  </step><!-- duration: 7141ms -->
  <step title="Outgoing response" date="2025-12-15T07:29:29.607" type="response" statusCode="200" statusText="OK" Server="Microsoft-IIS/10.0" x-ms-request-id="c04125c8-d987-11f0-8957-7404f1536f46" Cache-Control="private" X-AspNet-Version="4.0.30319" /><!-- duration: 0ms -->
</step><!-- duration: 7735ms -->
