<step title="Incoming Request" date="2025-12-13T15:21:02.324" instance="22a7da" url="/api/publish?async=true&amp;deployer=GITHUB_ONE_DEPLOY&amp;type=zip&amp;message=%7B%22type%22%3A%22deployment%22%2C%22sha%22%3A%222835fd6616a11d16eba7f52157bef7b23b28303e%22%2C%22repoName%22%3A%22sadabyakod%2Fschool-ai-chatbot%22%2C%22actor%22%3A%22sadabyakod%22%2C%22slotName%22%3A%22Production%22%2C%22commitMessage%22%3A%22refactor%3A%20Make%20API%20thin%20-%20move%20OCR%2FAI%20to%20Azure%20Functions%5Cn%5Cn-%20Remove%20heavy%20processing%20services%20(OCR%2C%20SubjectiveEvaluator%2C%20MCQ%20services)%5Cn-%20Add%20Azure%20Queue%20Service%20for%20async%20processing%20delegation%5Cn-%20Harden%20UploadWrittenAnswers%20with%20validation%2C%20idempotency%2C%20structured%20logging%5Cn-%20Add%20retry%20logic%20and%20connection%20caching%20to%20queue%20service%5Cn-%20Delete%20Program.Production.cs%20(obsolete)%5Cn-%20Add%20request%20size%20limits%20and%20file%20validation%22%7D" method="POST" type="request" pid="15740,2,7" Transfer-Encoding="chunked" Content-Type="application/octet-stream" Authorization="Bea..." Cookie="ARRAffinity=22a7daa836b64a8ce56c907737553d08297ff2e76cd06a1f52c29956b9a85c17;Path=/;HttpOnly;Secure;Domain=smartstudy-api-athtbtapcvdjesbe.scm.centralindia-01.azurewebsites.net; ARRAffinitySameSite=22a7daa836b64a8ce56c907737553d08297ff2e76cd06a1f52c29956b9a85c17;Path=/;HttpOnly;SameSite=None;Secure;Domain=smartstudy-api-athtbtapcvdjesbe.scm.centralindia-01.azurewebsites.net" Host="smartstudy-api-athtbtapcvdjesbe.scm.centralindia-01.azurewebsites.net" User-Agent="GITHUBACTIONS_DeployWebAppToAzure_b38e683445ac2cccfa8cd358babf8f5a5158c9572d0969b43cb3c24e61907cfe" X-ARR-LOG-ID="5ee75ede-b833-43b9-a09f-909c2d2930fa" CLIENT-IP="52.190.141.32:60416" X-SITE-DEPLOYMENT-ID="smartstudy-api" WAS-DEFAULT-HOSTNAME="smartstudy-api-athtbtapcvdjesbe.scm.centralindia-01.azurewebsites.net" X-Forwarded-Proto="https" X-AppService-Proto="https" X-Forwarded-TlsVersion="1.3" X-WAWS-Unencoded-URL="/api/publish?async=true&amp;deployer=GITHUB_ONE_DEPLOY&amp;type=zip&amp;message=%7B%22type%22%3A%22deployment%22%2C%22sha%22%3A%222835fd6616a11d16eba7f52157bef7b23b28303e%22%2C%22repoName%22%3A%22sadabyakod%2Fschool-ai-chatbot%22%2C%22actor%22%3A%22sadabyakod%22%2C%22slotName%22%3A%22Production%22%2C%22commitMessage%22%3A%22refactor%3A%20Make%20API%20thin%20-%20move%20OCR%2FAI%20to%20Azure%20Functions%5Cn%5Cn-%20Remove%20heavy%20processing%20services%20(OCR%2C%20SubjectiveEvaluator%2C%20MCQ%20services)%5Cn-%20Add%20Azure%20Queue%20Service%20for%20async%20processing%20delegation%5Cn-%20Harden%20UploadWrittenAnswers%20with%20validation%2C%20idempotency%2C%20structured%20logging%5Cn-%20Add%20retry%20logic%20and%20connection%20caching%20to%20queue%20service%5Cn-%20Delete%20Program.Production.cs%20(obsolete)%5Cn-%20Add%20request%20size%20limits%20and%20file%20validation%22%7D" >
  <step title="OneDeploy" date="2025-12-13T15:21:02.839" >
    <step title="Starting PushDeployAsync" date="2025-12-13T15:21:02.855" /><!-- duration: 16ms -->
    <step title="Updating shutdown sentinel last write time" date="2025-12-13T15:21:02.902" SemaphoreCount="7" /><!-- duration: 0ms -->
    <step title="LockFile &apos;C:\home\site\locks\deployments.lock&apos; acquired" date="2025-12-13T15:21:02.902" /><!-- duration: 16ms -->
    <step title="Saving request content to C:\local\Temp\zipdeploy\tqzahv33.zip" date="2025-12-13T15:21:02.917" >
      <step title="Total 13,733,366 bytes written to C:\local\Temp\zipdeploy\tqzahv33.zip" date="2025-12-13T15:21:05.810" /><!-- duration: 16ms -->
    </step><!-- duration: 2908ms -->
    <step title="LockFile &apos;C:\home\site\locks\deployments.lock&apos; released" date="2025-12-13T15:21:05.825" /><!-- duration: 16ms -->
    <step title="Deleting shutdown sentinel file" date="2025-12-13T15:21:05.841" SemaphoreCount="8" /><!-- duration: 0ms -->
    <step title="Starting FetchDeploy" date="2025-12-13T15:21:05.857" /><!-- duration: 0ms -->
    <step title="Start deployment in the background" date="2025-12-13T15:21:05.872" /><!-- duration: 62ms -->
  </step><!-- duration: 3111ms -->
  <step title="Outgoing response" date="2025-12-13T15:21:05.950" type="response" statusCode="202" statusText="Accepted" Server="Microsoft-IIS/10.0" x-ms-request-id="5ee75ede-b833-43b9-a09f-909c2d2930fa" Retry-After="30" Cache-Control="private" X-AspNet-Version="4.0.30319" Location="https://smartstudy-api-athtbtapcvdjesbe.scm.centralindia-01.azurewebsites.net/api/deployments/latest?deployer=OneDeploy&amp;time=2025-12-13_15-21-05Z" /><!-- duration: 0ms -->
</step><!-- duration: 3627ms -->
