<step title="BackgroundTrace" date="2025-12-14T12:57:30.919" instance="22a7da" url="/api/publish" method="POST" >
  <step title="Updating shutdown sentinel last write time" date="2025-12-14T12:57:30.919" SemaphoreCount="7" /><!-- duration: 16ms -->
  <step title="LockFile &apos;C:\home\site\locks\deployments.lock&apos; acquired" date="2025-12-14T12:57:30.935" /><!-- duration: 0ms -->
  <step title="Creating temporary deployment" date="2025-12-14T12:57:30.935" /><!-- duration: 31ms -->
  <step title="Performing fetch based deployment" date="2025-12-14T12:57:30.966" >
    <step title="Fetching changes." date="2025-12-14T12:57:31.013" /><!-- duration: 16ms -->
    <step title="Starting LocalZipHandler" date="2025-12-14T12:57:31.028" /><!-- duration: 0ms -->
    <step title="Cleaning up temp folders from previous zip deployments and extracting pushed zip file C:\local\Temp\zipdeploy\rkg4u1tj.zip (13.16 MB) to C:\local\Temp\zipdeploy\extracted" date="2025-12-14T12:57:31.060" /><!-- duration: 0ms -->
    <step title="Cleaning up temp folders from previous zip deployments and extracting pushed zip file C:\local\Temp\zipdeploy\rkg4u1tj.zip (13.16 MB) to C:\local\Temp\zipdeploy\extracted" date="2025-12-14T12:57:31.075" >
      <step title="Renaming extractTargetDirectory(C:\local\Temp\zipdeploy\extracted) to tempDirectory(C:\local\Temp\zipdeploy\4fbk0w4v.id0)" date="2025-12-14T12:57:31.075" /><!-- duration: 0ms -->
      <step title="Extracting 115 entries to C:\local\Temp\zipdeploy\extracted directory" date="2025-12-14T12:57:31.091" >
        <step title="Extracting to C:\local\Temp\zipdeploy\extracted\appsettings.json ..." date="2025-12-14T12:57:31.091" /><!-- duration: 16ms -->
        <step title="Extracting to C:\local\Temp\zipdeploy\extracted\appsettings.template.json ..." date="2025-12-14T12:57:31.107" /><!-- duration: 0ms -->
        <step title="Extracting to C:\local\Temp\zipdeploy\extracted\Azure.Core.dll ..." date="2025-12-14T12:57:31.122" /><!-- duration: 0ms -->
        <step title="Extracting to C:\local\Temp\zipdeploy\extracted\Azure.Identity.dll ..." date="2025-12-14T12:57:31.122" /><!-- duration: 16ms -->
        <step title="Extracting to C:\local\Temp\zipdeploy\extracted\Azure.Storage.Blobs.dll ..." date="2025-12-14T12:57:31.138" /><!-- duration: 31ms -->
        <step title="Omitting extracting file traces ..." date="2025-12-14T12:57:31.169" /><!-- duration: 0ms -->
      </step><!-- duration: 516ms -->
    </step><!-- duration: 547ms -->
    <step title="Before sending BuildRequestReceived status to /api/updatedeploystatus" date="2025-12-14T12:57:31.622" /><!-- duration: 0ms -->
    <step title="DeploymentManager.Deploy(id:ba88f5aa70b24d8ea6e3e827ca7f2f10)" date="2025-12-14T12:57:31.638" >
      <step title="Collecting changeset information" date="2025-12-14T12:57:31.638" /><!-- duration: 31ms -->
      <step title="Updating submodules" date="2025-12-14T12:57:31.685" >
        <step title="Updating submodules." date="2025-12-14T12:57:31.716" /><!-- duration: 0ms -->
      </step><!-- duration: 31ms -->
      <step title="Preparing deployment for commit id &apos;ba88f5aa70&apos;." date="2025-12-14T12:57:31.841" /><!-- duration: 0ms -->
      <step title="Determining deployment builder" date="2025-12-14T12:57:31.872" >
        <step title="Builder is OneDeployBuilder" date="2025-12-14T12:57:31.888" /><!-- duration: 0ms -->
      </step><!-- duration: 16ms -->
      <step title="Copying SSH keys" date="2025-12-14T12:57:31.903" /><!-- duration: 0ms -->
      <step title="Building" date="2025-12-14T12:57:31.903" >
        <step title="Running build. Project type: OneDeploy" date="2025-12-14T12:57:31.950" /><!-- duration: 0ms -->
        <step title="Copying the manifest" date="2025-12-14T12:57:31.982" /><!-- duration: 0ms -->
        <step title="Clean deploying to C:\home\site\wwwroot" date="2025-12-14T12:57:32.028" /><!-- duration: 16ms -->
        <step title="Generating deployment script." date="2025-12-14T12:57:32.075" /><!-- duration: 0ms -->
        <step title="Generating deployment script" date="2025-12-14T12:57:32.075" >
          <step title="Using cached version of the deployment script for command: -y --no-dot-deployment -r &quot;C:\local\Temp\zipdeploy\extracted&quot; -o &quot;C:\home\site\deployments\tools&quot; --basic --sitePath &quot;C:\local\Temp\zipdeploy\extracted&quot;" date="2025-12-14T12:57:32.091" /><!-- duration: 0ms -->
          <step title="Using cached version of deployment script (command: &apos;azure -y --no-dot-deployment -r &quot;C:\local\Temp\zipdeploy\extracted&quot; -o &quot;C:\home\site\deployments\tools&quot; --basic --sitePath &quot;C:\local\Temp\zipdeploy\extracted&quot;&apos;)." date="2025-12-14T12:57:32.107" /><!-- duration: 16ms -->
        </step><!-- duration: 47ms -->
        <step title="Running deployment command..." date="2025-12-14T12:57:32.153" /><!-- duration: 0ms -->
        <step title="Command: &quot;C:\home\site\deployments\tools\deploy.cmd&quot;" date="2025-12-14T12:57:32.169" /><!-- duration: 0ms -->
        <step title="Executing external process" date="2025-12-14T12:57:32.185" type="process" path="starter.cmd" arguments="&quot;C:\home\site\deployments\tools\deploy.cmd&quot;" >
          <step title="Handling Basic Web Site deployment." date="2025-12-14T12:57:32.310" /><!-- duration: 0ms -->
          <step title="Creating app_offline.htm" date="2025-12-14T12:57:32.857" /><!-- duration: 0ms -->
          <step title="KuduSync.NET from: &apos;C:\local\Temp\zipdeploy\extracted&apos; to: &apos;C:\home\site\wwwroot&apos;" date="2025-12-14T12:57:32.889" /><!-- duration: 0ms -->
          <step title="Deleting file: &apos;logs\app-20251214.log&apos;" date="2025-12-14T12:57:32.904" /><!-- duration: 0ms -->
          <step title="Deleting file: &apos;logs\stdout_20251214125511_21420.log&apos;" date="2025-12-14T12:57:32.904" /><!-- duration: 16ms -->
          <step title="Deleting file: &apos;logs\stdout_20251214125548_8088.log&apos;" date="2025-12-14T12:57:32.920" /><!-- duration: 0ms -->
          <step title="Deleting directory: &apos;logs&apos;" date="2025-12-14T12:57:32.935" /><!-- duration: 0ms -->
          <step title="Copying file: &apos;appsettings.json&apos;" date="2025-12-14T12:57:32.951" /><!-- duration: 0ms -->
          <step title="Copying file: &apos;appsettings.template.json&apos;" date="2025-12-14T12:57:32.967" /><!-- duration: 0ms -->
          <step title="Copying file: &apos;Azure.Core.dll&apos;" date="2025-12-14T12:57:32.982" /><!-- duration: 0ms -->
          <step title="Copying file: &apos;Azure.Identity.dll&apos;" date="2025-12-14T12:57:32.982" /><!-- duration: 16ms -->
          <step title="Copying file: &apos;Azure.Storage.Blobs.dll&apos;" date="2025-12-14T12:57:32.998" /><!-- duration: 0ms -->
          <step title="Copying file: &apos;Azure.Storage.Common.dll&apos;" date="2025-12-14T12:57:33.014" /><!-- duration: 0ms -->
          <step title="Copying file: &apos;Azure.Storage.Queues.dll&apos;" date="2025-12-14T12:57:33.029" /><!-- duration: 0ms -->
          <step title="Copying file: &apos;Google.Api.CommonProtos.dll&apos;" date="2025-12-14T12:57:33.045" /><!-- duration: 0ms -->
          <step title="Copying file: &apos;Google.Api.Gax.dll&apos;" date="2025-12-14T12:57:33.045" /><!-- duration: 16ms -->
          <step title="Copying file: &apos;Google.Api.Gax.Grpc.dll&apos;" date="2025-12-14T12:57:33.060" /><!-- duration: 16ms -->
          <step title="Copying file: &apos;Google.Apis.Auth.dll&apos;" date="2025-12-14T12:57:33.076" /><!-- duration: 0ms -->
          <step title="Copying file: &apos;Google.Apis.Core.dll&apos;" date="2025-12-14T12:57:33.092" /><!-- duration: 0ms -->
          <step title="Copying file: &apos;Google.Apis.dll&apos;" date="2025-12-14T12:57:33.107" /><!-- duration: 0ms -->
          <step title="Copying file: &apos;Google.Cloud.Vision.V1.dll&apos;" date="2025-12-14T12:57:33.107" /><!-- duration: 16ms -->
          <step title="Copying file: &apos;Google.LongRunning.dll&apos;" date="2025-12-14T12:57:33.123" /><!-- duration: 0ms -->
          <step title="Copying file: &apos;Google.Protobuf.dll&apos;" date="2025-12-14T12:57:33.139" /><!-- duration: 0ms -->
          <step title="Copying file: &apos;Grpc.Auth.dll&apos;" date="2025-12-14T12:57:33.154" /><!-- duration: 0ms -->
          <step title="Copying file: &apos;Grpc.Core.Api.dll&apos;" date="2025-12-14T12:57:33.170" /><!-- duration: 0ms -->
          <step title="Copying file: &apos;Grpc.Net.Client.dll&apos;" date="2025-12-14T12:57:33.185" /><!-- duration: 0ms -->
          <step title="Copying file: &apos;Grpc.Net.Common.dll&apos;" date="2025-12-14T12:57:33.201" /><!-- duration: 0ms -->
          <step title="Copying file: &apos;Microsoft.AspNetCore.Authentication.JwtBearer.dll&apos;" date="2025-12-14T12:57:33.201" /><!-- duration: 16ms -->
          <step title="Copying file: &apos;Microsoft.AspNetCore.OpenApi.dll&apos;" date="2025-12-14T12:57:33.217" /><!-- duration: 0ms -->
          <step title="Copying file: &apos;Microsoft.Bcl.AsyncInterfaces.dll&apos;" date="2025-12-14T12:57:33.232" /><!-- duration: 0ms -->
          <step title="Copying file: &apos;Microsoft.Data.SqlClient.dll&apos;" date="2025-12-14T12:57:33.248" /><!-- duration: 0ms -->
          <step title="Copying file: &apos;Microsoft.EntityFrameworkCore.Abstractions.dll&apos;" date="2025-12-14T12:57:33.248" /><!-- duration: 16ms -->
          <step title="Copying file: &apos;Microsoft.EntityFrameworkCore.dll&apos;" date="2025-12-14T12:57:33.264" /><!-- duration: 0ms -->
          <step title="Copying file: &apos;Microsoft.EntityFrameworkCore.InMemory.dll&apos;" date="2025-12-14T12:57:33.295" /><!-- duration: 0ms -->
          <step title="Copying file: &apos;Microsoft.EntityFrameworkCore.Relational.dll&apos;" date="2025-12-14T12:57:33.295" /><!-- duration: 16ms -->
          <step title="Copying file: &apos;Microsoft.EntityFrameworkCore.SqlServer.dll&apos;" date="2025-12-14T12:57:33.310" /><!-- duration: 0ms -->
          <step title="Copying file: &apos;Microsoft.Extensions.Caching.Memory.dll&apos;" date="2025-12-14T12:57:33.326" /><!-- duration: 0ms -->
          <step title="Copying file: &apos;Microsoft.Extensions.DependencyInjection.Abstractions.dll&apos;" date="2025-12-14T12:57:33.342" /><!-- duration: 0ms -->
          <step title="Copying file: &apos;Microsoft.Extensions.DependencyInjection.dll&apos;" date="2025-12-14T12:57:33.357" /><!-- duration: 0ms -->
          <step title="Copying file: &apos;Microsoft.Extensions.DependencyModel.dll&apos;" date="2025-12-14T12:57:33.357" /><!-- duration: 16ms -->
          <step title="Copying file: &apos;Microsoft.Extensions.Logging.Abstractions.dll&apos;" date="2025-12-14T12:57:33.373" /><!-- duration: 0ms -->
          <step title="Copying file: &apos;Microsoft.Extensions.Logging.dll&apos;" date="2025-12-14T12:57:33.389" /><!-- duration: 0ms -->
          <step title="Copying file: &apos;Microsoft.Extensions.Options.dll&apos;" date="2025-12-14T12:57:33.404" /><!-- duration: 0ms -->
          <step title="Copying file: &apos;Microsoft.Identity.Client.dll&apos;" date="2025-12-14T12:57:33.420" /><!-- duration: 0ms -->
          <step title="Copying file: &apos;Microsoft.Identity.Client.Extensions.Msal.dll&apos;" date="2025-12-14T12:57:33.435" /><!-- duration: 0ms -->
          <step title="Copying file: &apos;Microsoft.IdentityModel.Abstractions.dll&apos;" date="2025-12-14T12:57:33.435" /><!-- duration: 16ms -->
          <step title="Copying file: &apos;Microsoft.IdentityModel.JsonWebTokens.dll&apos;" date="2025-12-14T12:57:33.451" /><!-- duration: 0ms -->
          <step title="Copying file: &apos;Microsoft.IdentityModel.Logging.dll&apos;" date="2025-12-14T12:57:33.467" /><!-- duration: 0ms -->
          <step title="Copying file: &apos;Microsoft.IdentityModel.Protocols.dll&apos;" date="2025-12-14T12:57:33.482" /><!-- duration: 0ms -->
          <step title="Copying file: &apos;Microsoft.IdentityModel.Protocols.OpenIdConnect.dll&apos;" date="2025-12-14T12:57:33.498" /><!-- duration: 0ms -->
          <step title="Copying file: &apos;Microsoft.IdentityModel.Tokens.dll&apos;" date="2025-12-14T12:57:33.514" /><!-- duration: 0ms -->
          <step title="Omitting next output lines..." date="2025-12-14T12:57:33.514" /><!-- duration: 16ms -->
          <step title="Finished successfully." date="2025-12-14T12:57:36.092" /><!-- duration: 0ms -->
        </step><!-- duration: 3923ms -->
        <step title="Build completed succesfully." date="2025-12-14T12:57:36.139" /><!-- duration: 0ms -->
        <step title="Running post deployment command(s)..." date="2025-12-14T12:57:36.186" /><!-- duration: 0ms -->
        <step title="Requesting site restart" date="2025-12-14T12:57:36.217" /><!-- duration: 16ms -->
        <step title="Requesting site restart" date="2025-12-14T12:57:36.232" /><!-- duration: 0ms -->
        <step title="Requesting site restart. Attempt #1" date="2025-12-14T12:57:36.279" /><!-- duration: 0ms -->
        <step title="Requesting site restart. Attempt #1" date="2025-12-14T12:57:36.279" /><!-- duration: 16ms -->
        <step title="Successfully requested a restart. Attempt #1" date="2025-12-14T12:57:36.420" /><!-- duration: 0ms -->
        <step title="Successfully requested a restart. Attempt #1" date="2025-12-14T12:57:36.420" /><!-- duration: 16ms -->
        <step title="Deployment successful. DEPLOYMENTINFO: deploymentPath = OneDeploy, deployer = OneDeploy, os = windows, sku = Free, siteName = smartstudy-api, siteHostName = smartstudy-api-athtbtapcvdjesbe.centralindia-01.azurewebsites.net, deploymentStatus = Success" date="2025-12-14T12:57:36.467" /><!-- duration: 0ms -->
        <step title="Purge deployment items" date="2025-12-14T12:57:36.545" >
          <step title="Remove 3066a7fe5, Success, received at 12/13/2025 7:58:43 PM" date="2025-12-14T12:57:36.592" /><!-- duration: 0ms -->
        </step><!-- duration: 47ms -->
      </step><!-- duration: 4720ms -->
    </step><!-- duration: 4985ms -->
    <step title="Cleaning up temp files" date="2025-12-14T12:57:36.623" /><!-- duration: 0ms -->
    <step title="Skip function trigger and logicapp sync because function is not enabled." date="2025-12-14T12:57:36.639" /><!-- duration: 0ms -->
  </step><!-- duration: 5704ms -->
  <step title="LockFile &apos;C:\home\site\locks\deployments.lock&apos; released" date="2025-12-14T12:57:36.686" /><!-- duration: 0ms -->
  <step title="Deleting shutdown sentinel file" date="2025-12-14T12:57:36.701" SemaphoreCount="8" /><!-- duration: 0ms -->
</step><!-- duration: 5782ms -->
