<step title="BackgroundTrace" date="2025-12-13T20:08:53.753" instance="22a7da" url="/api/publish" method="POST" >
  <step title="Updating shutdown sentinel last write time" date="2025-12-13T20:08:53.753" SemaphoreCount="7" /><!-- duration: 0ms -->
  <step title="LockFile &apos;C:\home\site\locks\deployments.lock&apos; acquired" date="2025-12-13T20:08:53.769" /><!-- duration: 0ms -->
  <step title="Creating temporary deployment" date="2025-12-13T20:08:53.769" /><!-- duration: 31ms -->
  <step title="Performing fetch based deployment" date="2025-12-13T20:08:53.800" >
    <step title="Fetching changes." date="2025-12-13T20:08:53.831" /><!-- duration: 16ms -->
    <step title="Starting LocalZipHandler" date="2025-12-13T20:08:53.847" /><!-- duration: 16ms -->
    <step title="Cleaning up temp folders from previous zip deployments and extracting pushed zip file C:\local\Temp\zipdeploy\0z5osjlj.zip (13.13 MB) to C:\local\Temp\zipdeploy\extracted" date="2025-12-13T20:08:53.878" /><!-- duration: 16ms -->
    <step title="Cleaning up temp folders from previous zip deployments and extracting pushed zip file C:\local\Temp\zipdeploy\0z5osjlj.zip (13.13 MB) to C:\local\Temp\zipdeploy\extracted" date="2025-12-13T20:08:53.894" >
      <step title="Renaming extractTargetDirectory(C:\local\Temp\zipdeploy\extracted) to tempDirectory(C:\local\Temp\zipdeploy\zsbo4vu3.um1)" date="2025-12-13T20:08:53.894" /><!-- duration: 16ms -->
      <step title="Extracting 115 entries to C:\local\Temp\zipdeploy\extracted directory" date="2025-12-13T20:08:53.910" >
        <step title="Extracting to C:\local\Temp\zipdeploy\extracted\appsettings.json ..." date="2025-12-13T20:08:53.910" /><!-- duration: 0ms -->
        <step title="Extracting to C:\local\Temp\zipdeploy\extracted\appsettings.template.json ..." date="2025-12-13T20:08:53.925" /><!-- duration: 0ms -->
        <step title="Extracting to C:\local\Temp\zipdeploy\extracted\Azure.Core.dll ..." date="2025-12-13T20:08:53.925" /><!-- duration: 16ms -->
        <step title="Extracting to C:\local\Temp\zipdeploy\extracted\Azure.Identity.dll ..." date="2025-12-13T20:08:53.941" /><!-- duration: 16ms -->
        <step title="Extracting to C:\local\Temp\zipdeploy\extracted\Azure.Storage.Blobs.dll ..." date="2025-12-13T20:08:53.956" /><!-- duration: 16ms -->
        <step title="Omitting extracting file traces ..." date="2025-12-13T20:08:53.988" /><!-- duration: 0ms -->
      </step><!-- duration: 516ms -->
    </step><!-- duration: 547ms -->
    <step title="Before sending BuildRequestReceived status to /api/updatedeploystatus" date="2025-12-13T20:08:54.441" /><!-- duration: 16ms -->
    <step title="DeploymentManager.Deploy(id:c3b4d7000edb40d28a811cf8662f9beb)" date="2025-12-13T20:08:54.456" >
      <step title="Collecting changeset information" date="2025-12-13T20:08:54.472" /><!-- duration: 31ms -->
      <step title="Updating submodules" date="2025-12-13T20:08:54.503" >
        <step title="Updating submodules." date="2025-12-13T20:08:54.566" /><!-- duration: 0ms -->
      </step><!-- duration: 78ms -->
      <step title="Preparing deployment for commit id &apos;c3b4d7000e&apos;." date="2025-12-13T20:08:54.628" /><!-- duration: 0ms -->
      <step title="Determining deployment builder" date="2025-12-13T20:08:54.660" >
        <step title="Builder is OneDeployBuilder" date="2025-12-13T20:08:54.675" /><!-- duration: 0ms -->
      </step><!-- duration: 16ms -->
      <step title="Copying SSH keys" date="2025-12-13T20:08:54.706" /><!-- duration: 0ms -->
      <step title="Building" date="2025-12-13T20:08:54.722" >
        <step title="Running build. Project type: OneDeploy" date="2025-12-13T20:08:54.753" /><!-- duration: 0ms -->
        <step title="Copying the manifest" date="2025-12-13T20:08:54.800" /><!-- duration: 0ms -->
        <step title="Clean deploying to C:\home\site\wwwroot" date="2025-12-13T20:08:54.847" /><!-- duration: 16ms -->
        <step title="Generating deployment script." date="2025-12-13T20:08:54.894" /><!-- duration: 0ms -->
        <step title="Generating deployment script" date="2025-12-13T20:08:54.894" >
          <step title="Using cached version of the deployment script for command: -y --no-dot-deployment -r &quot;C:\local\Temp\zipdeploy\extracted&quot; -o &quot;C:\home\site\deployments\tools&quot; --basic --sitePath &quot;C:\local\Temp\zipdeploy\extracted&quot;" date="2025-12-13T20:08:54.925" /><!-- duration: 0ms -->
          <step title="Using cached version of deployment script (command: &apos;azure -y --no-dot-deployment -r &quot;C:\local\Temp\zipdeploy\extracted&quot; -o &quot;C:\home\site\deployments\tools&quot; --basic --sitePath &quot;C:\local\Temp\zipdeploy\extracted&quot;&apos;)." date="2025-12-13T20:08:54.941" /><!-- duration: 16ms -->
        </step><!-- duration: 63ms -->
        <step title="Running deployment command..." date="2025-12-13T20:08:55.003" /><!-- duration: 0ms -->
        <step title="Command: &quot;C:\home\site\deployments\tools\deploy.cmd&quot;" date="2025-12-13T20:08:55.019" /><!-- duration: 0ms -->
        <step title="Executing external process" date="2025-12-13T20:08:55.035" type="process" path="starter.cmd" arguments="&quot;C:\home\site\deployments\tools\deploy.cmd&quot;" >
          <step title="Handling Basic Web Site deployment." date="2025-12-13T20:08:55.160" /><!-- duration: 0ms -->
          <step title="Creating app_offline.htm" date="2025-12-13T20:08:55.394" /><!-- duration: 16ms -->
          <step title="KuduSync.NET from: &apos;C:\local\Temp\zipdeploy\extracted&apos; to: &apos;C:\home\site\wwwroot&apos;" date="2025-12-13T20:08:55.410" /><!-- duration: 16ms -->
          <step title="Deleting file: &apos;logs\app-20251213.log&apos;" date="2025-12-13T20:08:55.425" /><!-- duration: 16ms -->
          <step title="Deleting file: &apos;logs\stdout_20251213195903_12776.log&apos;" date="2025-12-13T20:08:55.441" /><!-- duration: 16ms -->
          <step title="Deleting directory: &apos;logs&apos;" date="2025-12-13T20:08:55.472" /><!-- duration: 0ms -->
          <step title="Copying file: &apos;appsettings.json&apos;" date="2025-12-13T20:08:55.488" /><!-- duration: 0ms -->
          <step title="Copying file: &apos;appsettings.template.json&apos;" date="2025-12-13T20:08:55.503" /><!-- duration: 0ms -->
          <step title="Copying file: &apos;Azure.Core.dll&apos;" date="2025-12-13T20:08:55.519" /><!-- duration: 0ms -->
          <step title="Copying file: &apos;Azure.Identity.dll&apos;" date="2025-12-13T20:08:55.535" /><!-- duration: 0ms -->
          <step title="Copying file: &apos;Azure.Storage.Blobs.dll&apos;" date="2025-12-13T20:08:55.550" /><!-- duration: 0ms -->
          <step title="Copying file: &apos;Azure.Storage.Common.dll&apos;" date="2025-12-13T20:08:55.550" /><!-- duration: 16ms -->
          <step title="Copying file: &apos;Azure.Storage.Queues.dll&apos;" date="2025-12-13T20:08:55.581" /><!-- duration: 0ms -->
          <step title="Copying file: &apos;Google.Api.CommonProtos.dll&apos;" date="2025-12-13T20:08:55.597" /><!-- duration: 0ms -->
          <step title="Copying file: &apos;Google.Api.Gax.dll&apos;" date="2025-12-13T20:08:55.613" /><!-- duration: 0ms -->
          <step title="Copying file: &apos;Google.Api.Gax.Grpc.dll&apos;" date="2025-12-13T20:08:55.628" /><!-- duration: 0ms -->
          <step title="Copying file: &apos;Google.Apis.Auth.dll&apos;" date="2025-12-13T20:08:55.644" /><!-- duration: 0ms -->
          <step title="Copying file: &apos;Google.Apis.Core.dll&apos;" date="2025-12-13T20:08:55.660" /><!-- duration: 0ms -->
          <step title="Copying file: &apos;Google.Apis.dll&apos;" date="2025-12-13T20:08:55.675" /><!-- duration: 0ms -->
          <step title="Copying file: &apos;Google.Cloud.Vision.V1.dll&apos;" date="2025-12-13T20:08:55.691" /><!-- duration: 0ms -->
          <step title="Copying file: &apos;Google.LongRunning.dll&apos;" date="2025-12-13T20:08:55.707" /><!-- duration: 0ms -->
          <step title="Copying file: &apos;Google.Protobuf.dll&apos;" date="2025-12-13T20:08:55.722" /><!-- duration: 0ms -->
          <step title="Copying file: &apos;Grpc.Auth.dll&apos;" date="2025-12-13T20:08:55.738" /><!-- duration: 0ms -->
          <step title="Copying file: &apos;Grpc.Core.Api.dll&apos;" date="2025-12-13T20:08:55.753" /><!-- duration: 0ms -->
          <step title="Copying file: &apos;Grpc.Net.Client.dll&apos;" date="2025-12-13T20:08:55.769" /><!-- duration: 0ms -->
          <step title="Copying file: &apos;Grpc.Net.Common.dll&apos;" date="2025-12-13T20:08:55.785" /><!-- duration: 0ms -->
          <step title="Copying file: &apos;Microsoft.AspNetCore.Authentication.JwtBearer.dll&apos;" date="2025-12-13T20:08:55.800" /><!-- duration: 0ms -->
          <step title="Copying file: &apos;Microsoft.AspNetCore.OpenApi.dll&apos;" date="2025-12-13T20:08:55.816" /><!-- duration: 0ms -->
          <step title="Copying file: &apos;Microsoft.Bcl.AsyncInterfaces.dll&apos;" date="2025-12-13T20:08:55.832" /><!-- duration: 0ms -->
          <step title="Copying file: &apos;Microsoft.Data.SqlClient.dll&apos;" date="2025-12-13T20:08:55.847" /><!-- duration: 16ms -->
          <step title="Copying file: &apos;Microsoft.EntityFrameworkCore.Abstractions.dll&apos;" date="2025-12-13T20:08:55.863" /><!-- duration: 16ms -->
          <step title="Copying file: &apos;Microsoft.EntityFrameworkCore.dll&apos;" date="2025-12-13T20:08:55.910" /><!-- duration: 16ms -->
          <step title="Copying file: &apos;Microsoft.EntityFrameworkCore.InMemory.dll&apos;" date="2025-12-13T20:08:55.941" /><!-- duration: 0ms -->
          <step title="Copying file: &apos;Microsoft.EntityFrameworkCore.Relational.dll&apos;" date="2025-12-13T20:08:55.957" /><!-- duration: 0ms -->
          <step title="Copying file: &apos;Microsoft.EntityFrameworkCore.SqlServer.dll&apos;" date="2025-12-13T20:08:55.972" /><!-- duration: 0ms -->
          <step title="Copying file: &apos;Microsoft.Extensions.Caching.Memory.dll&apos;" date="2025-12-13T20:08:55.988" /><!-- duration: 0ms -->
          <step title="Copying file: &apos;Microsoft.Extensions.DependencyInjection.Abstractions.dll&apos;" date="2025-12-13T20:08:55.988" /><!-- duration: 16ms -->
          <step title="Copying file: &apos;Microsoft.Extensions.DependencyInjection.dll&apos;" date="2025-12-13T20:08:56.003" /><!-- duration: 16ms -->
          <step title="Copying file: &apos;Microsoft.Extensions.DependencyModel.dll&apos;" date="2025-12-13T20:08:56.035" /><!-- duration: 0ms -->
          <step title="Copying file: &apos;Microsoft.Extensions.Logging.Abstractions.dll&apos;" date="2025-12-13T20:08:56.050" /><!-- duration: 0ms -->
          <step title="Copying file: &apos;Microsoft.Extensions.Logging.dll&apos;" date="2025-12-13T20:08:56.066" /><!-- duration: 0ms -->
          <step title="Copying file: &apos;Microsoft.Extensions.Options.dll&apos;" date="2025-12-13T20:08:56.082" /><!-- duration: 0ms -->
          <step title="Copying file: &apos;Microsoft.Identity.Client.dll&apos;" date="2025-12-13T20:08:56.082" /><!-- duration: 16ms -->
          <step title="Copying file: &apos;Microsoft.Identity.Client.Extensions.Msal.dll&apos;" date="2025-12-13T20:08:56.097" /><!-- duration: 16ms -->
          <step title="Copying file: &apos;Microsoft.IdentityModel.Abstractions.dll&apos;" date="2025-12-13T20:08:56.113" /><!-- duration: 16ms -->
          <step title="Copying file: &apos;Microsoft.IdentityModel.JsonWebTokens.dll&apos;" date="2025-12-13T20:08:56.144" /><!-- duration: 0ms -->
          <step title="Copying file: &apos;Microsoft.IdentityModel.Logging.dll&apos;" date="2025-12-13T20:08:56.161" /><!-- duration: 0ms -->
          <step title="Copying file: &apos;Microsoft.IdentityModel.Protocols.dll&apos;" date="2025-12-13T20:08:56.175" /><!-- duration: 0ms -->
          <step title="Copying file: &apos;Microsoft.IdentityModel.Protocols.OpenIdConnect.dll&apos;" date="2025-12-13T20:08:56.191" /><!-- duration: 0ms -->
          <step title="Copying file: &apos;Microsoft.IdentityModel.Tokens.dll&apos;" date="2025-12-13T20:08:56.207" /><!-- duration: 0ms -->
          <step title="Copying file: &apos;Microsoft.OpenApi.dll&apos;" date="2025-12-13T20:08:56.222" /><!-- duration: 0ms -->
          <step title="Omitting next output lines..." date="2025-12-13T20:08:56.238" /><!-- duration: 0ms -->
          <step title="Finished successfully." date="2025-12-13T20:08:56.254" /><!-- duration: 0ms -->
        </step><!-- duration: 1219ms -->
        <step title="Build completed succesfully." date="2025-12-13T20:08:56.300" /><!-- duration: 0ms -->
        <step title="Running post deployment command(s)..." date="2025-12-13T20:08:56.347" /><!-- duration: 16ms -->
        <step title="Requesting site restart" date="2025-12-13T20:08:56.394" /><!-- duration: 16ms -->
        <step title="Requesting site restart" date="2025-12-13T20:08:56.410" /><!-- duration: 0ms -->
        <step title="Requesting site restart. Attempt #1" date="2025-12-13T20:08:56.457" /><!-- duration: 0ms -->
        <step title="Requesting site restart. Attempt #1" date="2025-12-13T20:08:56.472" /><!-- duration: 0ms -->
        <step title="Successfully requested a restart. Attempt #1" date="2025-12-13T20:08:56.613" /><!-- duration: 0ms -->
        <step title="Successfully requested a restart. Attempt #1" date="2025-12-13T20:08:56.613" /><!-- duration: 0ms -->
        <step title="Deployment successful. DEPLOYMENTINFO: deploymentPath = OneDeploy, deployer = OneDeploy, os = windows, sku = Free, siteName = smartstudy-api, siteHostName = smartstudy-api-athtbtapcvdjesbe.centralindia-01.azurewebsites.net, deploymentStatus = Success" date="2025-12-13T20:08:56.644" /><!-- duration: 16ms -->
        <step title="Purge deployment items" date="2025-12-13T20:08:56.738" >
          <step title="Remove a288a02a6, Success, received at 12/13/2025 10:08:17 AM" date="2025-12-13T20:08:56.769" /><!-- duration: 16ms -->
        </step><!-- duration: 47ms -->
      </step><!-- duration: 2078ms -->
    </step><!-- duration: 2360ms -->
    <step title="Cleaning up temp files" date="2025-12-13T20:08:56.816" /><!-- duration: 0ms -->
    <step title="Skip function trigger and logicapp sync because function is not enabled." date="2025-12-13T20:08:56.832" /><!-- duration: 0ms -->
  </step><!-- duration: 3063ms -->
  <step title="LockFile &apos;C:\home\site\locks\deployments.lock&apos; released" date="2025-12-13T20:08:56.863" /><!-- duration: 16ms -->
  <step title="Deleting shutdown sentinel file" date="2025-12-13T20:08:56.879" SemaphoreCount="8" /><!-- duration: 0ms -->
</step><!-- duration: 3125ms -->
