<step title="BackgroundTrace" date="2025-12-14T12:50:27.224" instance="22a7da" url="/api/publish" method="POST" >
  <step title="Updating shutdown sentinel last write time" date="2025-12-14T12:50:27.240" SemaphoreCount="7" /><!-- duration: 0ms -->
  <step title="LockFile &apos;C:\home\site\locks\deployments.lock&apos; acquired" date="2025-12-14T12:50:27.240" /><!-- duration: 16ms -->
  <step title="Creating temporary deployment" date="2025-12-14T12:50:27.255" /><!-- duration: 16ms -->
  <step title="Performing fetch based deployment" date="2025-12-14T12:50:27.287" >
    <step title="Fetching changes." date="2025-12-14T12:50:27.318" /><!-- duration: 16ms -->
    <step title="Starting LocalZipHandler" date="2025-12-14T12:50:27.334" /><!-- duration: 0ms -->
    <step title="Cleaning up temp folders from previous zip deployments and extracting pushed zip file C:\local\Temp\zipdeploy\etdjzvzx.zip (13.16 MB) to C:\local\Temp\zipdeploy\extracted" date="2025-12-14T12:50:27.365" /><!-- duration: 0ms -->
    <step title="Cleaning up temp folders from previous zip deployments and extracting pushed zip file C:\local\Temp\zipdeploy\etdjzvzx.zip (13.16 MB) to C:\local\Temp\zipdeploy\extracted" date="2025-12-14T12:50:27.365" >
      <step title="Renaming extractTargetDirectory(C:\local\Temp\zipdeploy\extracted) to tempDirectory(C:\local\Temp\zipdeploy\pa1ppprt.gzo)" date="2025-12-14T12:50:27.380" /><!-- duration: 0ms -->
      <step title="Extracting 115 entries to C:\local\Temp\zipdeploy\extracted directory" date="2025-12-14T12:50:27.380" >
        <step title="Extracting to C:\local\Temp\zipdeploy\extracted\appsettings.json ..." date="2025-12-14T12:50:27.396" /><!-- duration: 0ms -->
        <step title="Extracting to C:\local\Temp\zipdeploy\extracted\appsettings.template.json ..." date="2025-12-14T12:50:27.396" /><!-- duration: 0ms -->
        <step title="Extracting to C:\local\Temp\zipdeploy\extracted\Azure.Core.dll ..." date="2025-12-14T12:50:27.412" /><!-- duration: 0ms -->
        <step title="Extracting to C:\local\Temp\zipdeploy\extracted\Azure.Identity.dll ..." date="2025-12-14T12:50:27.427" /><!-- duration: 0ms -->
        <step title="Extracting to C:\local\Temp\zipdeploy\extracted\Azure.Storage.Blobs.dll ..." date="2025-12-14T12:50:27.443" /><!-- duration: 16ms -->
        <step title="Omitting extracting file traces ..." date="2025-12-14T12:50:27.459" /><!-- duration: 16ms -->
      </step><!-- duration: 531ms -->
    </step><!-- duration: 563ms -->
    <step title="Before sending BuildRequestReceived status to /api/updatedeploystatus" date="2025-12-14T12:50:27.927" /><!-- duration: 0ms -->
    <step title="DeploymentManager.Deploy(id:58cbc382645144b69c7b87920a611462)" date="2025-12-14T12:50:27.927" >
      <step title="Collecting changeset information" date="2025-12-14T12:50:27.943" /><!-- duration: 31ms -->
      <step title="Updating submodules" date="2025-12-14T12:50:27.974" >
        <step title="Updating submodules." date="2025-12-14T12:50:28.006" /><!-- duration: 16ms -->
      </step><!-- duration: 47ms -->
      <step title="Preparing deployment for commit id &apos;58cbc38264&apos;." date="2025-12-14T12:50:28.052" /><!-- duration: 0ms -->
      <step title="Determining deployment builder" date="2025-12-14T12:50:28.084" >
        <step title="Builder is OneDeployBuilder" date="2025-12-14T12:50:28.099" /><!-- duration: 0ms -->
      </step><!-- duration: 16ms -->
      <step title="Copying SSH keys" date="2025-12-14T12:50:28.131" /><!-- duration: 0ms -->
      <step title="Building" date="2025-12-14T12:50:28.131" >
        <step title="Running build. Project type: OneDeploy" date="2025-12-14T12:50:28.177" /><!-- duration: 0ms -->
        <step title="Copying the manifest" date="2025-12-14T12:50:28.209" /><!-- duration: 0ms -->
        <step title="Clean deploying to C:\home\site\wwwroot" date="2025-12-14T12:50:28.271" /><!-- duration: 0ms -->
        <step title="Generating deployment script." date="2025-12-14T12:50:28.302" /><!-- duration: 0ms -->
        <step title="Generating deployment script" date="2025-12-14T12:50:28.318" >
          <step title="Using cached version of the deployment script for command: -y --no-dot-deployment -r &quot;C:\local\Temp\zipdeploy\extracted&quot; -o &quot;C:\home\site\deployments\tools&quot; --basic --sitePath &quot;C:\local\Temp\zipdeploy\extracted&quot;" date="2025-12-14T12:50:28.334" /><!-- duration: 0ms -->
          <step title="Using cached version of deployment script (command: &apos;azure -y --no-dot-deployment -r &quot;C:\local\Temp\zipdeploy\extracted&quot; -o &quot;C:\home\site\deployments\tools&quot; --basic --sitePath &quot;C:\local\Temp\zipdeploy\extracted&quot;&apos;)." date="2025-12-14T12:50:28.349" /><!-- duration: 0ms -->
        </step><!-- duration: 47ms -->
        <step title="Running deployment command..." date="2025-12-14T12:50:28.427" /><!-- duration: 0ms -->
        <step title="Command: &quot;C:\home\site\deployments\tools\deploy.cmd&quot;" date="2025-12-14T12:50:28.443" /><!-- duration: 0ms -->
        <step title="Executing external process" date="2025-12-14T12:50:28.443" type="process" path="starter.cmd" arguments="&quot;C:\home\site\deployments\tools\deploy.cmd&quot;" >
          <step title="Handling Basic Web Site deployment." date="2025-12-14T12:50:28.568" /><!-- duration: 16ms -->
          <step title="Creating app_offline.htm" date="2025-12-14T12:50:29.131" /><!-- duration: 0ms -->
          <step title="KuduSync.NET from: &apos;C:\local\Temp\zipdeploy\extracted&apos; to: &apos;C:\home\site\wwwroot&apos;" date="2025-12-14T12:50:29.146" /><!-- duration: 0ms -->
          <step title="Deleting file: &apos;logs\app-20251214.log&apos;" date="2025-12-14T12:50:29.162" /><!-- duration: 0ms -->
          <step title="Deleting file: &apos;logs\stdout_20251214123319_6876.log&apos;" date="2025-12-14T12:50:29.162" /><!-- duration: 16ms -->
          <step title="Deleting file: &apos;logs\stdout_20251214123406_17828.log&apos;" date="2025-12-14T12:50:29.177" /><!-- duration: 0ms -->
          <step title="Deleting directory: &apos;logs&apos;" date="2025-12-14T12:50:29.193" /><!-- duration: 0ms -->
          <step title="Copying file: &apos;appsettings.json&apos;" date="2025-12-14T12:50:29.209" /><!-- duration: 0ms -->
          <step title="Copying file: &apos;appsettings.template.json&apos;" date="2025-12-14T12:50:29.224" /><!-- duration: 0ms -->
          <step title="Copying file: &apos;Azure.Core.dll&apos;" date="2025-12-14T12:50:29.224" /><!-- duration: 16ms -->
          <step title="Copying file: &apos;Azure.Identity.dll&apos;" date="2025-12-14T12:50:29.240" /><!-- duration: 0ms -->
          <step title="Copying file: &apos;Azure.Storage.Blobs.dll&apos;" date="2025-12-14T12:50:29.256" /><!-- duration: 0ms -->
          <step title="Copying file: &apos;Azure.Storage.Common.dll&apos;" date="2025-12-14T12:50:29.271" /><!-- duration: 0ms -->
          <step title="Copying file: &apos;Azure.Storage.Queues.dll&apos;" date="2025-12-14T12:50:29.271" /><!-- duration: 16ms -->
          <step title="Copying file: &apos;Google.Api.CommonProtos.dll&apos;" date="2025-12-14T12:50:29.287" /><!-- duration: 0ms -->
          <step title="Copying file: &apos;Google.Api.Gax.dll&apos;" date="2025-12-14T12:50:29.302" /><!-- duration: 0ms -->
          <step title="Copying file: &apos;Google.Api.Gax.Grpc.dll&apos;" date="2025-12-14T12:50:29.302" /><!-- duration: 16ms -->
          <step title="Copying file: &apos;Google.Apis.Auth.dll&apos;" date="2025-12-14T12:50:29.318" /><!-- duration: 0ms -->
          <step title="Copying file: &apos;Google.Apis.Core.dll&apos;" date="2025-12-14T12:50:29.334" /><!-- duration: 0ms -->
          <step title="Copying file: &apos;Google.Apis.dll&apos;" date="2025-12-14T12:50:29.349" /><!-- duration: 0ms -->
          <step title="Copying file: &apos;Google.Cloud.Vision.V1.dll&apos;" date="2025-12-14T12:50:29.349" /><!-- duration: 16ms -->
          <step title="Copying file: &apos;Google.LongRunning.dll&apos;" date="2025-12-14T12:50:29.365" /><!-- duration: 0ms -->
          <step title="Copying file: &apos;Google.Protobuf.dll&apos;" date="2025-12-14T12:50:29.381" /><!-- duration: 0ms -->
          <step title="Copying file: &apos;Grpc.Auth.dll&apos;" date="2025-12-14T12:50:29.396" /><!-- duration: 0ms -->
          <step title="Copying file: &apos;Grpc.Core.Api.dll&apos;" date="2025-12-14T12:50:29.427" /><!-- duration: 0ms -->
          <step title="Copying file: &apos;Grpc.Net.Client.dll&apos;" date="2025-12-14T12:50:29.443" /><!-- duration: 0ms -->
          <step title="Copying file: &apos;Grpc.Net.Common.dll&apos;" date="2025-12-14T12:50:29.459" /><!-- duration: 0ms -->
          <step title="Copying file: &apos;Microsoft.AspNetCore.Authentication.JwtBearer.dll&apos;" date="2025-12-14T12:50:29.459" /><!-- duration: 0ms -->
          <step title="Copying file: &apos;Microsoft.AspNetCore.OpenApi.dll&apos;" date="2025-12-14T12:50:29.474" /><!-- duration: 0ms -->
          <step title="Copying file: &apos;Microsoft.Bcl.AsyncInterfaces.dll&apos;" date="2025-12-14T12:50:29.490" /><!-- duration: 0ms -->
          <step title="Copying file: &apos;Microsoft.Data.SqlClient.dll&apos;" date="2025-12-14T12:50:29.506" /><!-- duration: 0ms -->
          <step title="Copying file: &apos;Microsoft.EntityFrameworkCore.Abstractions.dll&apos;" date="2025-12-14T12:50:29.506" /><!-- duration: 16ms -->
          <step title="Copying file: &apos;Microsoft.EntityFrameworkCore.dll&apos;" date="2025-12-14T12:50:29.521" /><!-- duration: 0ms -->
          <step title="Copying file: &apos;Microsoft.EntityFrameworkCore.InMemory.dll&apos;" date="2025-12-14T12:50:29.552" /><!-- duration: 0ms -->
          <step title="Copying file: &apos;Microsoft.EntityFrameworkCore.Relational.dll&apos;" date="2025-12-14T12:50:29.552" /><!-- duration: 16ms -->
          <step title="Copying file: &apos;Microsoft.EntityFrameworkCore.SqlServer.dll&apos;" date="2025-12-14T12:50:29.568" /><!-- duration: 0ms -->
          <step title="Copying file: &apos;Microsoft.Extensions.Caching.Memory.dll&apos;" date="2025-12-14T12:50:29.584" /><!-- duration: 0ms -->
          <step title="Copying file: &apos;Microsoft.Extensions.DependencyInjection.Abstractions.dll&apos;" date="2025-12-14T12:50:29.584" /><!-- duration: 16ms -->
          <step title="Copying file: &apos;Microsoft.Extensions.DependencyInjection.dll&apos;" date="2025-12-14T12:50:29.599" /><!-- duration: 16ms -->
          <step title="Copying file: &apos;Microsoft.Extensions.DependencyModel.dll&apos;" date="2025-12-14T12:50:29.615" /><!-- duration: 0ms -->
          <step title="Copying file: &apos;Microsoft.Extensions.Logging.Abstractions.dll&apos;" date="2025-12-14T12:50:29.631" /><!-- duration: 0ms -->
          <step title="Copying file: &apos;Microsoft.Extensions.Logging.dll&apos;" date="2025-12-14T12:50:29.646" /><!-- duration: 0ms -->
          <step title="Copying file: &apos;Microsoft.Extensions.Options.dll&apos;" date="2025-12-14T12:50:29.662" /><!-- duration: 0ms -->
          <step title="Copying file: &apos;Microsoft.Identity.Client.dll&apos;" date="2025-12-14T12:50:29.677" /><!-- duration: 0ms -->
          <step title="Copying file: &apos;Microsoft.Identity.Client.Extensions.Msal.dll&apos;" date="2025-12-14T12:50:29.693" /><!-- duration: 0ms -->
          <step title="Copying file: &apos;Microsoft.IdentityModel.Abstractions.dll&apos;" date="2025-12-14T12:50:29.693" /><!-- duration: 16ms -->
          <step title="Copying file: &apos;Microsoft.IdentityModel.JsonWebTokens.dll&apos;" date="2025-12-14T12:50:29.709" /><!-- duration: 0ms -->
          <step title="Copying file: &apos;Microsoft.IdentityModel.Logging.dll&apos;" date="2025-12-14T12:50:29.724" /><!-- duration: 0ms -->
          <step title="Copying file: &apos;Microsoft.IdentityModel.Protocols.dll&apos;" date="2025-12-14T12:50:29.756" /><!-- duration: 0ms -->
          <step title="Copying file: &apos;Microsoft.IdentityModel.Protocols.OpenIdConnect.dll&apos;" date="2025-12-14T12:50:29.802" /><!-- duration: 0ms -->
          <step title="Copying file: &apos;Microsoft.IdentityModel.Tokens.dll&apos;" date="2025-12-14T12:50:29.818" /><!-- duration: 0ms -->
          <step title="Omitting next output lines..." date="2025-12-14T12:50:29.818" /><!-- duration: 16ms -->
          <step title="Finished successfully." date="2025-12-14T12:50:31.318" /><!-- duration: 16ms -->
        </step><!-- duration: 2891ms -->
        <step title="Build completed succesfully." date="2025-12-14T12:50:31.365" /><!-- duration: 0ms -->
        <step title="Running post deployment command(s)..." date="2025-12-14T12:50:31.412" /><!-- duration: 0ms -->
        <step title="Requesting site restart" date="2025-12-14T12:50:31.443" /><!-- duration: 0ms -->
        <step title="Requesting site restart" date="2025-12-14T12:50:31.459" /><!-- duration: 0ms -->
        <step title="Requesting site restart. Attempt #1" date="2025-12-14T12:50:31.490" /><!-- duration: 16ms -->
        <step title="Requesting site restart. Attempt #1" date="2025-12-14T12:50:31.506" /><!-- duration: 0ms -->
        <step title="Successfully requested a restart. Attempt #1" date="2025-12-14T12:50:31.615" /><!-- duration: 0ms -->
        <step title="Successfully requested a restart. Attempt #1" date="2025-12-14T12:50:31.615" /><!-- duration: 16ms -->
        <step title="Deployment successful. DEPLOYMENTINFO: deploymentPath = OneDeploy, deployer = OneDeploy, os = windows, sku = Free, siteName = smartstudy-api, siteHostName = smartstudy-api-athtbtapcvdjesbe.centralindia-01.azurewebsites.net, deploymentStatus = Success" date="2025-12-14T12:50:31.662" /><!-- duration: 16ms -->
        <step title="Purge deployment items" date="2025-12-14T12:50:31.740" >
          <step title="Remove af0ab2464, Success, received at 12/13/2025 7:44:15 PM" date="2025-12-14T12:50:31.787" /><!-- duration: 16ms -->
        </step><!-- duration: 63ms -->
      </step><!-- duration: 3688ms -->
    </step><!-- duration: 3891ms -->
    <step title="Cleaning up temp files" date="2025-12-14T12:50:31.834" /><!-- duration: 0ms -->
    <step title="Skip function trigger and logicapp sync because function is not enabled." date="2025-12-14T12:50:31.834" /><!-- duration: 16ms -->
  </step><!-- duration: 4594ms -->
  <step title="LockFile &apos;C:\home\site\locks\deployments.lock&apos; released" date="2025-12-14T12:50:31.896" /><!-- duration: 0ms -->
  <step title="Deleting shutdown sentinel file" date="2025-12-14T12:50:31.896" SemaphoreCount="8" /><!-- duration: 16ms -->
</step><!-- duration: 4688ms -->
