<step title="Incoming Request" date="2025-12-17T18:42:04.804" instance="a6e48b" url="/api/publish?type=zip" method="POST" type="request" pid="3164,2,30" Cache-Control="no-cache" Content-Length="12475848" Content-Type="application/octet-stream" Accept="*/*" Accept-Encoding="gzip, deflate" Authorization="Bea..." Host="smartstudy-api-athtbtapcvdjesbe.scm.centralindia-01.azurewebsites.net" User-Agent="AZURECLI/2.80.0 (MSI)" x-ms-client-request-id="111a96a1-db78-11f0-a915-7404f1536f46" X-ARR-LOG-ID="111a96a1-db78-11f0-a915-7404f1536f46" CLIENT-IP="38.254.185.243:51594" X-SITE-DEPLOYMENT-ID="smartstudy-api" WAS-DEFAULT-HOSTNAME="smartstudy-api-athtbtapcvdjesbe.scm.centralindia-01.azurewebsites.net" X-Forwarded-Proto="https" X-AppService-Proto="https" X-Forwarded-TlsVersion="1.3" X-WAWS-Unencoded-URL="/api/publish?type=zip" >
  <step title="Cleanup Xml Logs" date="2025-12-17T18:42:04.804" /><!-- duration: 16ms -->
  <step title="OneDeploy" date="2025-12-17T18:42:04.820" >
    <step title="Starting PushDeployAsync" date="2025-12-17T18:42:04.836" /><!-- duration: 0ms -->
    <step title="Updating shutdown sentinel last write time" date="2025-12-17T18:42:04.836" SemaphoreCount="7" /><!-- duration: 16ms -->
    <step title="LockFile &apos;C:\home\site\locks\deployments.lock&apos; acquired" date="2025-12-17T18:42:04.851" /><!-- duration: 0ms -->
    <step title="Saving request content to C:\local\Temp\zipdeploy\bqdvkdcj.zip" date="2025-12-17T18:42:04.867" >
      <step title="Total 12,475,848 bytes written to C:\local\Temp\zipdeploy\bqdvkdcj.zip" date="2025-12-17T18:42:04.945" /><!-- duration: 16ms -->
    </step><!-- duration: 94ms -->
    <step title="LockFile &apos;C:\home\site\locks\deployments.lock&apos; released" date="2025-12-17T18:42:04.961" /><!-- duration: 0ms -->
    <step title="Deleting shutdown sentinel file" date="2025-12-17T18:42:04.976" SemaphoreCount="8" /><!-- duration: 0ms -->
    <step title="Starting FetchDeploy" date="2025-12-17T18:42:04.976" /><!-- duration: 16ms -->
    <step title="Attempting to fetch target branch HEAD" date="2025-12-17T18:42:04.992" /><!-- duration: 0ms -->
    <step title="Updating shutdown sentinel last write time" date="2025-12-17T18:42:05.008" SemaphoreCount="7" /><!-- duration: 0ms -->
    <step title="LockFile &apos;C:\home\site\locks\deployments.lock&apos; acquired" date="2025-12-17T18:42:05.008" /><!-- duration: 16ms -->
    <step title="Performing fetch based deployment" date="2025-12-17T18:42:05.023" >
      <step title="Creating temporary deployment" date="2025-12-17T18:42:05.023" /><!-- duration: 31ms -->
      <step title="Fetching changes." date="2025-12-17T18:42:05.086" /><!-- duration: 16ms -->
      <step title="Starting LocalZipHandler" date="2025-12-17T18:42:05.101" /><!-- duration: 16ms -->
      <step title="Starting LocalZipFetch" date="2025-12-17T18:42:05.117" /><!-- duration: 0ms -->
      <step title="Cleaning up temp folders from previous zip deployments and extracting pushed zip file C:\local\Temp\zipdeploy\bqdvkdcj.zip (11.90 MB) to C:\local\Temp\zipdeploy\extracted" date="2025-12-17T18:42:05.133" /><!-- duration: 0ms -->
      <step title="Cleaning up temp folders from previous zip deployments and extracting pushed zip file C:\local\Temp\zipdeploy\bqdvkdcj.zip (11.90 MB) to C:\local\Temp\zipdeploy\extracted" date="2025-12-17T18:42:05.133" >
        <step title="Renaming extractTargetDirectory(C:\local\Temp\zipdeploy\extracted) to tempDirectory(C:\local\Temp\zipdeploy\webcioz2.mgd)" date="2025-12-17T18:42:05.148" /><!-- duration: 0ms -->
        <step title="Extracting 107 entries to C:\local\Temp\zipdeploy\extracted directory" date="2025-12-17T18:42:05.148" >
          <step title="Extracting to C:\local\Temp\zipdeploy\extracted\runtimes\unix\lib\net6.0\Microsoft.Data.SqlClient.dll ..." date="2025-12-17T18:42:05.164" /><!-- duration: 16ms -->
          <step title="Extracting to C:\local\Temp\zipdeploy\extracted\runtimes\unix\lib\net6.0\System.Drawing.Common.dll ..." date="2025-12-17T18:42:05.179" /><!-- duration: 16ms -->
          <step title="Extracting to C:\local\Temp\zipdeploy\extracted\runtimes\win\lib\net6.0\Microsoft.Data.SqlClient.dll ..." date="2025-12-17T18:42:05.195" /><!-- duration: 31ms -->
          <step title="Extracting to C:\local\Temp\zipdeploy\extracted\runtimes\win\lib\net6.0\Microsoft.Win32.SystemEvents.dll ..." date="2025-12-17T18:42:05.226" /><!-- duration: 0ms -->
          <step title="Extracting to C:\local\Temp\zipdeploy\extracted\runtimes\win\lib\net6.0\System.Drawing.Common.dll ..." date="2025-12-17T18:42:05.242" /><!-- duration: 0ms -->
          <step title="Omitting extracting file traces ..." date="2025-12-17T18:42:05.242" /><!-- duration: 16ms -->
        </step><!-- duration: 500ms -->
      </step><!-- duration: 516ms -->
      <step title="None repository commit" date="2025-12-17T18:42:05.664" >
        <step title="Commit id: dfff447f17a0473db73dcd33b0589415" date="2025-12-17T18:42:05.664" Message="OneDeploy" AuthorName="N/A" AuthorEmail="N/A" /><!-- duration: 0ms -->
      </step><!-- duration: 0ms -->
      <step title="Before sending BuildRequestReceived status to /api/updatedeploystatus" date="2025-12-17T18:42:05.680" /><!-- duration: 0ms -->
      <step title="DeploymentManager.Deploy(id:dfff447f17a0473db73dcd33b0589415)" date="2025-12-17T18:42:05.680" >
        <step title="Collecting changeset information" date="2025-12-17T18:42:05.695" /><!-- duration: 31ms -->
        <step title="Updating submodules" date="2025-12-17T18:42:05.726" >
          <step title="Updating submodules." date="2025-12-17T18:42:05.789" /><!-- duration: 0ms -->
        </step><!-- duration: 78ms -->
        <step title="Preparing deployment for commit id &apos;dfff447f17&apos;." date="2025-12-17T18:42:05.836" /><!-- duration: 0ms -->
        <step title="Determining deployment builder" date="2025-12-17T18:42:05.867" >
          <step title="Builder is OneDeployBuilder" date="2025-12-17T18:42:05.883" /><!-- duration: 0ms -->
        </step><!-- duration: 16ms -->
        <step title="Copying SSH keys" date="2025-12-17T18:42:05.898" /><!-- duration: 0ms -->
        <step title="Building" date="2025-12-17T18:42:05.914" >
          <step title="Running build. Project type: OneDeploy" date="2025-12-17T18:42:05.945" /><!-- duration: 0ms -->
          <step title="Copying the manifest" date="2025-12-17T18:42:06.008" /><!-- duration: 0ms -->
          <step title="Clean deploying to C:\home\site\wwwroot" date="2025-12-17T18:42:06.055" /><!-- duration: 0ms -->
          <step title="Generating deployment script." date="2025-12-17T18:42:06.101" /><!-- duration: 0ms -->
          <step title="Generating deployment script" date="2025-12-17T18:42:06.117" >
            <step title="Using cached version of the deployment script for command: -y --no-dot-deployment -r &quot;C:\local\Temp\zipdeploy\extracted&quot; -o &quot;C:\home\site\deployments\tools&quot; --basic --sitePath &quot;C:\local\Temp\zipdeploy\extracted&quot;" date="2025-12-17T18:42:06.133" /><!-- duration: 0ms -->
            <step title="Using cached version of deployment script (command: &apos;azure -y --no-dot-deployment -r &quot;C:\local\Temp\zipdeploy\extracted&quot; -o &quot;C:\home\site\deployments\tools&quot; --basic --sitePath &quot;C:\local\Temp\zipdeploy\extracted&quot;&apos;)." date="2025-12-17T18:42:06.148" /><!-- duration: 16ms -->
          </step><!-- duration: 63ms -->
          <step title="Running deployment command..." date="2025-12-17T18:42:06.211" /><!-- duration: 0ms -->
          <step title="Command: &quot;C:\home\site\deployments\tools\deploy.cmd&quot;" date="2025-12-17T18:42:06.226" /><!-- duration: 0ms -->
          <step title="Executing external process" date="2025-12-17T18:42:06.242" type="process" path="starter.cmd" arguments="&quot;C:\home\site\deployments\tools\deploy.cmd&quot;" >
            <step title="Handling Basic Web Site deployment." date="2025-12-17T18:42:06.367" /><!-- duration: 0ms -->
            <step title="Creating app_offline.htm" date="2025-12-17T18:42:08.977" /><!-- duration: 0ms -->
            <step title="KuduSync.NET from: &apos;C:\local\Temp\zipdeploy\extracted&apos; to: &apos;C:\home\site\wwwroot&apos;" date="2025-12-17T18:42:08.992" /><!-- duration: 0ms -->
            <step title="Deleting file: &apos;logs\app-20251217.log&apos;" date="2025-12-17T18:42:09.008" /><!-- duration: 0ms -->
            <step title="Deleting file: &apos;logs\stdout_20251217182342_17436.log&apos;" date="2025-12-17T18:42:09.023" /><!-- duration: 0ms -->
            <step title="Deleting directory: &apos;logs&apos;" date="2025-12-17T18:42:09.039" /><!-- duration: 0ms -->
            <step title="Copying file: &apos;SchoolAiChatbotBackend.dll&apos;" date="2025-12-17T18:42:09.055" /><!-- duration: 0ms -->
            <step title="Copying file: &apos;SchoolAiChatbotBackend.exe&apos;" date="2025-12-17T18:42:09.070" /><!-- duration: 0ms -->
            <step title="Copying file: &apos;SchoolAiChatbotBackend.pdb&apos;" date="2025-12-17T18:42:09.086" /><!-- duration: 16ms -->
            <step title="Deleting app_offline.htm" date="2025-12-17T18:42:09.102" /><!-- duration: 0ms -->
            <step title="Finished successfully." date="2025-12-17T18:42:09.117" /><!-- duration: 0ms -->
          </step><!-- duration: 2891ms -->
          <step title="Build completed succesfully." date="2025-12-17T18:42:09.180" /><!-- duration: 16ms -->
          <step title="Running post deployment command(s)..." date="2025-12-17T18:42:09.227" /><!-- duration: 0ms -->
          <step title="Requesting site restart" date="2025-12-17T18:42:09.273" /><!-- duration: 0ms -->
          <step title="Requesting site restart" date="2025-12-17T18:42:09.289" /><!-- duration: 0ms -->
          <step title="Requesting site restart. Attempt #1" date="2025-12-17T18:42:09.320" /><!-- duration: 0ms -->
          <step title="Requesting site restart. Attempt #1" date="2025-12-17T18:42:09.336" /><!-- duration: 0ms -->
          <step title="Successfully requested a restart. Attempt #1" date="2025-12-17T18:42:09.492" /><!-- duration: 16ms -->
          <step title="Successfully requested a restart. Attempt #1" date="2025-12-17T18:42:09.508" /><!-- duration: 0ms -->
          <step title="Deployment successful. DEPLOYMENTINFO: deploymentPath = OneDeploy, deployer = OneDeploy, os = windows, sku = Free, siteName = smartstudy-api, siteHostName = smartstudy-api-athtbtapcvdjesbe.centralindia-01.azurewebsites.net, deploymentStatus = Success" date="2025-12-17T18:42:09.555" /><!-- duration: 0ms -->
          <step title="Purge deployment items" date="2025-12-17T18:42:09.664" >
            <step title="Remove ba88f5aa7, Success, received at 12/14/2025 12:57:31 PM" date="2025-12-17T18:42:09.711" /><!-- duration: 0ms -->
          </step><!-- duration: 63ms -->
        </step><!-- duration: 3828ms -->
      </step><!-- duration: 4063ms -->
      <step title="Cleaning up temp files" date="2025-12-17T18:42:09.742" /><!-- duration: 16ms -->
      <step title="Skip function trigger and logicapp sync because function is not enabled." date="2025-12-17T18:42:09.758" /><!-- duration: 0ms -->
    </step><!-- duration: 4781ms -->
    <step title="LockFile &apos;C:\home\site\locks\deployments.lock&apos; released" date="2025-12-17T18:42:09.805" /><!-- duration: 16ms -->
    <step title="Deleting shutdown sentinel file" date="2025-12-17T18:42:09.820" SemaphoreCount="8" /><!-- duration: 0ms -->
  </step><!-- duration: 5016ms -->
  <step title="Outgoing response" date="2025-12-17T18:42:09.836" type="response" statusCode="200" statusText="OK" Server="Microsoft-IIS/10.0" x-ms-request-id="111a96a1-db78-11f0-a915-7404f1536f46" Cache-Control="private" X-AspNet-Version="4.0.30319" /><!-- duration: 0ms -->
</step><!-- duration: 5031ms -->
