<step title="BackgroundTrace" date="2025-12-14T09:40:26.363" instance="22a7da" url="/api/publish" method="POST" >
  <step title="Updating shutdown sentinel last write time" date="2025-12-14T09:40:26.363" SemaphoreCount="7" /><!-- duration: 16ms -->
  <step title="LockFile &apos;C:\home\site\locks\deployments.lock&apos; acquired" date="2025-12-14T09:40:26.379" /><!-- duration: 0ms -->
  <step title="Creating temporary deployment" date="2025-12-14T09:40:26.379" /><!-- duration: 63ms -->
  <step title="Performing fetch based deployment" date="2025-12-14T09:40:26.441" >
    <step title="Fetching changes." date="2025-12-14T09:40:26.504" /><!-- duration: 16ms -->
    <step title="Starting LocalZipHandler" date="2025-12-14T09:40:26.519" /><!-- duration: 0ms -->
    <step title="Cleaning up temp folders from previous zip deployments and extracting pushed zip file C:\local\Temp\zipdeploy\v5dsn1mk.zip (13.16 MB) to C:\local\Temp\zipdeploy\extracted" date="2025-12-14T09:40:26.551" /><!-- duration: 0ms -->
    <step title="Cleaning up temp folders from previous zip deployments and extracting pushed zip file C:\local\Temp\zipdeploy\v5dsn1mk.zip (13.16 MB) to C:\local\Temp\zipdeploy\extracted" date="2025-12-14T09:40:26.551" >
      <step title="Extracting 115 entries to C:\local\Temp\zipdeploy\extracted directory" date="2025-12-14T09:40:26.566" >
        <step title="Extracting to C:\local\Temp\zipdeploy\extracted\appsettings.template.json ..." date="2025-12-14T09:40:26.582" /><!-- duration: 0ms -->
        <step title="Extracting to C:\local\Temp\zipdeploy\extracted\Azure.Core.dll ..." date="2025-12-14T09:40:26.598" /><!-- duration: 0ms -->
        <step title="Extracting to C:\local\Temp\zipdeploy\extracted\appsettings.json ..." date="2025-12-14T09:40:26.613" /><!-- duration: 0ms -->
        <step title="Extracting to C:\local\Temp\zipdeploy\extracted\Azure.Identity.dll ..." date="2025-12-14T09:40:26.613" /><!-- duration: 16ms -->
        <step title="Extracting to C:\local\Temp\zipdeploy\extracted\Azure.Storage.Blobs.dll ..." date="2025-12-14T09:40:26.629" /><!-- duration: 16ms -->
        <step title="Omitting extracting file traces ..." date="2025-12-14T09:40:26.660" /><!-- duration: 0ms -->
      </step><!-- duration: 531ms -->
    </step><!-- duration: 563ms -->
    <step title="Before sending BuildRequestReceived status to /api/updatedeploystatus" date="2025-12-14T09:40:27.113" /><!-- duration: 16ms -->
    <step title="DeploymentManager.Deploy(id:c7f14cb46e8b4b24872fae67cabe8df0)" date="2025-12-14T09:40:27.129" >
      <step title="Collecting changeset information" date="2025-12-14T09:40:27.129" /><!-- duration: 31ms -->
      <step title="Updating submodules" date="2025-12-14T09:40:27.176" >
        <step title="Updating submodules." date="2025-12-14T09:40:27.207" /><!-- duration: 0ms -->
      </step><!-- duration: 31ms -->
      <step title="Preparing deployment for commit id &apos;c7f14cb46e&apos;." date="2025-12-14T09:40:27.254" /><!-- duration: 0ms -->
      <step title="Determining deployment builder" date="2025-12-14T09:40:27.285" >
        <step title="Builder is OneDeployBuilder" date="2025-12-14T09:40:27.285" /><!-- duration: 0ms -->
      </step><!-- duration: 16ms -->
      <step title="Copying SSH keys" date="2025-12-14T09:40:27.316" /><!-- duration: 0ms -->
      <step title="Building" date="2025-12-14T09:40:27.316" >
        <step title="Running build. Project type: OneDeploy" date="2025-12-14T09:40:27.363" /><!-- duration: 0ms -->
        <step title="Copying the manifest" date="2025-12-14T09:40:27.394" /><!-- duration: 0ms -->
        <step title="Clean deploying to C:\home\site\wwwroot" date="2025-12-14T09:40:27.457" /><!-- duration: 0ms -->
        <step title="Generating deployment script." date="2025-12-14T09:40:27.504" /><!-- duration: 16ms -->
        <step title="Generating deployment script" date="2025-12-14T09:40:27.519" >
          <step title="Using cached version of the deployment script for command: -y --no-dot-deployment -r &quot;C:\local\Temp\zipdeploy\extracted&quot; -o &quot;C:\home\site\deployments\tools&quot; --basic --sitePath &quot;C:\local\Temp\zipdeploy\extracted&quot;" date="2025-12-14T09:40:27.535" /><!-- duration: 16ms -->
          <step title="Using cached version of deployment script (command: &apos;azure -y --no-dot-deployment -r &quot;C:\local\Temp\zipdeploy\extracted&quot; -o &quot;C:\home\site\deployments\tools&quot; --basic --sitePath &quot;C:\local\Temp\zipdeploy\extracted&quot;&apos;)." date="2025-12-14T09:40:27.566" /><!-- duration: 0ms -->
        </step><!-- duration: 47ms -->
        <step title="Running deployment command..." date="2025-12-14T09:40:27.613" /><!-- duration: 0ms -->
        <step title="Command: &quot;C:\home\site\deployments\tools\deploy.cmd&quot;" date="2025-12-14T09:40:27.613" /><!-- duration: 0ms -->
        <step title="Executing external process" date="2025-12-14T09:40:27.629" type="process" path="starter.cmd" arguments="&quot;C:\home\site\deployments\tools\deploy.cmd&quot;" >
          <step title="Handling Basic Web Site deployment." date="2025-12-14T09:40:27.785" /><!-- duration: 0ms -->
          <step title="Creating app_offline.htm" date="2025-12-14T09:40:28.309" /><!-- duration: 0ms -->
          <step title="KuduSync.NET from: &apos;C:\local\Temp\zipdeploy\extracted&apos; to: &apos;C:\home\site\wwwroot&apos;" date="2025-12-14T09:40:28.309" /><!-- duration: 16ms -->
          <step title="Deleting file: &apos;logs\app-20251214.log&apos;" date="2025-12-14T09:40:28.325" /><!-- duration: 16ms -->
          <step title="Deleting file: &apos;logs\stdout_20251214005502_5716.log&apos;" date="2025-12-14T09:40:28.356" /><!-- duration: 0ms -->
          <step title="Deleting file: &apos;logs\stdout_20251214074253_19700.log&apos;" date="2025-12-14T09:40:28.356" /><!-- duration: 16ms -->
          <step title="Deleting file: &apos;logs\stdout_20251214083046_12680.log&apos;" date="2025-12-14T09:40:28.371" /><!-- duration: 0ms -->
          <step title="Deleting file: &apos;logs\stdout_20251214092000_21272.log&apos;" date="2025-12-14T09:40:28.387" /><!-- duration: 0ms -->
          <step title="Deleting directory: &apos;logs&apos;" date="2025-12-14T09:40:28.403" /><!-- duration: 0ms -->
          <step title="Copying file: &apos;appsettings.json&apos;" date="2025-12-14T09:40:28.418" /><!-- duration: 16ms -->
          <step title="Copying file: &apos;appsettings.template.json&apos;" date="2025-12-14T09:40:28.434" /><!-- duration: 0ms -->
          <step title="Copying file: &apos;Azure.Core.dll&apos;" date="2025-12-14T09:40:28.450" /><!-- duration: 0ms -->
          <step title="Copying file: &apos;Azure.Identity.dll&apos;" date="2025-12-14T09:40:28.465" /><!-- duration: 0ms -->
          <step title="Copying file: &apos;Azure.Storage.Blobs.dll&apos;" date="2025-12-14T09:40:28.481" /><!-- duration: 0ms -->
          <step title="Copying file: &apos;Azure.Storage.Common.dll&apos;" date="2025-12-14T09:40:28.481" /><!-- duration: 16ms -->
          <step title="Copying file: &apos;Azure.Storage.Queues.dll&apos;" date="2025-12-14T09:40:28.496" /><!-- duration: 0ms -->
          <step title="Copying file: &apos;Google.Api.CommonProtos.dll&apos;" date="2025-12-14T09:40:28.512" /><!-- duration: 0ms -->
          <step title="Copying file: &apos;Google.Api.Gax.dll&apos;" date="2025-12-14T09:40:28.528" /><!-- duration: 0ms -->
          <step title="Copying file: &apos;Google.Api.Gax.Grpc.dll&apos;" date="2025-12-14T09:40:28.543" /><!-- duration: 0ms -->
          <step title="Copying file: &apos;Google.Apis.Auth.dll&apos;" date="2025-12-14T09:40:28.543" /><!-- duration: 16ms -->
          <step title="Copying file: &apos;Google.Apis.Core.dll&apos;" date="2025-12-14T09:40:28.559" /><!-- duration: 0ms -->
          <step title="Copying file: &apos;Google.Apis.dll&apos;" date="2025-12-14T09:40:28.575" /><!-- duration: 0ms -->
          <step title="Copying file: &apos;Google.Cloud.Vision.V1.dll&apos;" date="2025-12-14T09:40:28.590" /><!-- duration: 0ms -->
          <step title="Copying file: &apos;Google.LongRunning.dll&apos;" date="2025-12-14T09:40:28.590" /><!-- duration: 16ms -->
          <step title="Copying file: &apos;Google.Protobuf.dll&apos;" date="2025-12-14T09:40:28.606" /><!-- duration: 0ms -->
          <step title="Copying file: &apos;Grpc.Auth.dll&apos;" date="2025-12-14T09:40:28.621" /><!-- duration: 0ms -->
          <step title="Copying file: &apos;Grpc.Core.Api.dll&apos;" date="2025-12-14T09:40:28.637" /><!-- duration: 0ms -->
          <step title="Copying file: &apos;Grpc.Net.Client.dll&apos;" date="2025-12-14T09:40:28.637" /><!-- duration: 16ms -->
          <step title="Copying file: &apos;Grpc.Net.Common.dll&apos;" date="2025-12-14T09:40:28.668" /><!-- duration: 0ms -->
          <step title="Copying file: &apos;Microsoft.AspNetCore.Authentication.JwtBearer.dll&apos;" date="2025-12-14T09:40:28.684" /><!-- duration: 0ms -->
          <step title="Copying file: &apos;Microsoft.AspNetCore.OpenApi.dll&apos;" date="2025-12-14T09:40:28.684" /><!-- duration: 16ms -->
          <step title="Copying file: &apos;Microsoft.Bcl.AsyncInterfaces.dll&apos;" date="2025-12-14T09:40:28.700" /><!-- duration: 0ms -->
          <step title="Copying file: &apos;Microsoft.Data.SqlClient.dll&apos;" date="2025-12-14T09:40:28.716" /><!-- duration: 0ms -->
          <step title="Copying file: &apos;Microsoft.EntityFrameworkCore.Abstractions.dll&apos;" date="2025-12-14T09:40:28.731" /><!-- duration: 0ms -->
          <step title="Copying file: &apos;Microsoft.EntityFrameworkCore.dll&apos;" date="2025-12-14T09:40:28.747" /><!-- duration: 0ms -->
          <step title="Copying file: &apos;Microsoft.EntityFrameworkCore.InMemory.dll&apos;" date="2025-12-14T09:40:28.747" /><!-- duration: 0ms -->
          <step title="Copying file: &apos;Microsoft.EntityFrameworkCore.Relational.dll&apos;" date="2025-12-14T09:40:28.762" /><!-- duration: 0ms -->
          <step title="Copying file: &apos;Microsoft.EntityFrameworkCore.SqlServer.dll&apos;" date="2025-12-14T09:40:28.778" /><!-- duration: 0ms -->
          <step title="Copying file: &apos;Microsoft.Extensions.Caching.Memory.dll&apos;" date="2025-12-14T09:40:28.778" /><!-- duration: 16ms -->
          <step title="Copying file: &apos;Microsoft.Extensions.DependencyInjection.Abstractions.dll&apos;" date="2025-12-14T09:40:28.809" /><!-- duration: 0ms -->
          <step title="Copying file: &apos;Microsoft.Extensions.DependencyInjection.dll&apos;" date="2025-12-14T09:40:28.825" /><!-- duration: 0ms -->
          <step title="Copying file: &apos;Microsoft.Extensions.DependencyModel.dll&apos;" date="2025-12-14T09:40:28.825" /><!-- duration: 16ms -->
          <step title="Copying file: &apos;Microsoft.Extensions.Logging.Abstractions.dll&apos;" date="2025-12-14T09:40:28.872" /><!-- duration: 0ms -->
          <step title="Copying file: &apos;Microsoft.Extensions.Logging.dll&apos;" date="2025-12-14T09:40:28.887" /><!-- duration: 0ms -->
          <step title="Copying file: &apos;Microsoft.Extensions.Options.dll&apos;" date="2025-12-14T09:40:28.903" /><!-- duration: 0ms -->
          <step title="Copying file: &apos;Microsoft.Identity.Client.dll&apos;" date="2025-12-14T09:40:28.903" /><!-- duration: 0ms -->
          <step title="Copying file: &apos;Microsoft.Identity.Client.Extensions.Msal.dll&apos;" date="2025-12-14T09:40:28.919" /><!-- duration: 0ms -->
          <step title="Copying file: &apos;Microsoft.IdentityModel.Abstractions.dll&apos;" date="2025-12-14T09:40:28.934" /><!-- duration: 0ms -->
          <step title="Copying file: &apos;Microsoft.IdentityModel.JsonWebTokens.dll&apos;" date="2025-12-14T09:40:28.934" /><!-- duration: 16ms -->
          <step title="Copying file: &apos;Microsoft.IdentityModel.Logging.dll&apos;" date="2025-12-14T09:40:28.950" /><!-- duration: 16ms -->
          <step title="Copying file: &apos;Microsoft.IdentityModel.Protocols.dll&apos;" date="2025-12-14T09:40:28.965" /><!-- duration: 16ms -->
          <step title="Omitting next output lines..." date="2025-12-14T09:40:28.981" /><!-- duration: 16ms -->
          <step title="Finished successfully." date="2025-12-14T09:40:30.562" /><!-- duration: 0ms -->
        </step><!-- duration: 2933ms -->
        <step title="Build completed succesfully." date="2025-12-14T09:40:30.609" /><!-- duration: 0ms -->
        <step title="Running post deployment command(s)..." date="2025-12-14T09:40:30.640" /><!-- duration: 16ms -->
        <step title="Requesting site restart" date="2025-12-14T09:40:30.687" /><!-- duration: 16ms -->
        <step title="Requesting site restart" date="2025-12-14T09:40:30.703" /><!-- duration: 0ms -->
        <step title="Requesting site restart. Attempt #1" date="2025-12-14T09:40:30.750" /><!-- duration: 0ms -->
        <step title="Requesting site restart. Attempt #1" date="2025-12-14T09:40:30.750" /><!-- duration: 16ms -->
        <step title="Successfully requested a restart. Attempt #1" date="2025-12-14T09:40:31.078" /><!-- duration: 0ms -->
        <step title="Successfully requested a restart. Attempt #1" date="2025-12-14T09:40:31.093" /><!-- duration: 0ms -->
        <step title="Deployment successful. DEPLOYMENTINFO: deploymentPath = OneDeploy, deployer = OneDeploy, os = windows, sku = Free, siteName = smartstudy-api, siteHostName = smartstudy-api-athtbtapcvdjesbe.centralindia-01.azurewebsites.net, deploymentStatus = Success" date="2025-12-14T09:40:31.125" /><!-- duration: 0ms -->
        <step title="Purge deployment items" date="2025-12-14T09:40:31.218" >
          <step title="Remove d328efa61, Success, received at 12/13/2025 10:33:22 AM" date="2025-12-14T09:40:31.312" /><!-- duration: 0ms -->
        </step><!-- duration: 94ms -->
      </step><!-- duration: 4027ms -->
    </step><!-- duration: 4214ms -->
    <step title="Cleaning up temp files" date="2025-12-14T09:40:31.343" /><!-- duration: 16ms -->
    <step title="Skip function trigger and logicapp sync because function is not enabled." date="2025-12-14T09:40:31.359" /><!-- duration: 16ms -->
  </step><!-- duration: 4965ms -->
  <step title="LockFile &apos;C:\home\site\locks\deployments.lock&apos; released" date="2025-12-14T09:40:31.406" /><!-- duration: 0ms -->
  <step title="Deleting shutdown sentinel file" date="2025-12-14T09:40:31.421" SemaphoreCount="8" /><!-- duration: 0ms -->
</step><!-- duration: 5058ms -->
