<step title="Incoming Request" date="2025-12-17T18:44:50.443" instance="a6e48b" url="/api/publish?type=zip" method="POST" type="request" pid="3164,2,53" Cache-Control="no-cache" Content-Length="12476112" Content-Type="application/octet-stream" Accept="*/*" Accept-Encoding="gzip, deflate" Authorization="Bea..." Host="smartstudy-api-athtbtapcvdjesbe.scm.centralindia-01.azurewebsites.net" User-Agent="AZURECLI/2.80.0 (MSI)" x-ms-client-request-id="72ac10b2-db78-11f0-b5fe-7404f1536f46" X-ARR-LOG-ID="72ac10b2-db78-11f0-b5fe-7404f1536f46" CLIENT-IP="38.254.185.243:52128" X-SITE-DEPLOYMENT-ID="smartstudy-api" WAS-DEFAULT-HOSTNAME="smartstudy-api-athtbtapcvdjesbe.scm.centralindia-01.azurewebsites.net" X-Forwarded-Proto="https" X-AppService-Proto="https" X-Forwarded-TlsVersion="1.3" X-WAWS-Unencoded-URL="/api/publish?type=zip" >
  <step title="Cleanup Xml Logs" date="2025-12-17T18:44:50.443" /><!-- duration: 31ms -->
  <step title="OneDeploy" date="2025-12-17T18:44:50.474" >
    <step title="Starting PushDeployAsync" date="2025-12-17T18:44:50.490" /><!-- duration: 0ms -->
    <step title="Updating shutdown sentinel last write time" date="2025-12-17T18:44:50.505" SemaphoreCount="7" /><!-- duration: 0ms -->
    <step title="LockFile &apos;C:\home\site\locks\deployments.lock&apos; acquired" date="2025-12-17T18:44:50.521" /><!-- duration: 0ms -->
    <step title="Saving request content to C:\local\Temp\zipdeploy\4hqymwnx.zip" date="2025-12-17T18:44:50.521" >
      <step title="Total 12,476,112 bytes written to C:\local\Temp\zipdeploy\4hqymwnx.zip" date="2025-12-17T18:44:50.662" /><!-- duration: 0ms -->
    </step><!-- duration: 141ms -->
    <step title="LockFile &apos;C:\home\site\locks\deployments.lock&apos; released" date="2025-12-17T18:44:50.662" /><!-- duration: 16ms -->
    <step title="Deleting shutdown sentinel file" date="2025-12-17T18:44:50.677" SemaphoreCount="8" /><!-- duration: 0ms -->
    <step title="Starting FetchDeploy" date="2025-12-17T18:44:50.693" /><!-- duration: 0ms -->
    <step title="Attempting to fetch target branch HEAD" date="2025-12-17T18:44:50.693" /><!-- duration: 16ms -->
    <step title="Updating shutdown sentinel last write time" date="2025-12-17T18:44:50.709" SemaphoreCount="7" /><!-- duration: 0ms -->
    <step title="LockFile &apos;C:\home\site\locks\deployments.lock&apos; acquired" date="2025-12-17T18:44:50.724" /><!-- duration: 0ms -->
    <step title="Performing fetch based deployment" date="2025-12-17T18:44:50.724" >
      <step title="Creating temporary deployment" date="2025-12-17T18:44:50.740" /><!-- duration: 16ms -->
      <step title="Fetching changes." date="2025-12-17T18:44:50.787" /><!-- duration: 0ms -->
      <step title="Starting LocalZipHandler" date="2025-12-17T18:44:50.787" /><!-- duration: 16ms -->
      <step title="Starting LocalZipFetch" date="2025-12-17T18:44:50.802" /><!-- duration: 0ms -->
      <step title="Cleaning up temp folders from previous zip deployments and extracting pushed zip file C:\local\Temp\zipdeploy\4hqymwnx.zip (11.90 MB) to C:\local\Temp\zipdeploy\extracted" date="2025-12-17T18:44:50.818" /><!-- duration: 0ms -->
      <step title="Cleaning up temp folders from previous zip deployments and extracting pushed zip file C:\local\Temp\zipdeploy\4hqymwnx.zip (11.90 MB) to C:\local\Temp\zipdeploy\extracted" date="2025-12-17T18:44:50.834" >
        <step title="Renaming extractTargetDirectory(C:\local\Temp\zipdeploy\extracted) to tempDirectory(C:\local\Temp\zipdeploy\exszeyik.fjb)" date="2025-12-17T18:44:50.834" /><!-- duration: 16ms -->
        <step title="Extracting 107 entries to C:\local\Temp\zipdeploy\extracted directory" date="2025-12-17T18:44:50.849" >
          <step title="Extracting to C:\local\Temp\zipdeploy\extracted\runtimes\unix\lib\net6.0\Microsoft.Data.SqlClient.dll ..." date="2025-12-17T18:44:50.849" /><!-- duration: 31ms -->
          <step title="Extracting to C:\local\Temp\zipdeploy\extracted\runtimes\unix\lib\net6.0\System.Drawing.Common.dll ..." date="2025-12-17T18:44:50.881" /><!-- duration: 0ms -->
          <step title="Extracting to C:\local\Temp\zipdeploy\extracted\runtimes\win\lib\net6.0\Microsoft.Data.SqlClient.dll ..." date="2025-12-17T18:44:50.896" /><!-- duration: 16ms -->
          <step title="Extracting to C:\local\Temp\zipdeploy\extracted\runtimes\win\lib\net6.0\Microsoft.Win32.SystemEvents.dll ..." date="2025-12-17T18:44:50.912" /><!-- duration: 16ms -->
          <step title="Extracting to C:\local\Temp\zipdeploy\extracted\runtimes\win\lib\net6.0\System.Drawing.Common.dll ..." date="2025-12-17T18:44:50.927" /><!-- duration: 0ms -->
          <step title="Omitting extracting file traces ..." date="2025-12-17T18:44:50.943" /><!-- duration: 0ms -->
        </step><!-- duration: 484ms -->
      </step><!-- duration: 500ms -->
      <step title="None repository commit" date="2025-12-17T18:44:51.334" >
        <step title="Commit id: 9460c4d11253487bab65f26ec5c91f6e" date="2025-12-17T18:44:51.334" Message="OneDeploy" AuthorName="N/A" AuthorEmail="N/A" /><!-- duration: 16ms -->
      </step><!-- duration: 16ms -->
      <step title="Before sending BuildRequestReceived status to /api/updatedeploystatus" date="2025-12-17T18:44:51.349" /><!-- duration: 0ms -->
      <step title="DeploymentManager.Deploy(id:9460c4d11253487bab65f26ec5c91f6e)" date="2025-12-17T18:44:51.365" >
        <step title="Collecting changeset information" date="2025-12-17T18:44:51.365" /><!-- duration: 31ms -->
        <step title="Updating submodules" date="2025-12-17T18:44:51.412" >
          <step title="Updating submodules." date="2025-12-17T18:44:51.443" /><!-- duration: 0ms -->
        </step><!-- duration: 47ms -->
        <step title="Preparing deployment for commit id &apos;9460c4d112&apos;." date="2025-12-17T18:44:51.490" /><!-- duration: 0ms -->
        <step title="Determining deployment builder" date="2025-12-17T18:44:51.521" >
          <step title="Builder is OneDeployBuilder" date="2025-12-17T18:44:51.521" /><!-- duration: 16ms -->
        </step><!-- duration: 16ms -->
        <step title="Copying SSH keys" date="2025-12-17T18:44:51.552" /><!-- duration: 16ms -->
        <step title="Building" date="2025-12-17T18:44:51.568" >
          <step title="Running build. Project type: OneDeploy" date="2025-12-17T18:44:51.599" /><!-- duration: 0ms -->
          <step title="Copying the manifest" date="2025-12-17T18:44:51.646" /><!-- duration: 47ms -->
          <step title="Clean deploying to C:\home\site\wwwroot" date="2025-12-17T18:44:51.771" /><!-- duration: 0ms -->
          <step title="Generating deployment script." date="2025-12-17T18:44:51.834" /><!-- duration: 16ms -->
          <step title="Generating deployment script" date="2025-12-17T18:44:51.849" >
            <step title="Using cached version of the deployment script for command: -y --no-dot-deployment -r &quot;C:\local\Temp\zipdeploy\extracted&quot; -o &quot;C:\home\site\deployments\tools&quot; --basic --sitePath &quot;C:\local\Temp\zipdeploy\extracted&quot;" date="2025-12-17T18:44:51.865" /><!-- duration: 0ms -->
            <step title="Using cached version of deployment script (command: &apos;azure -y --no-dot-deployment -r &quot;C:\local\Temp\zipdeploy\extracted&quot; -o &quot;C:\home\site\deployments\tools&quot; --basic --sitePath &quot;C:\local\Temp\zipdeploy\extracted&quot;&apos;)." date="2025-12-17T18:44:51.881" /><!-- duration: 16ms -->
          </step><!-- duration: 62ms -->
          <step title="Running deployment command..." date="2025-12-17T18:44:51.959" /><!-- duration: 0ms -->
          <step title="Command: &quot;C:\home\site\deployments\tools\deploy.cmd&quot;" date="2025-12-17T18:44:51.974" /><!-- duration: 0ms -->
          <step title="Executing external process" date="2025-12-17T18:44:51.990" type="process" path="starter.cmd" arguments="&quot;C:\home\site\deployments\tools\deploy.cmd&quot;" >
            <step title="Handling Basic Web Site deployment." date="2025-12-17T18:44:52.099" /><!-- duration: 16ms -->
            <step title="Creating app_offline.htm" date="2025-12-17T18:44:53.646" /><!-- duration: 0ms -->
            <step title="KuduSync.NET from: &apos;C:\local\Temp\zipdeploy\extracted&apos; to: &apos;C:\home\site\wwwroot&apos;" date="2025-12-17T18:44:53.662" /><!-- duration: 0ms -->
            <step title="Deleting file: &apos;logs\app-20251217.log&apos;" date="2025-12-17T18:44:53.677" /><!-- duration: 0ms -->
            <step title="Deleting file: &apos;logs\stdout_20251217184228_3872.log&apos;" date="2025-12-17T18:44:53.693" /><!-- duration: 0ms -->
            <step title="Deleting directory: &apos;logs&apos;" date="2025-12-17T18:44:53.709" /><!-- duration: 0ms -->
            <step title="Copying file: &apos;SchoolAiChatbotBackend.dll&apos;" date="2025-12-17T18:44:53.724" /><!-- duration: 0ms -->
            <step title="Copying file: &apos;SchoolAiChatbotBackend.exe&apos;" date="2025-12-17T18:44:53.740" /><!-- duration: 0ms -->
            <step title="Copying file: &apos;SchoolAiChatbotBackend.pdb&apos;" date="2025-12-17T18:44:53.756" /><!-- duration: 16ms -->
            <step title="Deleting app_offline.htm" date="2025-12-17T18:44:53.771" /><!-- duration: 16ms -->
            <step title="Finished successfully." date="2025-12-17T18:44:53.802" /><!-- duration: 0ms -->
          </step><!-- duration: 1813ms -->
          <step title="Build completed succesfully." date="2025-12-17T18:44:53.849" /><!-- duration: 0ms -->
          <step title="Running post deployment command(s)..." date="2025-12-17T18:44:53.896" /><!-- duration: 0ms -->
          <step title="Requesting site restart" date="2025-12-17T18:44:53.943" /><!-- duration: 0ms -->
          <step title="Requesting site restart" date="2025-12-17T18:44:53.943" /><!-- duration: 16ms -->
          <step title="Requesting site restart. Attempt #1" date="2025-12-17T18:44:53.990" /><!-- duration: 0ms -->
          <step title="Requesting site restart. Attempt #1" date="2025-12-17T18:44:54.006" /><!-- duration: 0ms -->
          <step title="Successfully requested a restart. Attempt #1" date="2025-12-17T18:44:54.146" /><!-- duration: 0ms -->
          <step title="Successfully requested a restart. Attempt #1" date="2025-12-17T18:44:54.162" /><!-- duration: 0ms -->
          <step title="Deployment successful. DEPLOYMENTINFO: deploymentPath = OneDeploy, deployer = OneDeploy, os = windows, sku = Free, siteName = smartstudy-api, siteHostName = smartstudy-api-athtbtapcvdjesbe.centralindia-01.azurewebsites.net, deploymentStatus = Success" date="2025-12-17T18:44:54.193" /><!-- duration: 0ms -->
          <step title="Purge deployment items" date="2025-12-17T18:44:54.303" >
            <step title="Remove 56a482a3a, Success, received at 12/14/2025 1:37:13 PM" date="2025-12-17T18:44:54.412" /><!-- duration: 0ms -->
          </step><!-- duration: 156ms -->
        </step><!-- duration: 2906ms -->
      </step><!-- duration: 3125ms -->
      <step title="Cleaning up temp files" date="2025-12-17T18:44:54.490" /><!-- duration: 0ms -->
      <step title="Skip function trigger and logicapp sync because function is not enabled." date="2025-12-17T18:44:54.506" /><!-- duration: 0ms -->
    </step><!-- duration: 3813ms -->
    <step title="LockFile &apos;C:\home\site\locks\deployments.lock&apos; released" date="2025-12-17T18:44:54.553" /><!-- duration: 0ms -->
    <step title="Deleting shutdown sentinel file" date="2025-12-17T18:44:54.553" SemaphoreCount="8" /><!-- duration: 16ms -->
  </step><!-- duration: 4094ms -->
  <step title="Outgoing response" date="2025-12-17T18:44:54.568" type="response" statusCode="200" statusText="OK" Server="Microsoft-IIS/10.0" x-ms-request-id="72ac10b2-db78-11f0-b5fe-7404f1536f46" Cache-Control="private" X-AspNet-Version="4.0.30319" /><!-- duration: 0ms -->
</step><!-- duration: 4141ms -->
