<step title="BackgroundTrace" date="2025-12-14T11:01:11.918" instance="22a7da" url="/api/publish" method="POST" >
  <step title="Updating shutdown sentinel last write time" date="2025-12-14T11:01:11.918" SemaphoreCount="7" /><!-- duration: 16ms -->
  <step title="LockFile &apos;C:\home\site\locks\deployments.lock&apos; acquired" date="2025-12-14T11:01:11.934" /><!-- duration: 0ms -->
  <step title="Creating temporary deployment" date="2025-12-14T11:01:11.934" /><!-- duration: 31ms -->
  <step title="Performing fetch based deployment" date="2025-12-14T11:01:11.965" >
    <step title="Fetching changes." date="2025-12-14T11:01:12.012" /><!-- duration: 16ms -->
    <step title="Starting LocalZipHandler" date="2025-12-14T11:01:12.027" /><!-- duration: 16ms -->
    <step title="Cleaning up temp folders from previous zip deployments and extracting pushed zip file C:\local\Temp\zipdeploy\kofha0mt.zip (13.16 MB) to C:\local\Temp\zipdeploy\extracted" date="2025-12-14T11:01:12.059" /><!-- duration: 16ms -->
    <step title="Cleaning up temp folders from previous zip deployments and extracting pushed zip file C:\local\Temp\zipdeploy\kofha0mt.zip (13.16 MB) to C:\local\Temp\zipdeploy\extracted" date="2025-12-14T11:01:12.074" >
      <step title="Renaming extractTargetDirectory(C:\local\Temp\zipdeploy\extracted) to tempDirectory(C:\local\Temp\zipdeploy\3z1zwjob.duf)" date="2025-12-14T11:01:12.074" /><!-- duration: 16ms -->
      <step title="Extracting 115 entries to C:\local\Temp\zipdeploy\extracted directory" date="2025-12-14T11:01:12.106" >
        <step title="Extracting to C:\local\Temp\zipdeploy\extracted\appsettings.json ..." date="2025-12-14T11:01:12.106" /><!-- duration: 16ms -->
        <step title="Extracting to C:\local\Temp\zipdeploy\extracted\appsettings.template.json ..." date="2025-12-14T11:01:12.121" /><!-- duration: 16ms -->
        <step title="Extracting to C:\local\Temp\zipdeploy\extracted\Azure.Core.dll ..." date="2025-12-14T11:01:12.137" /><!-- duration: 16ms -->
        <step title="Extracting to C:\local\Temp\zipdeploy\extracted\Azure.Identity.dll ..." date="2025-12-14T11:01:12.152" /><!-- duration: 0ms -->
        <step title="Extracting to C:\local\Temp\zipdeploy\extracted\Azure.Storage.Blobs.dll ..." date="2025-12-14T11:01:12.168" /><!-- duration: 16ms -->
        <step title="Omitting extracting file traces ..." date="2025-12-14T11:01:12.184" /><!-- duration: 16ms -->
      </step><!-- duration: 531ms -->
    </step><!-- duration: 578ms -->
    <step title="Before sending BuildRequestReceived status to /api/updatedeploystatus" date="2025-12-14T11:01:12.652" /><!-- duration: 0ms -->
    <step title="DeploymentManager.Deploy(id:3f6d5c8bcdfe4635b0620b437981d6dd)" date="2025-12-14T11:01:12.668" >
      <step title="Collecting changeset information" date="2025-12-14T11:01:12.668" /><!-- duration: 47ms -->
      <step title="Updating submodules" date="2025-12-14T11:01:12.715" >
        <step title="Updating submodules." date="2025-12-14T11:01:12.746" /><!-- duration: 16ms -->
      </step><!-- duration: 47ms -->
      <step title="Preparing deployment for commit id &apos;3f6d5c8bcd&apos;." date="2025-12-14T11:01:12.793" /><!-- duration: 16ms -->
      <step title="Determining deployment builder" date="2025-12-14T11:01:12.840" >
        <step title="Builder is OneDeployBuilder" date="2025-12-14T11:01:12.856" /><!-- duration: 0ms -->
      </step><!-- duration: 16ms -->
      <step title="Copying SSH keys" date="2025-12-14T11:01:12.871" /><!-- duration: 0ms -->
      <step title="Building" date="2025-12-14T11:01:12.887" >
        <step title="Running build. Project type: OneDeploy" date="2025-12-14T11:01:12.918" /><!-- duration: 0ms -->
        <step title="Copying the manifest" date="2025-12-14T11:01:12.949" /><!-- duration: 0ms -->
        <step title="Clean deploying to C:\home\site\wwwroot" date="2025-12-14T11:01:12.996" /><!-- duration: 16ms -->
        <step title="Generating deployment script." date="2025-12-14T11:01:13.043" /><!-- duration: 0ms -->
        <step title="Generating deployment script" date="2025-12-14T11:01:13.059" >
          <step title="Using cached version of the deployment script for command: -y --no-dot-deployment -r &quot;C:\local\Temp\zipdeploy\extracted&quot; -o &quot;C:\home\site\deployments\tools&quot; --basic --sitePath &quot;C:\local\Temp\zipdeploy\extracted&quot;" date="2025-12-14T11:01:13.074" /><!-- duration: 0ms -->
          <step title="Using cached version of deployment script (command: &apos;azure -y --no-dot-deployment -r &quot;C:\local\Temp\zipdeploy\extracted&quot; -o &quot;C:\home\site\deployments\tools&quot; --basic --sitePath &quot;C:\local\Temp\zipdeploy\extracted&quot;&apos;)." date="2025-12-14T11:01:13.090" /><!-- duration: 16ms -->
        </step><!-- duration: 47ms -->
        <step title="Running deployment command..." date="2025-12-14T11:01:13.137" /><!-- duration: 0ms -->
        <step title="Command: &quot;C:\home\site\deployments\tools\deploy.cmd&quot;" date="2025-12-14T11:01:13.152" /><!-- duration: 0ms -->
        <step title="Executing external process" date="2025-12-14T11:01:13.168" type="process" path="starter.cmd" arguments="&quot;C:\home\site\deployments\tools\deploy.cmd&quot;" >
          <step title="Handling Basic Web Site deployment." date="2025-12-14T11:01:13.309" /><!-- duration: 0ms -->
          <step title="Creating app_offline.htm" date="2025-12-14T11:01:13.902" /><!-- duration: 0ms -->
          <step title="KuduSync.NET from: &apos;C:\local\Temp\zipdeploy\extracted&apos; to: &apos;C:\home\site\wwwroot&apos;" date="2025-12-14T11:01:13.934" /><!-- duration: 0ms -->
          <step title="Deleting file: &apos;logs\app-20251214.log&apos;" date="2025-12-14T11:01:13.949" /><!-- duration: 0ms -->
          <step title="Deleting file: &apos;logs\stdout_20251214094732_4908.log&apos;" date="2025-12-14T11:01:13.949" /><!-- duration: 16ms -->
          <step title="Deleting file: &apos;logs\stdout_20251214103914_17192.log&apos;" date="2025-12-14T11:01:13.965" /><!-- duration: 0ms -->
          <step title="Deleting directory: &apos;logs&apos;" date="2025-12-14T11:01:13.981" /><!-- duration: 0ms -->
          <step title="Copying file: &apos;appsettings.json&apos;" date="2025-12-14T11:01:13.996" /><!-- duration: 0ms -->
          <step title="Copying file: &apos;appsettings.template.json&apos;" date="2025-12-14T11:01:14.012" /><!-- duration: 0ms -->
          <step title="Copying file: &apos;Azure.Core.dll&apos;" date="2025-12-14T11:01:14.027" /><!-- duration: 0ms -->
          <step title="Copying file: &apos;Azure.Identity.dll&apos;" date="2025-12-14T11:01:14.027" /><!-- duration: 16ms -->
          <step title="Copying file: &apos;Azure.Storage.Blobs.dll&apos;" date="2025-12-14T11:01:14.043" /><!-- duration: 16ms -->
          <step title="Copying file: &apos;Azure.Storage.Common.dll&apos;" date="2025-12-14T11:01:14.059" /><!-- duration: 0ms -->
          <step title="Copying file: &apos;Azure.Storage.Queues.dll&apos;" date="2025-12-14T11:01:14.074" /><!-- duration: 0ms -->
          <step title="Copying file: &apos;Google.Api.CommonProtos.dll&apos;" date="2025-12-14T11:01:14.090" /><!-- duration: 0ms -->
          <step title="Copying file: &apos;Google.Api.Gax.dll&apos;" date="2025-12-14T11:01:14.106" /><!-- duration: 0ms -->
          <step title="Copying file: &apos;Google.Api.Gax.Grpc.dll&apos;" date="2025-12-14T11:01:14.106" /><!-- duration: 16ms -->
          <step title="Copying file: &apos;Google.Apis.Auth.dll&apos;" date="2025-12-14T11:01:14.121" /><!-- duration: 16ms -->
          <step title="Copying file: &apos;Google.Apis.Core.dll&apos;" date="2025-12-14T11:01:14.137" /><!-- duration: 0ms -->
          <step title="Copying file: &apos;Google.Apis.dll&apos;" date="2025-12-14T11:01:14.153" /><!-- duration: 0ms -->
          <step title="Copying file: &apos;Google.Cloud.Vision.V1.dll&apos;" date="2025-12-14T11:01:14.168" /><!-- duration: 0ms -->
          <step title="Copying file: &apos;Google.LongRunning.dll&apos;" date="2025-12-14T11:01:14.184" /><!-- duration: 0ms -->
          <step title="Copying file: &apos;Google.Protobuf.dll&apos;" date="2025-12-14T11:01:14.199" /><!-- duration: 0ms -->
          <step title="Copying file: &apos;Grpc.Auth.dll&apos;" date="2025-12-14T11:01:14.199" /><!-- duration: 16ms -->
          <step title="Copying file: &apos;Grpc.Core.Api.dll&apos;" date="2025-12-14T11:01:14.215" /><!-- duration: 16ms -->
          <step title="Copying file: &apos;Grpc.Net.Client.dll&apos;" date="2025-12-14T11:01:14.231" /><!-- duration: 16ms -->
          <step title="Copying file: &apos;Grpc.Net.Common.dll&apos;" date="2025-12-14T11:01:14.246" /><!-- duration: 16ms -->
          <step title="Copying file: &apos;Microsoft.AspNetCore.Authentication.JwtBearer.dll&apos;" date="2025-12-14T11:01:14.277" /><!-- duration: 0ms -->
          <step title="Copying file: &apos;Microsoft.AspNetCore.OpenApi.dll&apos;" date="2025-12-14T11:01:14.277" /><!-- duration: 16ms -->
          <step title="Copying file: &apos;Microsoft.Bcl.AsyncInterfaces.dll&apos;" date="2025-12-14T11:01:14.293" /><!-- duration: 0ms -->
          <step title="Copying file: &apos;Microsoft.Data.SqlClient.dll&apos;" date="2025-12-14T11:01:14.309" /><!-- duration: 0ms -->
          <step title="Copying file: &apos;Microsoft.EntityFrameworkCore.Abstractions.dll&apos;" date="2025-12-14T11:01:14.309" /><!-- duration: 16ms -->
          <step title="Copying file: &apos;Microsoft.EntityFrameworkCore.dll&apos;" date="2025-12-14T11:01:14.324" /><!-- duration: 0ms -->
          <step title="Copying file: &apos;Microsoft.EntityFrameworkCore.InMemory.dll&apos;" date="2025-12-14T11:01:14.356" /><!-- duration: 0ms -->
          <step title="Copying file: &apos;Microsoft.EntityFrameworkCore.Relational.dll&apos;" date="2025-12-14T11:01:14.356" /><!-- duration: 16ms -->
          <step title="Copying file: &apos;Microsoft.EntityFrameworkCore.SqlServer.dll&apos;" date="2025-12-14T11:01:14.371" /><!-- duration: 0ms -->
          <step title="Copying file: &apos;Microsoft.Extensions.Caching.Memory.dll&apos;" date="2025-12-14T11:01:14.387" /><!-- duration: 0ms -->
          <step title="Copying file: &apos;Microsoft.Extensions.DependencyInjection.Abstractions.dll&apos;" date="2025-12-14T11:01:14.403" /><!-- duration: 0ms -->
          <step title="Copying file: &apos;Microsoft.Extensions.DependencyInjection.dll&apos;" date="2025-12-14T11:01:14.403" /><!-- duration: 16ms -->
          <step title="Copying file: &apos;Microsoft.Extensions.DependencyModel.dll&apos;" date="2025-12-14T11:01:14.418" /><!-- duration: 0ms -->
          <step title="Copying file: &apos;Microsoft.Extensions.Logging.Abstractions.dll&apos;" date="2025-12-14T11:01:14.434" /><!-- duration: 0ms -->
          <step title="Copying file: &apos;Microsoft.Extensions.Logging.dll&apos;" date="2025-12-14T11:01:14.449" /><!-- duration: 0ms -->
          <step title="Copying file: &apos;Microsoft.Extensions.Options.dll&apos;" date="2025-12-14T11:01:14.465" /><!-- duration: 0ms -->
          <step title="Copying file: &apos;Microsoft.Identity.Client.dll&apos;" date="2025-12-14T11:01:14.481" /><!-- duration: 0ms -->
          <step title="Copying file: &apos;Microsoft.Identity.Client.Extensions.Msal.dll&apos;" date="2025-12-14T11:01:14.496" /><!-- duration: 0ms -->
          <step title="Copying file: &apos;Microsoft.IdentityModel.Abstractions.dll&apos;" date="2025-12-14T11:01:14.496" /><!-- duration: 16ms -->
          <step title="Copying file: &apos;Microsoft.IdentityModel.JsonWebTokens.dll&apos;" date="2025-12-14T11:01:14.512" /><!-- duration: 0ms -->
          <step title="Copying file: &apos;Microsoft.IdentityModel.Logging.dll&apos;" date="2025-12-14T11:01:14.528" /><!-- duration: 0ms -->
          <step title="Copying file: &apos;Microsoft.IdentityModel.Protocols.dll&apos;" date="2025-12-14T11:01:14.543" /><!-- duration: 0ms -->
          <step title="Copying file: &apos;Microsoft.IdentityModel.Protocols.OpenIdConnect.dll&apos;" date="2025-12-14T11:01:14.543" /><!-- duration: 16ms -->
          <step title="Copying file: &apos;Microsoft.IdentityModel.Tokens.dll&apos;" date="2025-12-14T11:01:14.559" /><!-- duration: 0ms -->
          <step title="Omitting next output lines..." date="2025-12-14T11:01:14.574" /><!-- duration: 16ms -->
          <step title="Finished successfully." date="2025-12-14T11:01:16.324" /><!-- duration: 16ms -->
        </step><!-- duration: 3172ms -->
        <step title="Build completed succesfully." date="2025-12-14T11:01:16.387" /><!-- duration: 0ms -->
        <step title="Running post deployment command(s)..." date="2025-12-14T11:01:16.418" /><!-- duration: 0ms -->
        <step title="Requesting site restart" date="2025-12-14T11:01:16.496" /><!-- duration: 0ms -->
        <step title="Requesting site restart" date="2025-12-14T11:01:16.512" /><!-- duration: 0ms -->
        <step title="Requesting site restart. Attempt #1" date="2025-12-14T11:01:16.543" /><!-- duration: 16ms -->
        <step title="Requesting site restart. Attempt #1" date="2025-12-14T11:01:16.574" /><!-- duration: 0ms -->
        <step title="Successfully requested a restart. Attempt #1" date="2025-12-14T11:01:16.903" /><!-- duration: 0ms -->
        <step title="Successfully requested a restart. Attempt #1" date="2025-12-14T11:01:16.918" /><!-- duration: 0ms -->
        <step title="Deployment successful. DEPLOYMENTINFO: deploymentPath = OneDeploy, deployer = OneDeploy, os = windows, sku = Free, siteName = smartstudy-api, siteHostName = smartstudy-api-athtbtapcvdjesbe.centralindia-01.azurewebsites.net, deploymentStatus = Success" date="2025-12-14T11:01:16.949" /><!-- duration: 0ms -->
        <step title="Purge deployment items" date="2025-12-14T11:01:17.043" >
          <step title="Remove 8b1e63157, Success, received at 12/13/2025 11:04:08 AM" date="2025-12-14T11:01:17.137" /><!-- duration: 0ms -->
        </step><!-- duration: 94ms -->
      </step><!-- duration: 4266ms -->
    </step><!-- duration: 4500ms -->
    <step title="Cleaning up temp files" date="2025-12-14T11:01:17.168" /><!-- duration: 0ms -->
    <step title="Skip function trigger and logicapp sync because function is not enabled." date="2025-12-14T11:01:17.184" /><!-- duration: 0ms -->
  </step><!-- duration: 5250ms -->
  <step title="LockFile &apos;C:\home\site\locks\deployments.lock&apos; released" date="2025-12-14T11:01:17.231" /><!-- duration: 0ms -->
  <step title="Deleting shutdown sentinel file" date="2025-12-14T11:01:17.246" SemaphoreCount="8" /><!-- duration: 0ms -->
</step><!-- duration: 5328ms -->
