<step title="Incoming Request" date="2025-12-14T15:07:35.253" instance="22a7da" url="/api/publish?async=true&amp;deployer=GITHUB_ONE_DEPLOY&amp;type=zip&amp;message=%7B%22type%22%3A%22deployment%22%2C%22sha%22%3A%228386c76c555ef22917dae258ad540f43000fa3a8%22%2C%22repoName%22%3A%22sadabyakod%2Fschool-ai-chatbot%22%2C%22actor%22%3A%22sadabyakod%22%2C%22slotName%22%3A%22Production%22%2C%22commitMessage%22%3A%22Remove%20%27topic%20not%20in%20syllabus%27%20disclaimer%20from%20AI%20responses%22%7D" method="POST" type="request" pid="2308,2,8" Transfer-Encoding="chunked" Content-Type="application/octet-stream" Authorization="Bea..." Cookie="ARRAffinity=22a7daa836b64a8ce56c907737553d08297ff2e76cd06a1f52c29956b9a85c17;Path=/;HttpOnly;Secure;Domain=smartstudy-api-athtbtapcvdjesbe.scm.centralindia-01.azurewebsites.net; ARRAffinitySameSite=22a7daa836b64a8ce56c907737553d08297ff2e76cd06a1f52c29956b9a85c17;Path=/;HttpOnly;SameSite=None;Secure;Domain=smartstudy-api-athtbtapcvdjesbe.scm.centralindia-01.azurewebsites.net" Host="smartstudy-api-athtbtapcvdjesbe.scm.centralindia-01.azurewebsites.net" User-Agent="GITHUBACTIONS_DeployWebAppToAzure_b38e683445ac2cccfa8cd358babf8f5a5158c9572d0969b43cb3c24e61907cfe" X-ARR-LOG-ID="2b966cf3-a988-4392-95ed-129e4c112308" CLIENT-IP="68.154.116.66:29712" X-SITE-DEPLOYMENT-ID="smartstudy-api" WAS-DEFAULT-HOSTNAME="smartstudy-api-athtbtapcvdjesbe.scm.centralindia-01.azurewebsites.net" X-Forwarded-Proto="https" X-AppService-Proto="https" X-Forwarded-TlsVersion="1.3" X-WAWS-Unencoded-URL="/api/publish?async=true&amp;deployer=GITHUB_ONE_DEPLOY&amp;type=zip&amp;message=%7B%22type%22%3A%22deployment%22%2C%22sha%22%3A%228386c76c555ef22917dae258ad540f43000fa3a8%22%2C%22repoName%22%3A%22sadabyakod%2Fschool-ai-chatbot%22%2C%22actor%22%3A%22sadabyakod%22%2C%22slotName%22%3A%22Production%22%2C%22commitMessage%22%3A%22Remove%20%27topic%20not%20in%20syllabus%27%20disclaimer%20from%20AI%20responses%22%7D" >
  <step title="OneDeploy" date="2025-12-14T15:07:35.675" >
    <step title="Starting PushDeployAsync" date="2025-12-14T15:07:35.706" /><!-- duration: 16ms -->
    <step title="Updating shutdown sentinel last write time" date="2025-12-14T15:07:35.737" SemaphoreCount="7" /><!-- duration: 0ms -->
    <step title="LockFile &apos;C:\home\site\locks\deployments.lock&apos; acquired" date="2025-12-14T15:07:35.737" /><!-- duration: 0ms -->
    <step title="Saving request content to C:\local\Temp\zipdeploy\eis4uu15.zip" date="2025-12-14T15:07:35.753" >
      <step title="Total 13,796,131 bytes written to C:\local\Temp\zipdeploy\eis4uu15.zip" date="2025-12-14T15:07:38.441" /><!-- duration: 0ms -->
    </step><!-- duration: 2688ms -->
    <step title="LockFile &apos;C:\home\site\locks\deployments.lock&apos; released" date="2025-12-14T15:07:38.456" /><!-- duration: 0ms -->
    <step title="Deleting shutdown sentinel file" date="2025-12-14T15:07:38.472" SemaphoreCount="8" /><!-- duration: 0ms -->
    <step title="Starting FetchDeploy" date="2025-12-14T15:07:38.472" /><!-- duration: 16ms -->
    <step title="Start deployment in the background" date="2025-12-14T15:07:38.487" /><!-- duration: 78ms -->
  </step><!-- duration: 2891ms -->
  <step title="Outgoing response" date="2025-12-14T15:07:38.581" type="response" statusCode="202" statusText="Accepted" Server="Microsoft-IIS/10.0" x-ms-request-id="2b966cf3-a988-4392-95ed-129e4c112308" Retry-After="30" Cache-Control="private" X-AspNet-Version="4.0.30319" Location="https://smartstudy-api-athtbtapcvdjesbe.scm.centralindia-01.azurewebsites.net/api/deployments/latest?deployer=OneDeploy&amp;time=2025-12-14_15-07-38Z" /><!-- duration: 0ms -->
</step><!-- duration: 3328ms -->
