<step title="BackgroundTrace" date="2025-12-14T12:10:53.535" instance="22a7da" url="/api/publish" method="POST" >
  <step title="Updating shutdown sentinel last write time" date="2025-12-14T12:10:53.550" SemaphoreCount="7" /><!-- duration: 0ms -->
  <step title="LockFile &apos;C:\home\site\locks\deployments.lock&apos; acquired" date="2025-12-14T12:10:53.550" /><!-- duration: 16ms -->
  <step title="Creating temporary deployment" date="2025-12-14T12:10:53.582" /><!-- duration: 63ms -->
  <step title="Performing fetch based deployment" date="2025-12-14T12:10:53.660" >
    <step title="Fetching changes." date="2025-12-14T12:10:53.722" /><!-- duration: 16ms -->
    <step title="Starting LocalZipHandler" date="2025-12-14T12:10:53.738" /><!-- duration: 0ms -->
    <step title="Cleaning up temp folders from previous zip deployments and extracting pushed zip file C:\local\Temp\zipdeploy\pvaryeej.zip (13.16 MB) to C:\local\Temp\zipdeploy\extracted" date="2025-12-14T12:10:53.769" /><!-- duration: 0ms -->
    <step title="Cleaning up temp folders from previous zip deployments and extracting pushed zip file C:\local\Temp\zipdeploy\pvaryeej.zip (13.16 MB) to C:\local\Temp\zipdeploy\extracted" date="2025-12-14T12:10:53.785" >
      <step title="Extracting 115 entries to C:\local\Temp\zipdeploy\extracted directory" date="2025-12-14T12:10:53.800" >
        <step title="Extracting to C:\local\Temp\zipdeploy\extracted\appsettings.json ..." date="2025-12-14T12:10:53.800" /><!-- duration: 16ms -->
        <step title="Extracting to C:\local\Temp\zipdeploy\extracted\appsettings.template.json ..." date="2025-12-14T12:10:53.832" /><!-- duration: 0ms -->
        <step title="Extracting to C:\local\Temp\zipdeploy\extracted\Azure.Core.dll ..." date="2025-12-14T12:10:53.832" /><!-- duration: 16ms -->
        <step title="Extracting to C:\local\Temp\zipdeploy\extracted\Azure.Identity.dll ..." date="2025-12-14T12:10:53.847" /><!-- duration: 16ms -->
        <step title="Extracting to C:\local\Temp\zipdeploy\extracted\Azure.Storage.Blobs.dll ..." date="2025-12-14T12:10:53.863" /><!-- duration: 16ms -->
        <step title="Omitting extracting file traces ..." date="2025-12-14T12:10:53.879" /><!-- duration: 16ms -->
      </step><!-- duration: 547ms -->
    </step><!-- duration: 563ms -->
    <step title="Before sending BuildRequestReceived status to /api/updatedeploystatus" date="2025-12-14T12:10:54.347" /><!-- duration: 16ms -->
    <step title="DeploymentManager.Deploy(id:12201018e58c41128f17f6766aa13f24)" date="2025-12-14T12:10:54.363" >
      <step title="Collecting changeset information" date="2025-12-14T12:10:54.379" /><!-- duration: 31ms -->
      <step title="Updating submodules" date="2025-12-14T12:10:54.410" >
        <step title="Updating submodules." date="2025-12-14T12:10:54.441" /><!-- duration: 0ms -->
      </step><!-- duration: 47ms -->
      <step title="Preparing deployment for commit id &apos;12201018e5&apos;." date="2025-12-14T12:10:54.504" /><!-- duration: 0ms -->
      <step title="Determining deployment builder" date="2025-12-14T12:10:54.535" >
        <step title="Builder is OneDeployBuilder" date="2025-12-14T12:10:54.535" /><!-- duration: 16ms -->
      </step><!-- duration: 16ms -->
      <step title="Copying SSH keys" date="2025-12-14T12:10:54.566" /><!-- duration: 16ms -->
      <step title="Building" date="2025-12-14T12:10:54.582" >
        <step title="Running build. Project type: OneDeploy" date="2025-12-14T12:10:54.613" /><!-- duration: 16ms -->
        <step title="Copying the manifest" date="2025-12-14T12:10:54.660" /><!-- duration: 0ms -->
        <step title="Clean deploying to C:\home\site\wwwroot" date="2025-12-14T12:10:54.707" /><!-- duration: 0ms -->
        <step title="Generating deployment script." date="2025-12-14T12:10:54.738" /><!-- duration: 16ms -->
        <step title="Generating deployment script" date="2025-12-14T12:10:54.754" >
          <step title="Using cached version of the deployment script for command: -y --no-dot-deployment -r &quot;C:\local\Temp\zipdeploy\extracted&quot; -o &quot;C:\home\site\deployments\tools&quot; --basic --sitePath &quot;C:\local\Temp\zipdeploy\extracted&quot;" date="2025-12-14T12:10:54.769" /><!-- duration: 0ms -->
          <step title="Using cached version of deployment script (command: &apos;azure -y --no-dot-deployment -r &quot;C:\local\Temp\zipdeploy\extracted&quot; -o &quot;C:\home\site\deployments\tools&quot; --basic --sitePath &quot;C:\local\Temp\zipdeploy\extracted&quot;&apos;)." date="2025-12-14T12:10:54.785" /><!-- duration: 16ms -->
        </step><!-- duration: 47ms -->
        <step title="Running deployment command..." date="2025-12-14T12:10:54.832" /><!-- duration: 16ms -->
        <step title="Command: &quot;C:\home\site\deployments\tools\deploy.cmd&quot;" date="2025-12-14T12:10:54.847" /><!-- duration: 0ms -->
        <step title="Executing external process" date="2025-12-14T12:10:54.863" type="process" path="starter.cmd" arguments="&quot;C:\home\site\deployments\tools\deploy.cmd&quot;" >
          <step title="Handling Basic Web Site deployment." date="2025-12-14T12:10:54.988" /><!-- duration: 0ms -->
          <step title="Creating app_offline.htm" date="2025-12-14T12:10:55.519" /><!-- duration: 0ms -->
          <step title="KuduSync.NET from: &apos;C:\local\Temp\zipdeploy\extracted&apos; to: &apos;C:\home\site\wwwroot&apos;" date="2025-12-14T12:10:55.535" /><!-- duration: 0ms -->
          <step title="Deleting file: &apos;logs\app-20251214.log&apos;" date="2025-12-14T12:10:55.551" /><!-- duration: 0ms -->
          <step title="Deleting file: &apos;logs\stdout_20251214110827_13880.log&apos;" date="2025-12-14T12:10:55.566" /><!-- duration: 0ms -->
          <step title="Deleting file: &apos;logs\stdout_20251214111952_9536.log&apos;" date="2025-12-14T12:10:55.582" /><!-- duration: 0ms -->
          <step title="Deleting file: &apos;logs\stdout_20251214120047_17744.log&apos;" date="2025-12-14T12:10:55.582" /><!-- duration: 16ms -->
          <step title="Deleting directory: &apos;logs&apos;" date="2025-12-14T12:10:55.597" /><!-- duration: 0ms -->
          <step title="Copying file: &apos;appsettings.json&apos;" date="2025-12-14T12:10:55.613" /><!-- duration: 0ms -->
          <step title="Copying file: &apos;appsettings.template.json&apos;" date="2025-12-14T12:10:55.629" /><!-- duration: 0ms -->
          <step title="Copying file: &apos;Azure.Core.dll&apos;" date="2025-12-14T12:10:55.644" /><!-- duration: 0ms -->
          <step title="Copying file: &apos;Azure.Identity.dll&apos;" date="2025-12-14T12:10:55.660" /><!-- duration: 0ms -->
          <step title="Copying file: &apos;Azure.Storage.Blobs.dll&apos;" date="2025-12-14T12:10:55.676" /><!-- duration: 0ms -->
          <step title="Copying file: &apos;Azure.Storage.Common.dll&apos;" date="2025-12-14T12:10:55.691" /><!-- duration: 0ms -->
          <step title="Copying file: &apos;Azure.Storage.Queues.dll&apos;" date="2025-12-14T12:10:55.707" /><!-- duration: 0ms -->
          <step title="Copying file: &apos;Google.Api.CommonProtos.dll&apos;" date="2025-12-14T12:10:55.707" /><!-- duration: 0ms -->
          <step title="Copying file: &apos;Google.Api.Gax.dll&apos;" date="2025-12-14T12:10:55.722" /><!-- duration: 0ms -->
          <step title="Copying file: &apos;Google.Api.Gax.Grpc.dll&apos;" date="2025-12-14T12:10:55.738" /><!-- duration: 0ms -->
          <step title="Copying file: &apos;Google.Apis.Auth.dll&apos;" date="2025-12-14T12:10:55.754" /><!-- duration: 0ms -->
          <step title="Copying file: &apos;Google.Apis.Core.dll&apos;" date="2025-12-14T12:10:55.754" /><!-- duration: 16ms -->
          <step title="Copying file: &apos;Google.Apis.dll&apos;" date="2025-12-14T12:10:55.769" /><!-- duration: 0ms -->
          <step title="Copying file: &apos;Google.Cloud.Vision.V1.dll&apos;" date="2025-12-14T12:10:55.785" /><!-- duration: 0ms -->
          <step title="Copying file: &apos;Google.LongRunning.dll&apos;" date="2025-12-14T12:10:55.801" /><!-- duration: 0ms -->
          <step title="Copying file: &apos;Google.Protobuf.dll&apos;" date="2025-12-14T12:10:55.816" /><!-- duration: 0ms -->
          <step title="Copying file: &apos;Grpc.Auth.dll&apos;" date="2025-12-14T12:10:55.816" /><!-- duration: 16ms -->
          <step title="Copying file: &apos;Grpc.Core.Api.dll&apos;" date="2025-12-14T12:10:55.832" /><!-- duration: 16ms -->
          <step title="Copying file: &apos;Grpc.Net.Client.dll&apos;" date="2025-12-14T12:10:55.847" /><!-- duration: 0ms -->
          <step title="Copying file: &apos;Grpc.Net.Common.dll&apos;" date="2025-12-14T12:10:55.863" /><!-- duration: 0ms -->
          <step title="Copying file: &apos;Microsoft.AspNetCore.Authentication.JwtBearer.dll&apos;" date="2025-12-14T12:10:55.879" /><!-- duration: 0ms -->
          <step title="Copying file: &apos;Microsoft.AspNetCore.OpenApi.dll&apos;" date="2025-12-14T12:10:55.894" /><!-- duration: 0ms -->
          <step title="Copying file: &apos;Microsoft.Bcl.AsyncInterfaces.dll&apos;" date="2025-12-14T12:10:55.894" /><!-- duration: 16ms -->
          <step title="Copying file: &apos;Microsoft.Data.SqlClient.dll&apos;" date="2025-12-14T12:10:55.910" /><!-- duration: 16ms -->
          <step title="Copying file: &apos;Microsoft.EntityFrameworkCore.Abstractions.dll&apos;" date="2025-12-14T12:10:55.926" /><!-- duration: 0ms -->
          <step title="Copying file: &apos;Microsoft.EntityFrameworkCore.dll&apos;" date="2025-12-14T12:10:55.941" /><!-- duration: 0ms -->
          <step title="Copying file: &apos;Microsoft.EntityFrameworkCore.InMemory.dll&apos;" date="2025-12-14T12:10:55.941" /><!-- duration: 16ms -->
          <step title="Copying file: &apos;Microsoft.EntityFrameworkCore.Relational.dll&apos;" date="2025-12-14T12:10:55.957" /><!-- duration: 0ms -->
          <step title="Copying file: &apos;Microsoft.EntityFrameworkCore.SqlServer.dll&apos;" date="2025-12-14T12:10:55.972" /><!-- duration: 0ms -->
          <step title="Copying file: &apos;Microsoft.Extensions.Caching.Memory.dll&apos;" date="2025-12-14T12:10:55.988" /><!-- duration: 16ms -->
          <step title="Copying file: &apos;Microsoft.Extensions.DependencyInjection.Abstractions.dll&apos;" date="2025-12-14T12:10:56.004" /><!-- duration: 0ms -->
          <step title="Copying file: &apos;Microsoft.Extensions.DependencyInjection.dll&apos;" date="2025-12-14T12:10:56.019" /><!-- duration: 0ms -->
          <step title="Copying file: &apos;Microsoft.Extensions.DependencyModel.dll&apos;" date="2025-12-14T12:10:56.035" /><!-- duration: 0ms -->
          <step title="Copying file: &apos;Microsoft.Extensions.Logging.Abstractions.dll&apos;" date="2025-12-14T12:10:56.051" /><!-- duration: 0ms -->
          <step title="Copying file: &apos;Microsoft.Extensions.Logging.dll&apos;" date="2025-12-14T12:10:56.051" /><!-- duration: 16ms -->
          <step title="Copying file: &apos;Microsoft.Extensions.Options.dll&apos;" date="2025-12-14T12:10:56.066" /><!-- duration: 0ms -->
          <step title="Copying file: &apos;Microsoft.Identity.Client.dll&apos;" date="2025-12-14T12:10:56.082" /><!-- duration: 0ms -->
          <step title="Copying file: &apos;Microsoft.Identity.Client.Extensions.Msal.dll&apos;" date="2025-12-14T12:10:56.097" /><!-- duration: 0ms -->
          <step title="Copying file: &apos;Microsoft.IdentityModel.Abstractions.dll&apos;" date="2025-12-14T12:10:56.097" /><!-- duration: 16ms -->
          <step title="Copying file: &apos;Microsoft.IdentityModel.JsonWebTokens.dll&apos;" date="2025-12-14T12:10:56.113" /><!-- duration: 16ms -->
          <step title="Copying file: &apos;Microsoft.IdentityModel.Logging.dll&apos;" date="2025-12-14T12:10:56.129" /><!-- duration: 0ms -->
          <step title="Copying file: &apos;Microsoft.IdentityModel.Protocols.dll&apos;" date="2025-12-14T12:10:56.144" /><!-- duration: 0ms -->
          <step title="Copying file: &apos;Microsoft.IdentityModel.Protocols.OpenIdConnect.dll&apos;" date="2025-12-14T12:10:56.160" /><!-- duration: 0ms -->
          <step title="Omitting next output lines..." date="2025-12-14T12:10:56.160" /><!-- duration: 16ms -->
          <step title="Finished successfully." date="2025-12-14T12:10:58.056" /><!-- duration: 16ms -->
        </step><!-- duration: 3208ms -->
        <step title="Build completed succesfully." date="2025-12-14T12:10:58.102" /><!-- duration: 16ms -->
        <step title="Running post deployment command(s)..." date="2025-12-14T12:10:58.149" /><!-- duration: 0ms -->
        <step title="Requesting site restart" date="2025-12-14T12:10:58.196" /><!-- duration: 0ms -->
        <step title="Requesting site restart" date="2025-12-14T12:10:58.196" /><!-- duration: 0ms -->
        <step title="Requesting site restart. Attempt #1" date="2025-12-14T12:10:58.243" /><!-- duration: 0ms -->
        <step title="Requesting site restart. Attempt #1" date="2025-12-14T12:10:58.243" /><!-- duration: 16ms -->
        <step title="Successfully requested a restart. Attempt #1" date="2025-12-14T12:10:58.556" /><!-- duration: 16ms -->
        <step title="Successfully requested a restart. Attempt #1" date="2025-12-14T12:10:58.571" /><!-- duration: 0ms -->
        <step title="Deployment successful. DEPLOYMENTINFO: deploymentPath = OneDeploy, deployer = OneDeploy, os = windows, sku = Free, siteName = smartstudy-api, siteHostName = smartstudy-api-athtbtapcvdjesbe.centralindia-01.azurewebsites.net, deploymentStatus = Success" date="2025-12-14T12:10:58.618" /><!-- duration: 0ms -->
        <step title="Purge deployment items" date="2025-12-14T12:10:58.696" >
          <step title="Remove 623cfc6c6, Success, received at 12/13/2025 3:42:23 PM" date="2025-12-14T12:10:58.774" /><!-- duration: 0ms -->
        </step><!-- duration: 94ms -->
      </step><!-- duration: 4224ms -->
    </step><!-- duration: 4443ms -->
    <step title="Cleaning up temp files" date="2025-12-14T12:10:58.806" /><!-- duration: 16ms -->
    <step title="Skip function trigger and logicapp sync because function is not enabled." date="2025-12-14T12:10:58.821" /><!-- duration: 16ms -->
  </step><!-- duration: 5208ms -->
  <step title="LockFile &apos;C:\home\site\locks\deployments.lock&apos; released" date="2025-12-14T12:10:58.884" /><!-- duration: 0ms -->
  <step title="Deleting shutdown sentinel file" date="2025-12-14T12:10:58.884" SemaphoreCount="8" /><!-- duration: 0ms -->
</step><!-- duration: 5364ms -->
