﻿<?xml version="1.0" encoding="utf-8"?>
<deployment>
  <id>c506cf4b5acf4e0ea7a675c7cb68309a</id>
  <author>N/A</author>
  <deployer>OneDeploy</deployer>
  <authorEmail>N/A</authorEmail>
  <message>OneDeploy</message>
  <progress></progress>
  <status>Success</status>
  <statusText></statusText>
  <lastSuccessEndTime>2025-12-18T13:17:59.8814407Z</lastSuccessEndTime>
  <receivedTime>2025-12-18T13:17:55.0687736Z</receivedTime>
  <startTime>2025-12-18T13:17:55.1937789Z</startTime>
  <endTime>2025-12-18T13:17:59.8814407Z</endTime>
  <complete>True</complete>
  <is_temp>False</is_temp>
  <is_readonly>True</is_readonly>
  <project_type>OneDeploy</project_type>
  <vsproject_id></vsproject_id>
</deployment>