﻿<?xml version="1.0" encoding="utf-8"?>
<deployment>
  <id>a2347e8b1c6a4e3985e17b358e1f8755</id>
  <author>N/A</author>
  <deployer>OneDeploy</deployer>
  <authorEmail>N/A</authorEmail>
  <message>OneDeploy</message>
  <progress></progress>
  <status>Success</status>
  <statusText></statusText>
  <lastSuccessEndTime>2025-12-14T11:19:18.4562203Z</lastSuccessEndTime>
  <receivedTime>2025-12-14T11:19:14.8466625Z</receivedTime>
  <startTime>2025-12-14T11:19:15.0185434Z</startTime>
  <endTime>2025-12-14T11:19:18.4562203Z</endTime>
  <complete>True</complete>
  <is_temp>False</is_temp>
  <is_readonly>True</is_readonly>
  <project_type>OneDeploy</project_type>
  <vsproject_id></vsproject_id>
</deployment>