﻿<?xml version="1.0" encoding="utf-8"?>
<deployment>
  <id>19a878d3b3f14cd4a37bfb8f9baf5a9e</id>
  <author>N/A</author>
  <deployer>OneDeploy</deployer>
  <authorEmail>N/A</authorEmail>
  <message>OneDeploy</message>
  <progress></progress>
  <status>Success</status>
  <statusText></statusText>
  <lastSuccessEndTime>2025-12-17T18:22:48.2215764Z</lastSuccessEndTime>
  <receivedTime>2025-12-17T18:22:43.4401483Z</receivedTime>
  <startTime>2025-12-17T18:22:43.580784Z</startTime>
  <endTime>2025-12-17T18:22:48.2215764Z</endTime>
  <complete>True</complete>
  <is_temp>False</is_temp>
  <is_readonly>True</is_readonly>
  <project_type>OneDeploy</project_type>
  <vsproject_id></vsproject_id>
</deployment>