﻿<?xml version="1.0" encoding="utf-8"?>
<deployment>
  <id>ba40fc9e064e4b2a93485784d9db64d5</id>
  <author>N/A</author>
  <deployer>OneDeploy</deployer>
  <authorEmail>N/A</authorEmail>
  <message>OneDeploy</message>
  <progress></progress>
  <status>Success</status>
  <statusText></statusText>
  <lastSuccessEndTime>2025-12-17T21:57:08.0101274Z</lastSuccessEndTime>
  <receivedTime>2025-12-17T21:57:04.1506264Z</receivedTime>
  <startTime>2025-12-17T21:57:04.2912606Z</startTime>
  <endTime>2025-12-17T21:57:08.0101274Z</endTime>
  <complete>True</complete>
  <is_temp>False</is_temp>
  <is_readonly>True</is_readonly>
  <project_type>OneDeploy</project_type>
  <vsproject_id></vsproject_id>
</deployment>