﻿<?xml version="1.0" encoding="utf-8"?>
<deployment>
  <id>994f2e607a944455ab27b89953235cf1</id>
  <author>N/A</author>
  <deployer>OneDeploy</deployer>
  <authorEmail>N/A</authorEmail>
  <message>OneDeploy</message>
  <progress></progress>
  <status>Success</status>
  <statusText></statusText>
  <lastSuccessEndTime>2025-12-19T12:20:17.2035997Z</lastSuccessEndTime>
  <receivedTime>2025-12-19T12:20:13.0939212Z</receivedTime>
  <startTime>2025-12-19T12:20:13.2345332Z</startTime>
  <endTime>2025-12-19T12:20:17.2035997Z</endTime>
  <complete>True</complete>
  <is_temp>False</is_temp>
  <is_readonly>True</is_readonly>
  <project_type>OneDeploy</project_type>
  <vsproject_id></vsproject_id>
</deployment>